Task_Name,Task_ID,Experiment_Name,Experiment_ID,metric_best_validation_accuracy,env_AGGREGATIONS,env_CLASSIFIER,env_CLF_HIDDEN_DIM,env_DROPOUT,env_LEARNING_RATE,env_MAX_FILTER_SIZE,env_NUM_ENCODER_LAYERS,env_NUM_FILTERS,env_SEED,env_THROTTLE,env_VAE_DROPOUT,env_VOCAB_SIZE
training_0,tk_6ydw9n4wdbv5,,ex_siljo8m9smk1,0.8348,"meanpool,maxpool,attention,final_state",lr,64,0,5,5,3,512,2294922667,500,5,30000
training_33,tk_ql484edw2czy,,ex_siljo8m9smk1,0.8196,"final_state,attention,meanpool,maxpool",boe,1024,2,10,10,1,156,2294922667,500,0,30000
training_36,tk_dsjhfkpefu3u,,ex_siljo8m9smk1,0.8354,final_state,lstm,128,0,1,5,1,128,2002861410,500,5,30000
training_8,tk_ig27hiycwitz,,ex_siljo8m9smk1,0.846,maxpool,lstm,128,5,1,5,1,512,2294922667,500,0,30000
training_31,tk_tqpzqumn1rc7,,ex_siljo8m9smk1,0.8412,"attention,meanpool",cnn,512,0,1,7,3,512,1004546748,500,0,30000
training_27,tk_lr9gcz98nbxw,,ex_siljo8m9smk1,0.8436,"final_state,meanpool,maxpool",lstm,512,5,10,10,2,512,2294922667,500,2,30000
training_5,tk_ommp3k8kfl5z,,ex_siljo8m9smk1,0.8376,"attention,maxpool",cnn,128,2,10,7,3,512,2002861410,500,5,30000
training_30,tk_ue0tgl60763g,,ex_siljo8m9smk1,0.8372,"maxpool,meanpool,attention,final_state",cnn,1024,5,5,10,3,128,4076992239,500,0,30000
training_37,tk_ymrm7h2nmxeu,,ex_siljo8m9smk1,0.8414,"final_state,attention",cnn,512,2,5,7,2,128,2002861410,500,2,30000
training_20,tk_0v7blqin4zg3,,ex_siljo8m9smk1,0.8476,"maxpool,meanpool,attention,final_state",lstm,1024,2,1,10,3,512,4076992239,500,5,30000
training_13,tk_c7c5fwlh5g92,,ex_siljo8m9smk1,0.8454,"maxpool,meanpool",cnn,1024,2,10,7,2,128,4076992239,500,2,30000
training_34,tk_iphdvezmz4f6,,ex_siljo8m9smk1,0.7996,maxpool,boe,128,2,1,7,1,512,1004546748,500,0,30000
training_47,tk_6mocov9zyuca,,ex_siljo8m9smk1,0.8274,"maxpool,attention,final_state",lr,64,5,5,5,3,512,2002861410,500,0,30000
training_42,tk_jwao2j5uoe3y,,ex_siljo8m9smk1,0.8464,"attention,meanpool",cnn,1024,5,10,10,2,128,4076992239,500,0,30000
training_48,tk_coa3lqi5c7v5,,ex_siljo8m9smk1,0.8258,maxpool,lr,128,2,10,7,1,128,2002861410,500,2,30000
training_28,tk_s49gecimgha3,,ex_siljo8m9smk1,0.8452,maxpool,lstm,128,2,5,7,1,128,4076992239,500,2,30000
training_39,tk_kpl8mt0113c5,,ex_siljo8m9smk1,0.8498,"attention,maxpool,final_state,meanpool",cnn,1024,2,5,7,1,128,4076992239,500,0,30000
training_3,tk_kv2pqkke8x4m,,ex_siljo8m9smk1,0.8464,meanpool,cnn,64,0,1,5,3,156,1004546748,500,2,30000
training_12,tk_wj173kx3y3aq,,ex_siljo8m9smk1,0.8464,"final_state,maxpool,meanpool",lstm,128,5,10,7,1,512,1004546748,500,2,30000
training_17,tk_z9f0ebq8gr2m,,ex_siljo8m9smk1,0.8424,"attention,maxpool,meanpool",lstm,128,5,5,5,3,128,4076992239,500,2,30000
training_49,tk_oxr5gw2y3mk1,,ex_siljo8m9smk1,0.847,"final_state,attention,meanpool",lstm,512,2,5,10,1,128,1004546748,500,2,30000
training_32,tk_ly00y258lp8w,,ex_siljo8m9smk1,0.8440000000000001,maxpool,cnn,2048,0,1,7,3,512,2002861410,500,0,30000
training_44,tk_msguupt5jbcy,,ex_siljo8m9smk1,0.8324,"meanpool,attention,maxpool",cnn,64,2,10,7,1,156,4076992239,500,2,30000
training_38,tk_2imcr824rstb,,ex_siljo8m9smk1,0.8416,"final_state,maxpool",cnn,128,2,5,5,2,512,1004546748,500,0,30000
training_21,tk_3vuwrpohoh45,,ex_siljo8m9smk1,0.8340000000000001,"meanpool,maxpool",lstm,64,5,10,7,2,512,1004546748,500,5,30000
training_2,tk_62hrvalga6qv,,ex_siljo8m9smk1,0.8290000000000001,"attention,final_state,maxpool",boe,128,5,10,5,1,512,1989892904,500,5,30000
training_18,tk_iht60qamm1iy,,ex_siljo8m9smk1,0.8408,"maxpool,final_state,meanpool,attention",lstm,128,2,5,5,2,156,2002861410,500,5,30000
training_26,tk_ob7j3qdza1dr,,ex_siljo8m9smk1,0.8404,"attention,maxpool,meanpool,final_state",cnn,512,2,1,10,2,128,1989892904,500,0,30000
training_19,tk_tg5mcd2bua8m,,ex_siljo8m9smk1,0.7596,"meanpool,maxpool",boe,128,5,1,5,2,128,1989892904,500,0,30000
training_35,tk_avcg6szlh4xa,,ex_siljo8m9smk1,0.8422,"final_state,meanpool",cnn,2048,0,10,7,3,128,2294922667,500,0,30000
training_27,tk_lr9gcz98nbxw,,ex_siljo8m9smk1,0.8436,"final_state,meanpool,maxpool",lstm,512,5,10,10,2,512,2294922667,500,2,30000
training_33,tk_ql484edw2czy,,ex_siljo8m9smk1,0.8196,"final_state,attention,meanpool,maxpool",boe,1024,2,10,10,1,156,2294922667,500,0,30000
training_10,tk_ifyw0vmynl0n,,ex_siljo8m9smk1,0.8384,attention,lr,64,0,5,10,3,156,1989892904,500,0,30000
training_41,tk_eqba6hb81dzw,,ex_siljo8m9smk1,0.6852,attention,boe,2048,0,1,10,2,512,2294922667,500,0,30000
training_48,tk_coa3lqi5c7v5,,ex_siljo8m9smk1,0.8258,maxpool,lr,128,2,10,7,1,128,2002861410,500,2,30000
training_37,tk_ymrm7h2nmxeu,,ex_siljo8m9smk1,0.8414,"final_state,attention",cnn,512,2,5,7,2,128,2002861410,500,2,30000
training_15,tk_e2lphabf97pd,,ex_siljo8m9smk1,0.8308,final_state,lr,2048,2,5,10,2,512,4076992239,500,5,30000
training_23,tk_s4ge5qcqewu4,,ex_siljo8m9smk1,0.8126,"final_state,maxpool,attention,meanpool",lr,64,2,1,5,2,128,1004546748,500,5,30000
training_40,tk_5xctmkpt1ggw,,ex_siljo8m9smk1,0.8336,"final_state,maxpool,meanpool",lr,128,2,1,5,3,128,1989892904,500,5,30000
training_39,tk_kpl8mt0113c5,,ex_siljo8m9smk1,0.8498,"attention,maxpool,final_state,meanpool",cnn,1024,2,5,7,1,128,4076992239,500,0,30000
training_25,tk_0wcygpfee7ar,,ex_siljo8m9smk1,0.723,"attention,maxpool",boe,512,0,1,7,1,512,1004546748,500,2,30000
training_6,tk_4zee6omhiun7,,ex_siljo8m9smk1,0.847,meanpool,lstm,2048,2,1,7,1,128,4076992239,500,5,30000
training_24,tk_csrslormcq6g,,ex_siljo8m9smk1,0.8338,attention,lr,1024,2,10,5,3,128,4076992239,500,0,30000
training_43,tk_czupsre70of7,,ex_siljo8m9smk1,0.8384,maxpool,lr,512,0,5,7,3,512,1989892904,500,5,30000
training_1,tk_t3yn6anrkixu,,ex_siljo8m9smk1,0.8244,"maxpool,meanpool,final_state",lstm,128,0,10,10,2,156,1004546748,500,0,30000
training_7,tk_u2zvqb8hg4ms,,ex_siljo8m9smk1,0.8418,"attention,meanpool,final_state,maxpool",cnn,64,5,1,5,2,512,1004546748,500,5,30000
training_14,tk_sxho8ld77yll,,ex_siljo8m9smk1,0.7622,meanpool,boe,512,0,1,7,2,128,1989892904,500,5,30000
training_3,tk_kv2pqkke8x4m,,ex_siljo8m9smk1,0.8464,meanpool,cnn,64,0,1,5,3,156,1004546748,500,2,30000
training_22,tk_pgd3ykf81rct,,ex_siljo8m9smk1,0.8440000000000001,"maxpool,final_state,attention,meanpool",lstm,1024,0,5,10,3,156,2294922667,500,5,30000
training_20,tk_0v7blqin4zg3,,ex_siljo8m9smk1,0.8476,"maxpool,meanpool,attention,final_state",lstm,1024,2,1,10,3,512,4076992239,500,5,30000
training_1,tk_45es362r5lsg,,ex_f5ny0qqo9617,0.8464,"maxpool,final_state,meanpool,attention",lstm,2048,0,5,10,3,128,2294922667,500,0,30000
training_34,tk_c91pk1l3bu8k,,ex_f5ny0qqo9617,0.8474,"maxpool,meanpool",cnn,512,2,10,5,2,512,4076992239,500,0,30000
training_39,tk_6wl4qicst5ft,,ex_f5ny0qqo9617,0.8394,attention,cnn,128,0,5,7,1,128,2294922667,500,2,30000
training_7,tk_q9tuca1cjqud,,ex_f5ny0qqo9617,0.813,"meanpool,maxpool,attention",boe,2048,0,10,10,3,128,1989892904,500,2,30000
training_10,tk_hgikl438r88r,,ex_f5ny0qqo9617,0.7976,meanpool,boe,512,0,10,7,1,512,2294922667,500,0,30000
training_44,tk_jlu230qkaiic,,ex_f5ny0qqo9617,0.8436,attention,cnn,128,5,1,5,2,128,1004546748,500,2,30000
training_40,tk_1gii63sc6snr,,ex_f5ny0qqo9617,0.8396,maxpool,cnn,512,0,1,7,3,128,1989892904,500,0,30000
training_6,tk_cv79j614vmrj,,ex_f5ny0qqo9617,0.8420000000000001,"final_state,attention",cnn,1024,5,10,7,1,512,2002861410,500,0,30000
training_16,tk_mespdkaxub7o,,ex_f5ny0qqo9617,0.843,meanpool,cnn,128,0,1,7,2,512,4076992239,500,2,30000
training_33,tk_zw4dsn8jf9hv,,ex_f5ny0qqo9617,0.8164,"final_state,attention,maxpool",boe,512,2,10,7,2,156,1004546748,500,0,30000
training_41,tk_1qcmk4njnbf8,,ex_f5ny0qqo9617,0.8348,maxpool,lr,64,0,10,10,1,512,2294922667,500,0,30000
training_48,tk_5mwlkldkihjl,,ex_f5ny0qqo9617,0.8258,"final_state,attention",boe,512,2,5,7,3,156,2294922667,500,2,30000
training_38,tk_nfu0wnh10q1s,,ex_f5ny0qqo9617,0.8418,"meanpool,maxpool",lstm,64,0,1,5,3,128,1989892904,500,5,30000
training_12,tk_olvpv9lfk4ag,,ex_f5ny0qqo9617,0.8372,"attention,meanpool,maxpool,final_state",cnn,64,2,5,5,1,156,1989892904,500,2,30000
training_19,tk_snpiqbb4cnbf,,ex_f5ny0qqo9617,0.7884,"meanpool,final_state,attention",boe,512,0,5,5,2,156,2002861410,500,5,30000
training_22,tk_7gy7m06qqg3o,,ex_f5ny0qqo9617,0.8138,"final_state,maxpool",boe,1024,2,5,5,1,156,1004546748,500,0,30000
training_29,tk_ooiey2njfnqc,,ex_f5ny0qqo9617,0.8446,attention,cnn,2048,2,5,10,3,128,2002861410,500,2,30000
training_43,tk_or5o6y6ia60w,,ex_f5ny0qqo9617,0.826,attention,boe,2048,5,10,7,1,512,4076992239,500,2,30000
training_17,tk_81f4vvqo61e0,,ex_f5ny0qqo9617,0.8364,"final_state,attention",lstm,1024,0,10,7,1,128,2002861410,500,0,30000
training_32,tk_cffm9sjgj65q,,ex_f5ny0qqo9617,0.8354,"meanpool,final_state",lr,1024,2,10,10,1,156,1989892904,500,5,30000
training_0,tk_rv0ci7ed0n4w,,ex_f5ny0qqo9617,0.8422,"meanpool,attention,final_state,maxpool",cnn,2048,2,1,5,1,128,1989892904,500,0,30000
training_14,tk_9kc084w9wdz6,,ex_f5ny0qqo9617,0.8462,"maxpool,meanpool,final_state",lstm,128,2,5,5,1,156,1989892904,500,5,30000
training_46,tk_bvg93esuk335,,ex_f5ny0qqo9617,0.8082,"meanpool,maxpool",boe,512,5,1,10,3,512,2294922667,500,0,30000
training_4,tk_we0b6yjt8avz,,ex_f5ny0qqo9617,0.815,"maxpool,meanpool,attention",cnn,1024,2,5,10,1,156,1004546748,500,5,30000
training_11,tk_h42bjlsynhfr,,ex_f5ny0qqo9617,0.8472,"meanpool,maxpool,final_state",lstm,128,5,5,7,2,156,1004546748,500,5,30000
training_31,tk_p9k0mhyh61pq,,ex_f5ny0qqo9617,0.8422,final_state,cnn,1024,2,1,5,3,128,1989892904,500,5,30000
training_2,tk_ydnalkaypivg,,ex_f5ny0qqo9617,0.8446,"maxpool,meanpool,attention,final_state",lstm,512,0,5,10,3,128,2002861410,500,0,30000
training_36,tk_3rhb10mbjveu,,ex_f5ny0qqo9617,0.833,"maxpool,attention,meanpool,final_state",lstm,64,0,10,5,3,512,2002861410,500,2,30000
training_27,tk_3upjhcdlcqx5,,ex_f5ny0qqo9617,0.8154,"final_state,maxpool,attention",boe,512,5,1,5,3,156,4076992239,500,5,30000
training_23,tk_ugfy0kpynkp8,,ex_f5ny0qqo9617,0.8168,"maxpool,meanpool,attention,final_state",boe,64,2,1,7,1,512,2002861410,500,2,30000
training_35,tk_45z0khmm0ff0,,ex_f5ny0qqo9617,0.8438,"attention,maxpool",cnn,128,2,1,5,2,512,2002861410,500,0,30000
training_13,tk_2n7n8qfdcvl4,,ex_f5ny0qqo9617,0.812,final_state,boe,2048,5,1,7,1,512,4076992239,500,5,30000
training_28,tk_9vg4n90aud4e,,ex_f5ny0qqo9617,0.792,"meanpool,maxpool",boe,64,2,1,7,3,128,1989892904,500,2,30000
training_30,tk_6xtumi6cq6rh,,ex_f5ny0qqo9617,0.838,"attention,maxpool,final_state,meanpool",lstm,128,0,1,7,2,128,1989892904,500,5,30000
training_24,tk_jz8h7ghdocy9,,ex_f5ny0qqo9617,0.8336,"maxpool,attention",lr,64,5,5,10,1,156,1989892904,500,0,30000
training_25,tk_9izpcoala6ji,,ex_f5ny0qqo9617,0.8420000000000001,maxpool,lstm,512,5,5,7,3,512,1004546748,500,2,30000
training_5,tk_plw0ga6qtxdy,,ex_f5ny0qqo9617,0.8258,"attention,final_state",lr,128,5,5,5,3,156,1004546748,500,0,30000
training_9,tk_5gqlr0sw84ig,,ex_f5ny0qqo9617,0.8542,"meanpool,attention",lstm,512,0,1,7,2,512,2294922667,500,0,30000
training_45,tk_626m9fbazrxd,,ex_f5ny0qqo9617,0.826,"attention,meanpool,final_state,maxpool",lr,64,2,1,7,2,128,2002861410,500,2,30000
training_20,tk_ap0hshjr038h,,ex_f5ny0qqo9617,0.8246,"meanpool,maxpool,attention,final_state",cnn,2048,2,5,10,3,512,1004546748,500,2,30000
training_49,tk_x0sdmmv4x02h,,ex_f5ny0qqo9617,0.8452,"meanpool,attention,final_state,maxpool",lstm,512,0,1,5,2,128,1004546748,500,0,30000
training_47,tk_wvbsjetmz79h,,ex_f5ny0qqo9617,0.8079999999999999,"meanpool,final_state",lr,512,5,1,7,1,156,1004546748,500,5,30000
training_21,tk_iqsaim88mtls,,ex_f5ny0qqo9617,0.8238,"maxpool,attention",lr,512,2,10,10,3,512,1004546748,500,2,30000
training_26,tk_ch93wh5paj73,,ex_f5ny0qqo9617,0.8356,"maxpool,final_state,attention",lr,2048,0,5,7,1,512,4076992239,500,5,30000
training_42,tk_l6x5swqm5t1a,,ex_f5ny0qqo9617,0.8168,"final_state,attention,maxpool,meanpool",lstm,2048,2,10,5,1,156,2002861410,500,2,30000
training_15,tk_8x29nooi9chz,,ex_f5ny0qqo9617,0.8272,final_state,lr,2048,5,5,7,3,128,4076992239,500,0,30000
training_3,tk_ecba6xwdgpo9,,ex_f5ny0qqo9617,0.8356,final_state,lr,512,0,5,7,2,156,4076992239,500,5,30000
training_18,tk_oknzhp51atpk,,ex_f5ny0qqo9617,0.8238,"final_state,attention",lr,128,2,10,5,3,156,1004546748,500,2,30000
training_37,tk_zbcp784lrf06,,ex_f5ny0qqo9617,0.8386,"meanpool,attention,final_state,maxpool",lstm,2048,2,10,5,1,156,1989892904,500,0,30000
training_8,tk_cog352y1pg3s,,ex_f5ny0qqo9617,0.8322,"meanpool,attention,final_state",lr,1024,0,1,10,3,156,2294922667,500,5,30000
training_10,tk_qh4mvsta1n0k,,ex_zltgiijub6xv,0.8732,"meanpool,maxpool,final_state,attention",lr,2048,0,5,7,1,512,1004546748,5000,2,30000
training_44,tk_orqlz0po3i9a,,ex_zltgiijub6xv,0.8696,"maxpool,final_state,attention",lr,64,2,5,10,1,512,1004546748,5000,2,30000
training_2,tk_hgfxu9rv9ezn,,ex_zltgiijub6xv,0.8640000000000001,"final_state,attention,meanpool,maxpool",lr,1024,5,5,5,3,512,1989892904,5000,5,30000
training_8,tk_nfgdn6o2rvxw,,ex_zltgiijub6xv,0.8656,maxpool,cnn,512,0,5,7,1,512,1004546748,5000,5,30000
training_13,tk_ulj4h11r03ul,,ex_zltgiijub6xv,0.857,"final_state,meanpool",cnn,1024,0,1,7,2,128,4076992239,5000,5,30000
training_31,tk_us4op8ovf93b,,ex_zltgiijub6xv,0.8640000000000001,final_state,lr,64,5,5,10,3,156,1989892904,5000,5,30000
training_22,tk_wu4v3ecwrdcn,,ex_zltgiijub6xv,0.8652,"attention,meanpool,final_state",lstm,512,2,5,7,1,156,2294922667,5000,5,30000
training_18,tk_jj7huiey59ez,,ex_zltgiijub6xv,0.8288,"maxpool,attention,meanpool",boe,128,0,1,7,1,128,2294922667,5000,5,30000
training_49,tk_ukciatur931z,,ex_zltgiijub6xv,0.8594,maxpool,cnn,64,5,5,10,2,156,2294922667,5000,0,30000
training_6,tk_b3aii0ja2kcf,,ex_zltgiijub6xv,0.8518,attention,boe,2048,5,5,5,1,512,2294922667,5000,0,30000
training_28,tk_z60cenqbq90d,,ex_zltgiijub6xv,0.8602,"meanpool,maxpool,final_state,attention",lstm,1024,2,5,10,2,512,2002861410,5000,0,30000
training_36,tk_qr680d2rrb34,,ex_zltgiijub6xv,0.8562,"meanpool,final_state",boe,1024,5,1,10,3,512,4076992239,5000,2,30000
training_32,tk_txu3puvjbiex,,ex_zltgiijub6xv,0.8640000000000001,"final_state,attention,maxpool,meanpool",lr,128,5,5,5,2,512,1989892904,5000,5,30000
training_19,tk_1umsw62ml9jq,,ex_zltgiijub6xv,0.8722,"final_state,attention,maxpool",lr,128,0,10,5,2,512,2002861410,5000,2,30000
training_40,tk_madxg7kj3l6r,,ex_zltgiijub6xv,0.8526,"final_state,meanpool,maxpool,attention",cnn,64,2,10,5,3,156,1989892904,5000,5,30000
training_0,tk_kl4fmw7r6td3,,ex_zltgiijub6xv,0.8642,"maxpool,meanpool,attention,final_state",cnn,128,5,10,10,2,128,2002861410,5000,2,30000
training_37,tk_1w48z30cnm55,,ex_zltgiijub6xv,0.8554,"attention,final_state,meanpool",boe,2048,5,5,7,1,128,1004546748,5000,0,30000
training_7,tk_et66r2fxmx2q,,ex_zltgiijub6xv,0.8534,"final_state,meanpool,attention,maxpool",boe,1024,2,10,5,3,156,2002861410,5000,5,30000
training_30,tk_8l7eh65engj4,,ex_zltgiijub6xv,0.8672,"maxpool,attention,final_state",lstm,128,0,5,7,1,156,1004546748,5000,5,30000
training_16,tk_2vkufztfmju1,,ex_zltgiijub6xv,0.8338,"maxpool,meanpool,attention",boe,1024,0,10,5,2,156,1989892904,5000,0,30000
training_43,tk_ld6nf0ct4og9,,ex_zltgiijub6xv,0.866,final_state,lr,1024,2,10,7,3,128,1989892904,5000,0,30000
training_34,tk_zabbffibjgwb,,ex_zltgiijub6xv,0.8388,"maxpool,attention,final_state,meanpool",boe,2048,5,10,5,2,128,4076992239,5000,5,30000
training_42,tk_cctznz3ary9c,,ex_zltgiijub6xv,0.8684,"maxpool,attention",lr,512,2,10,10,2,512,2002861410,5000,2,30000
training_21,tk_q1k4bq8h6ep6,,ex_zltgiijub6xv,0.8642,"meanpool,maxpool,attention",lr,512,5,10,5,2,128,2002861410,5000,0,30000
training_20,tk_hmuuakhxk3qr,,ex_zltgiijub6xv,0.861,"final_state,maxpool,meanpool",cnn,1024,2,10,5,2,512,2294922667,5000,0,30000
training_39,tk_igpfbreyjoym,,ex_zltgiijub6xv,0.8464,"maxpool,meanpool,final_state",boe,128,5,5,5,2,512,2294922667,5000,0,30000
training_33,tk_cx71w0nrmimy,,ex_zltgiijub6xv,0.8696,attention,lr,64,2,5,10,1,512,1004546748,5000,0,30000
training_35,tk_x8vxsafezkq2,,ex_zltgiijub6xv,0.8728,"attention,meanpool,maxpool,final_state",lr,64,0,10,10,1,156,1004546748,5000,5,30000
training_14,tk_40jjoe1687gs,,ex_zltgiijub6xv,0.8656,meanpool,cnn,512,5,5,5,1,128,1004546748,5000,0,30000
training_45,tk_5k7bwz72lxkd,,ex_zltgiijub6xv,0.8578,"maxpool,meanpool,attention,final_state",boe,64,2,1,10,1,156,2002861410,5000,0,30000
training_12,tk_y4bxl7t5tw25,,ex_zltgiijub6xv,0.8562,final_state,boe,2048,5,1,10,2,156,4076992239,5000,0,30000
training_25,tk_bgfurbh4ulom,,ex_zltgiijub6xv,0.856,"meanpool,final_state,attention,maxpool",lr,64,5,10,5,2,128,2294922667,5000,0,30000
training_38,tk_2w87iulry4ix,,ex_zltgiijub6xv,0.8706,"final_state,meanpool",cnn,1024,0,1,5,1,512,2002861410,5000,0,30000
training_15,tk_whlnauj6t141,,ex_zltgiijub6xv,0.8562,final_state,boe,2048,5,1,5,1,512,4076992239,5000,0,30000
training_23,tk_ztsbyzzzfxm9,,ex_zltgiijub6xv,0.8578,"attention,final_state",cnn,64,2,5,7,2,128,2002861410,5000,5,30000
training_26,tk_c1zvc5y36jyh,,ex_zltgiijub6xv,0.8728,final_state,lr,64,0,10,7,1,512,1004546748,5000,5,30000
training_27,tk_9t1z44b2ia91,,ex_zltgiijub6xv,0.8646,"maxpool,meanpool",lstm,64,0,5,7,3,512,1004546748,5000,2,30000
training_17,tk_2otbj3bxk1r7,,ex_zltgiijub6xv,0.8608,"attention,maxpool",cnn,128,0,5,5,1,512,2002861410,5000,5,30000
training_3,tk_4s1i89ul6eul,,ex_zltgiijub6xv,0.8732,"final_state,meanpool,attention",lr,1024,0,1,7,2,156,1004546748,5000,2,30000
training_4,tk_qmvmu6ea1qvb,,ex_zltgiijub6xv,0.8666,"final_state,maxpool,attention",boe,1024,2,1,10,2,128,2002861410,5000,2,30000
training_1,tk_czc8ch39w7pl,,ex_zltgiijub6xv,0.867,final_state,cnn,128,0,5,5,2,156,4076992239,5000,2,30000
training_46,tk_0gwytvn38dt6,,ex_zltgiijub6xv,0.867,"final_state,maxpool,attention,meanpool",lr,512,2,1,7,3,156,1989892904,5000,2,30000
training_41,tk_4z304omm8hq4,,ex_zltgiijub6xv,0.8652,"meanpool,attention,maxpool,final_state",cnn,64,5,10,10,3,512,2294922667,5000,0,30000
training_24,tk_8r7fvzx9f8le,,ex_zltgiijub6xv,0.8732,"meanpool,maxpool,attention,final_state",cnn,2048,2,5,10,2,512,4076992239,5000,0,30000
training_9,tk_l2qe5nyf056i,,ex_zltgiijub6xv,0.8626,"meanpool,maxpool,attention",lstm,1024,2,10,10,1,512,4076992239,5000,5,30000
training_11,tk_dvq05q9xsbn3,,ex_zltgiijub6xv,0.8612,"meanpool,final_state,maxpool,attention",cnn,64,2,1,10,2,512,1989892904,5000,5,30000
training_47,tk_x1w4o074ljhw,,ex_zltgiijub6xv,0.86,"attention,final_state,meanpool,maxpool",lstm,1024,2,5,7,1,156,2002861410,5000,0,30000
training_48,tk_hrtjkytpjo2f,,ex_zltgiijub6xv,0.8614,"attention,meanpool,maxpool",cnn,128,5,1,10,2,512,1989892904,5000,2,30000
training_5,tk_0ff73o2lr04d,,ex_zltgiijub6xv,0.8652,"final_state,meanpool",lstm,512,0,1,5,3,128,1004546748,5000,2,30000
training_29,tk_dyz6mr2yakyw,,ex_zltgiijub6xv,0.8320000000000001,meanpool,boe,1024,0,1,10,2,128,1989892904,5000,0,30000
training_29,tk_rsiqbdyqwi6l,,ex_3b3vew66gc0b,0.8578,"attention,final_state,maxpool",boe,2048,2,1,7,2,512,2002861410,5000,5,30000
training_5,tk_slxc6de8p1jv,,ex_3b3vew66gc0b,0.8616,"final_state,meanpool,attention",lstm,1024,2,10,5,1,128,2002861410,5000,0,30000
training_1,tk_yqx9f6980f4f,,ex_3b3vew66gc0b,0.8698,"final_state,meanpool,maxpool",lr,128,0,5,5,1,156,4076992239,5000,2,30000
training_31,tk_ugvm2bi8ewbn,,ex_3b3vew66gc0b,0.8628,"meanpool,final_state",cnn,2048,5,5,7,1,156,4076992239,5000,2,30000
training_6,tk_j4ioc463b2rn,,ex_3b3vew66gc0b,0.8698,"maxpool,meanpool,final_state",lstm,512,5,1,10,2,128,1004546748,5000,0,30000
training_21,tk_cesmh7ftshsy,,ex_3b3vew66gc0b,0.8624,final_state,lr,1024,5,10,10,2,156,1004546748,5000,5,30000
training_25,tk_tap0tmh71vs6,,ex_3b3vew66gc0b,0.8316,"attention,maxpool,final_state",boe,2048,0,5,5,1,156,4076992239,5000,5,30000
training_12,tk_4vitcmwkdy19,,ex_3b3vew66gc0b,0.8702,"meanpool,maxpool,final_state",lstm,128,2,10,5,2,156,2294922667,5000,2,30000
training_3,tk_ujmierhyqv3g,,ex_3b3vew66gc0b,0.8622,attention,cnn,2048,5,5,7,1,156,1004546748,5000,5,30000
training_37,tk_2scnmv5nrjht,,ex_3b3vew66gc0b,0.8672,final_state,lr,2048,5,1,5,1,156,1989892904,5000,0,30000
training_28,tk_5j4dm0mgc5ku,,ex_3b3vew66gc0b,0.8536,meanpool,lstm,512,2,5,5,3,128,1989892904,5000,5,30000
training_22,tk_c96s6sr98vp1,,ex_3b3vew66gc0b,0.8516,attention,lstm,2048,0,10,10,2,128,1989892904,5000,2,30000
training_15,tk_667wdtthybcx,,ex_3b3vew66gc0b,0.8584,"meanpool,attention,final_state,maxpool",lstm,1024,2,10,7,1,128,1004546748,5000,5,30000
training_33,tk_99yw1aocwgjx,,ex_3b3vew66gc0b,,meanpool,lstm,2048,5,10,5,2,512,4076992239,5000,0,30000
training_26,tk_nx82inme7sk7,,ex_3b3vew66gc0b,0.8722,"maxpool,meanpool,attention,final_state",lstm,128,5,1,10,1,156,1004546748,5000,0,30000
training_19,tk_tbb9hyeh1x9a,,ex_3b3vew66gc0b,0.8672,"maxpool,final_state,meanpool",lr,64,2,10,5,3,128,4076992239,5000,2,30000
training_48,tk_mlm1ihz0zjim,,ex_3b3vew66gc0b,0.8462,"final_state,maxpool",lstm,1024,0,10,10,2,512,2294922667,5000,0,30000
training_32,tk_9a8azlj2dcrs,,ex_3b3vew66gc0b,0.8446,"final_state,meanpool,maxpool,attention",boe,512,2,1,7,2,156,1989892904,5000,0,30000
training_36,tk_wh0hj6ihanbj,,ex_3b3vew66gc0b,0.8592,"attention,maxpool",lstm,2048,5,1,7,3,512,2294922667,5000,2,30000
training_2,tk_brlovto8vjwg,,ex_3b3vew66gc0b,0.8642,maxpool,lstm,64,5,5,7,1,128,1004546748,5000,2,30000
training_43,tk_upys9qndbwg2,,ex_3b3vew66gc0b,0.8666,"meanpool,attention,final_state",lr,128,0,10,7,2,156,2294922667,5000,5,30000
training_4,tk_v4zcfb8u7ta7,,ex_3b3vew66gc0b,0.8588,final_state,cnn,64,0,1,7,3,512,1004546748,5000,2,30000
training_38,tk_0e60gb7uucsy,,ex_3b3vew66gc0b,0.8640000000000001,"final_state,meanpool,attention,maxpool",cnn,64,5,5,10,3,128,1989892904,5000,5,30000
training_23,tk_z5wgcyhoj5w9,,ex_3b3vew66gc0b,0.8566,"meanpool,maxpool,final_state,attention",cnn,512,0,10,5,1,512,2002861410,5000,0,30000
training_47,tk_scyce26889z0,,ex_3b3vew66gc0b,0.8506,attention,boe,512,2,10,7,2,128,2002861410,5000,0,30000
training_0,tk_h7doxousqa3m,,ex_3b3vew66gc0b,0.8488,final_state,boe,64,5,10,5,1,156,1004546748,5000,2,30000
training_45,tk_3igvs8criojn,,ex_3b3vew66gc0b,0.865,final_state,lstm,128,0,1,10,2,512,4076992239,5000,0,30000
training_40,tk_uc3v9bfhs6bv,,ex_3b3vew66gc0b,0.8674,"maxpool,attention",lr,1024,2,1,5,2,512,2002861410,5000,0,30000
training_7,tk_8if84o2esq0y,,ex_3b3vew66gc0b,0.8672,"meanpool,attention,maxpool,final_state",cnn,1024,2,10,7,1,128,1004546748,5000,2,30000
training_39,tk_zodp41bhgbqb,,ex_3b3vew66gc0b,0.8688,attention,lstm,128,0,5,7,3,128,1004546748,5000,5,30000
training_18,tk_7i9ysgkj5v9j,,ex_3b3vew66gc0b,0.8402,"attention,maxpool,meanpool,final_state",boe,512,0,10,7,3,128,4076992239,5000,2,30000
training_11,tk_32gn03y6k9os,,ex_3b3vew66gc0b,0.8566,attention,boe,1024,5,1,7,3,512,1004546748,5000,0,30000
training_27,tk_nmupl8ukq2gn,,ex_3b3vew66gc0b,0.8656,"attention,meanpool,final_state",lstm,128,0,10,7,3,512,4076992239,5000,5,30000
training_10,tk_zihbx22kghni,,ex_3b3vew66gc0b,0.8704,"meanpool,final_state,maxpool",lstm,1024,0,1,10,2,156,1989892904,5000,2,30000
training_35,tk_92wxhi3cihc1,,ex_3b3vew66gc0b,0.8518,maxpool,boe,64,2,1,5,3,128,4076992239,5000,5,30000
training_44,tk_0w8m4vl5tv5q,,ex_3b3vew66gc0b,0.8612,"maxpool,attention,meanpool,final_state",cnn,1024,2,10,10,3,512,1989892904,5000,0,30000
training_20,tk_bga4gqriizof,,ex_3b3vew66gc0b,0.8716,maxpool,lr,128,0,5,7,2,128,2002861410,5000,2,30000
training_49,tk_jn7i8gpf9rd8,,ex_3b3vew66gc0b,0.871,"maxpool,meanpool,attention,final_state",lstm,2048,5,5,10,1,128,2002861410,5000,2,30000
training_14,tk_whhn38u6a50o,,ex_3b3vew66gc0b,0.8738,"maxpool,attention,meanpool",lstm,128,5,1,5,2,156,1004546748,5000,5,30000
training_34,tk_hi2fjfg43pi4,,ex_3b3vew66gc0b,0.8728,"final_state,attention",lstm,512,5,1,7,1,512,1004546748,5000,0,30000
training_17,tk_r3e7afqv6rlb,,ex_3b3vew66gc0b,0.856,"meanpool,attention",lstm,128,0,5,5,3,512,2002861410,5000,2,30000
training_41,tk_67rkvqkixtb8,,ex_3b3vew66gc0b,0.83,maxpool,boe,64,0,10,7,1,156,1004546748,5000,2,30000
training_13,tk_1p52jdsy34k6,,ex_3b3vew66gc0b,0.8584,"meanpool,final_state,attention,maxpool",cnn,64,0,10,10,3,156,2294922667,5000,0,30000
training_9,tk_vve02dqxuykh,,ex_3b3vew66gc0b,0.8634,"maxpool,meanpool,attention",cnn,128,2,5,7,3,128,2002861410,5000,2,30000
training_30,tk_gxlanl6sijin,,ex_3b3vew66gc0b,0.8608,meanpool,lstm,64,5,1,5,1,128,2294922667,5000,0,30000
training_46,tk_kcc4w6idiuwx,,ex_3b3vew66gc0b,0.8682,"maxpool,meanpool,attention,final_state",lstm,2048,2,1,10,1,156,2002861410,5000,2,30000
training_8,tk_omedy7gmtmpi,,ex_3b3vew66gc0b,0.8676,"final_state,attention,maxpool,meanpool",cnn,512,5,10,7,1,512,1004546748,5000,5,30000
training_24,tk_ysir9aawpvri,,ex_3b3vew66gc0b,0.857,"attention,final_state",cnn,2048,5,10,7,2,156,1989892904,5000,0,30000
training_42,tk_a1sbz4kys6m6,,ex_3b3vew66gc0b,0.8698,"meanpool,attention,final_state",lr,1024,0,5,5,3,512,4076992239,5000,0,30000
training_16,tk_cor5hs9nyitc,,ex_3b3vew66gc0b,0.8536,"final_state,meanpool,attention",boe,128,2,5,7,2,128,2002861410,5000,2,30000
training_33,tk_s8wzx4b21p1l,,ex_hxtjr5kh84md,0.8334,"final_state,maxpool,attention,meanpool",cnn,128,5,5,5,2,512,1004546748,200,5,30000
training_28,tk_ims3452vbra7,,ex_hxtjr5kh84md,0.8440000000000001,"meanpool,maxpool",cnn,512,5,10,7,2,128,4076992239,200,2,30000
training_5,tk_58932k1axshn,,ex_hxtjr5kh84md,0.4954,"final_state,maxpool",boe,64,5,1,10,2,512,1989892904,200,2,30000
training_10,tk_2x9c6t969ap0,,ex_hxtjr5kh84md,0.8096,"maxpool,final_state,attention",cnn,128,0,5,5,3,156,2294922667,200,0,30000
training_41,tk_p2e89k6w1n0w,,ex_hxtjr5kh84md,0.4892,"meanpool,maxpool,attention,final_state",boe,128,5,1,5,3,512,2002861410,200,5,30000
training_8,tk_wmtcdnczqft1,,ex_hxtjr5kh84md,0.735,"final_state,maxpool,meanpool",boe,1024,0,10,5,3,156,1004546748,200,5,30000
training_29,tk_sccg6l3j5kkk,,ex_hxtjr5kh84md,0.8402,"attention,final_state,maxpool,meanpool",cnn,2048,2,10,5,3,512,1989892904,200,5,30000
training_30,tk_wxrfmlqm5ngr,,ex_hxtjr5kh84md,0.7752,"final_state,maxpool,meanpool,attention",lr,1024,5,1,7,1,512,1004546748,200,0,30000
training_9,tk_b56h5zomoq7i,,ex_hxtjr5kh84md,0.8374,"maxpool,meanpool",cnn,512,0,5,7,1,156,2002861410,200,0,30000
training_49,tk_scu7d63wlqja,,ex_hxtjr5kh84md,0.8366,"attention,meanpool,final_state,maxpool",cnn,64,2,5,10,3,156,1989892904,200,2,30000
training_16,tk_ghw8x1k119td,,ex_hxtjr5kh84md,0.737,"maxpool,final_state,meanpool,attention",lr,1024,2,10,7,3,512,4076992239,200,5,30000
training_1,tk_6z7rarw0hk7q,,ex_hxtjr5kh84md,0.6738,final_state,boe,512,0,5,5,1,156,1989892904,200,5,30000
training_37,tk_hksvasqvs5h8,,ex_hxtjr5kh84md,0.797,"maxpool,meanpool,final_state,attention",lr,64,5,10,7,2,156,2002861410,200,5,30000
training_15,tk_b57k7j9cw9qp,,ex_hxtjr5kh84md,0.8188,"final_state,attention,maxpool",lstm,512,5,1,10,2,512,2294922667,200,5,30000
training_42,tk_rm0q78wrgu3q,,ex_hxtjr5kh84md,0.8206,"final_state,attention,meanpool",lstm,512,5,1,7,2,512,2294922667,200,0,30000
training_38,tk_h63l2bjd7wle,,ex_hxtjr5kh84md,0.8466,"maxpool,final_state,attention,meanpool",lstm,1024,0,5,7,2,128,1989892904,200,0,30000
training_18,tk_0c0p9anloyh4,,ex_hxtjr5kh84md,0.8068,"maxpool,meanpool,attention",boe,512,5,5,7,3,156,1004546748,200,5,30000
training_21,tk_jrdshslshkxp,,ex_hxtjr5kh84md,0.7688,meanpool,boe,128,2,1,5,1,512,2002861410,200,5,30000
training_48,tk_2xz50x83eyf5,,ex_hxtjr5kh84md,0.7826,"final_state,meanpool",lr,64,5,5,10,1,128,1989892904,200,0,30000
training_23,tk_ed4udqtkee87,,ex_hxtjr5kh84md,0.7816,meanpool,lr,128,0,1,5,2,128,2294922667,200,0,30000
training_43,tk_poxc5qvcw1f8,,ex_hxtjr5kh84md,0.664,"attention,maxpool",boe,1024,0,1,10,2,156,4076992239,200,0,30000
training_12,tk_wne0uslzk7kz,,ex_hxtjr5kh84md,0.672,"final_state,maxpool",boe,2048,0,5,5,1,156,1989892904,200,0,30000
training_19,tk_2gtv04ntzmor,,ex_hxtjr5kh84md,0.8354,maxpool,lstm,1024,0,5,7,1,156,2002861410,200,0,30000
training_40,tk_lgcl86smb35m,,ex_hxtjr5kh84md,0.7748,attention,lr,2048,0,1,7,2,128,2002861410,200,0,30000
training_34,tk_ewz5hy9thu2r,,ex_hxtjr5kh84md,0.8396,"final_state,meanpool,maxpool",lstm,1024,0,5,7,3,512,4076992239,200,2,30000
training_22,tk_csaw0o9czunk,,ex_hxtjr5kh84md,0.8478,final_state,lstm,128,0,1,5,3,156,1989892904,200,5,30000
training_25,tk_4boytrdslul0,,ex_hxtjr5kh84md,0.8406,"attention,final_state",lstm,1024,0,10,5,3,156,4076992239,200,2,30000
training_26,tk_2wxvd5z4e8qc,,ex_hxtjr5kh84md,0.8374,"meanpool,attention,final_state,maxpool",lstm,2048,5,5,7,2,512,2002861410,200,0,30000
training_35,tk_mzn9q8debz1x,,ex_hxtjr5kh84md,0.7836,"attention,final_state",boe,2048,5,1,5,3,128,1989892904,200,2,30000
training_7,tk_uja6um3xgpb5,,ex_hxtjr5kh84md,0.8446,"meanpool,maxpool,attention",cnn,1024,0,1,5,2,512,1989892904,200,2,30000
training_7,tk_uja6um3xgpb5,,ex_hxtjr5kh84md,0.8446,"meanpool,maxpool,attention",cnn,1024,0,1,5,2,512,1989892904,200,2,30000
training_2,tk_uk7zd373zz81,,ex_hxtjr5kh84md,0.8314,"maxpool,final_state,meanpool",lstm,128,0,1,7,2,156,2002861410,200,0,30000
training_14,tk_5cjbtgnrcq2p,,ex_hxtjr5kh84md,0.8166,"meanpool,attention,final_state",cnn,1024,5,5,5,3,512,2294922667,200,2,30000
training_3,tk_9tzf776py13c,,ex_hxtjr5kh84md,0.8358,maxpool,lstm,64,0,5,5,2,128,2002861410,200,2,30000
training_46,tk_vff7v0lf7lvx,,ex_hxtjr5kh84md,0.8396,"maxpool,meanpool",cnn,1024,2,10,7,2,512,1989892904,200,2,30000
training_17,tk_npt2ewg44sva,,ex_hxtjr5kh84md,0.8240000000000001,"final_state,attention",lstm,64,0,1,7,1,156,2002861410,200,0,30000
training_13,tk_tvvkgx8j8ls8,,ex_hxtjr5kh84md,0.7778,"meanpool,attention,final_state",boe,1024,2,5,7,1,128,2002861410,200,0,30000
training_44,tk_00opcwin1vm9,,ex_hxtjr5kh84md,0.8262,"maxpool,final_state,attention,meanpool",lstm,64,0,5,5,1,128,2002861410,200,2,30000
training_20,tk_zy1jcdqngixz,,ex_hxtjr5kh84md,0.713,final_state,boe,64,0,10,10,3,156,1989892904,200,5,30000
training_36,tk_ho2e4kege1w0,,ex_hxtjr5kh84md,0.823,"attention,final_state,meanpool",lstm,64,2,10,7,3,156,2002861410,200,0,30000
training_32,tk_u14g9nr8xzbq,,ex_hxtjr5kh84md,0.8424,"meanpool,maxpool",cnn,128,5,1,10,1,156,1989892904,200,0,30000
training_0,tk_2tugwep0qifj,,ex_hxtjr5kh84md,0.8094,"maxpool,final_state,attention,meanpool",boe,128,2,10,5,2,512,1989892904,200,0,30000
training_6,tk_nltcgkavs6hw,,ex_hxtjr5kh84md,0.8408,"final_state,attention,meanpool,maxpool",lstm,64,5,10,5,3,156,1004546748,200,5,30000
training_45,tk_kg1c1sz7exaf,,ex_hxtjr5kh84md,0.8456,"attention,meanpool",cnn,64,2,1,5,2,512,1004546748,200,5,30000
training_39,tk_kgk6vfwk04jk,,ex_hxtjr5kh84md,0.7290000000000001,attention,boe,2048,2,10,5,3,156,2294922667,200,2,30000
training_47,tk_rwiksogb666f,,ex_hxtjr5kh84md,0.7904,meanpool,lr,2048,0,10,7,2,512,1004546748,200,2,30000
training_24,tk_1hecw6qwjsfp,,ex_hxtjr5kh84md,0.7856,"maxpool,final_state,attention,meanpool",boe,64,5,5,10,3,156,1989892904,200,2,30000
training_27,tk_pyxxqtlxip63,,ex_hxtjr5kh84md,0.7486,meanpool,boe,1024,0,5,7,3,128,1004546748,200,0,30000
training_4,tk_nwbq2ewriq5q,,ex_hxtjr5kh84md,0.8264,"final_state,maxpool",lstm,64,0,1,5,3,128,4076992239,200,0,30000
training_31,tk_03fxq4rqjff8,,ex_hxtjr5kh84md,0.7858,final_state,boe,512,5,10,5,3,156,1004546748,200,2,30000
training_37,tk_x6kvj5fq375k,,ex_9t6z0hnw0uqq,0.8414,"final_state,attention",cnn,64,0,5,7,3,128,1004546748,200,5,30000
training_7,tk_y9e9z919o0nd,,ex_9t6z0hnw0uqq,0.8412,attention,lstm,64,5,10,7,1,128,1989892904,200,5,30000
training_17,tk_bx0t2fj1d7jq,,ex_9t6z0hnw0uqq,0.6316,"attention,maxpool,final_state",boe,128,0,1,5,2,512,4076992239,200,5,30000
training_30,tk_5ltc43qsphq3,,ex_9t6z0hnw0uqq,0.8114,"maxpool,attention,final_state",cnn,64,5,10,10,2,128,2294922667,200,5,30000
training_19,tk_s2z6gl34yw20,,ex_9t6z0hnw0uqq,0.8408,"maxpool,final_state",cnn,1024,5,10,5,2,512,1989892904,200,0,30000
training_32,tk_dksz6k87dqcc,,ex_9t6z0hnw0uqq,0.768,"maxpool,final_state,meanpool",boe,512,2,10,5,1,512,2002861410,200,5,30000
training_18,tk_i3o3b72g2cxv,,ex_9t6z0hnw0uqq,0.8066,"final_state,attention,maxpool",boe,512,2,5,10,2,128,1989892904,200,5,30000
training_35,tk_ai72ud2l4k5y,,ex_9t6z0hnw0uqq,0.7736,meanpool,lr,64,2,5,7,1,128,1989892904,200,2,30000
training_13,tk_f089lbtolizb,,ex_9t6z0hnw0uqq,0.7562,"final_state,attention,meanpool,maxpool",lr,128,5,1,7,2,512,1989892904,200,2,30000
training_49,tk_fi3mg5heus3o,,ex_9t6z0hnw0uqq,0.6208,"meanpool,final_state,attention",boe,64,0,1,7,1,156,2294922667,200,0,30000
training_27,tk_xvy6ptxlrvhc,,ex_9t6z0hnw0uqq,0.8082,"final_state,maxpool,attention",boe,1024,5,5,7,1,156,1989892904,200,5,30000
training_39,tk_zkuden6sopb0,,ex_9t6z0hnw0uqq,0.6914,meanpool,boe,128,2,1,7,2,128,2294922667,200,5,30000
training_5,tk_7f0hkg4i4f0m,,ex_9t6z0hnw0uqq,0.8388,"meanpool,maxpool,attention,final_state",lstm,64,5,10,7,3,128,1989892904,200,2,30000
training_22,tk_70aprj9alosx,,ex_9t6z0hnw0uqq,0.8190000000000001,maxpool,cnn,64,0,1,7,2,156,2294922667,200,0,30000
training_14,tk_b7e9h10hwaki,,ex_9t6z0hnw0uqq,0.8220000000000001,"attention,maxpool",cnn,64,0,1,5,2,156,2294922667,200,0,30000
training_43,tk_nu0j2xe4re8i,,ex_9t6z0hnw0uqq,0.7918,maxpool,lr,2048,2,5,10,3,156,2002861410,200,5,30000
training_1,tk_hvxvngj90mfh,,ex_9t6z0hnw0uqq,0.8186,"final_state,meanpool,attention",boe,2048,2,10,10,2,512,1989892904,200,2,30000
training_34,tk_cyhc7xaeii97,,ex_9t6z0hnw0uqq,0.8442,"maxpool,final_state",lstm,512,2,10,7,1,128,1989892904,200,2,30000
training_2,tk_nybkxegupcud,,ex_9t6z0hnw0uqq,0.6716,"attention,meanpool,maxpool",boe,2048,0,5,5,3,512,1004546748,200,2,30000
training_24,tk_pq4gzvib5rep,,ex_9t6z0hnw0uqq,0.8446,"attention,maxpool,final_state,meanpool",lstm,1024,2,1,5,2,128,1989892904,200,0,30000
training_38,tk_83l9y6jwwq20,,ex_9t6z0hnw0uqq,0.6738,"meanpool,final_state",boe,2048,0,5,7,2,156,1989892904,200,2,30000
training_3,tk_abq68yhup6kl,,ex_9t6z0hnw0uqq,0.6914,"final_state,meanpool,maxpool",boe,1024,2,1,5,2,512,2294922667,200,0,30000
training_8,tk_fobzu9t0o54e,,ex_9t6z0hnw0uqq,0.8246,"maxpool,final_state,attention",lstm,512,2,5,5,1,512,2294922667,200,2,30000
training_10,tk_bspi2f78xtuh,,ex_9t6z0hnw0uqq,0.7816,"attention,maxpool,final_state,meanpool",lr,1024,0,1,5,1,156,2294922667,200,2,30000
training_31,tk_ho5yt356kekg,,ex_9t6z0hnw0uqq,0.7758,"maxpool,final_state,meanpool",boe,2048,2,5,7,2,156,1004546748,200,5,30000
training_12,tk_pvreotxgasns,,ex_9t6z0hnw0uqq,0.8398,"meanpool,final_state",lstm,64,0,5,10,2,512,1989892904,200,2,30000
training_33,tk_fpk3azaelq0r,,ex_9t6z0hnw0uqq,0.84,"meanpool,attention,final_state,maxpool",lstm,1024,2,1,10,2,512,4076992239,200,5,30000
training_26,tk_orvo1q7k71df,,ex_9t6z0hnw0uqq,0.8408,"maxpool,final_state,attention",cnn,64,0,10,10,3,128,4076992239,200,2,30000
training_45,tk_v4aecrlg71ia,,ex_9t6z0hnw0uqq,0.8044,"meanpool,attention,final_state",lstm,128,2,1,7,1,156,2294922667,200,0,30000
training_47,tk_53xqfggae4s6,,ex_9t6z0hnw0uqq,0.8342,"attention,maxpool,meanpool,final_state",lstm,2048,0,5,10,2,128,4076992239,200,0,30000
training_25,tk_bfp04tg05y3r,,ex_9t6z0hnw0uqq,0.8464,attention,cnn,64,0,5,7,1,512,4076992239,200,2,30000
training_48,tk_urgoj3x6djn7,,ex_9t6z0hnw0uqq,0.8336,"maxpool,meanpool",lstm,2048,0,5,7,3,128,2002861410,200,5,30000
training_36,tk_mchzv5tzteya,,ex_9t6z0hnw0uqq,0.8370000000000001,"maxpool,attention,final_state,meanpool",lstm,2048,2,1,10,3,128,4076992239,200,2,30000
training_16,tk_deo3uvv7dsou,,ex_9t6z0hnw0uqq,0.8144,"maxpool,meanpool",boe,64,2,10,5,2,156,1004546748,200,2,30000
training_0,tk_fvlm7p2yyhz8,,ex_9t6z0hnw0uqq,0.8136,"maxpool,meanpool,final_state",cnn,1024,2,10,7,1,512,2002861410,200,2,30000
training_9,tk_z7cgwlk06wgr,,ex_9t6z0hnw0uqq,0.73,attention,lr,64,5,1,5,3,512,4076992239,200,5,30000
training_23,tk_y309izy96dxy,,ex_9t6z0hnw0uqq,0.738,"maxpool,final_state,attention",boe,64,2,5,7,3,512,2002861410,200,2,30000
training_20,tk_l2jhlk13tsah,,ex_9t6z0hnw0uqq,0.762,maxpool,boe,128,2,10,10,3,156,1004546748,200,0,30000
training_15,tk_tutmbv7b5njv,,ex_9t6z0hnw0uqq,0.8376,"attention,meanpool,final_state,maxpool",lstm,128,0,5,7,1,512,2002861410,200,0,30000
training_11,tk_xj8dyjmqtuq5,,ex_9t6z0hnw0uqq,0.8368,"meanpool,maxpool,attention,final_state",cnn,1024,2,10,5,2,512,2002861410,200,5,30000
training_41,tk_vbe9xuubn08i,,ex_9t6z0hnw0uqq,0.8164,"maxpool,meanpool,attention,final_state",lstm,512,5,10,10,3,156,2294922667,200,2,30000
training_42,tk_5yjkzrko1j85,,ex_9t6z0hnw0uqq,0.767,"final_state,attention,maxpool,meanpool",boe,64,5,10,10,1,512,2294922667,200,2,30000
training_44,tk_426js043pocg,,ex_9t6z0hnw0uqq,0.8394,final_state,cnn,2048,5,5,10,3,512,1004546748,200,0,30000
training_4,tk_0wujuvcax370,,ex_9t6z0hnw0uqq,0.8128,final_state,cnn,64,2,10,7,3,128,2294922667,200,0,30000
training_40,tk_rhw218qigr9u,,ex_9t6z0hnw0uqq,0.8336,"attention,final_state,maxpool",cnn,1024,2,10,5,1,512,2002861410,200,2,30000
training_21,tk_cq2t2ky6t3wx,,ex_9t6z0hnw0uqq,0.8412,maxpool,cnn,2048,2,5,7,3,156,1989892904,200,2,30000
training_6,tk_le6c9qu0qsm0,,ex_9t6z0hnw0uqq,0.8392,"final_state,maxpool,attention,meanpool",lstm,64,0,5,5,1,156,4076992239,200,2,30000
training_46,tk_lm7kycft8n3a,,ex_9t6z0hnw0uqq,0.7812,"final_state,attention,maxpool,meanpool",lr,128,0,10,10,1,512,1989892904,200,2,30000
training_29,tk_q29lhbnplv0f,,ex_9t6z0hnw0uqq,0.7812,maxpool,lr,512,0,10,7,3,128,1989892904,200,2,30000
training_28,tk_5102xwlexm3q,,ex_9t6z0hnw0uqq,0.7742,"maxpool,meanpool,attention",boe,512,2,5,5,2,156,4076992239,200,0,30000
training_23,tk_prciuu8bvqof,,ex_blg5n29jsz08,0.8624,meanpool,cnn,1024,5,10,7,3,128,1989892904,2500,2,30000
training_22,tk_zz5l59wu73du,,ex_blg5n29jsz08,0.8274,"attention,maxpool,meanpool",boe,512,0,5,10,3,156,2294922667,2500,5,30000
training_37,tk_29pnmquwheka,,ex_blg5n29jsz08,0.866,"meanpool,attention,final_state",lr,64,0,1,5,3,156,4076992239,2500,2,30000
training_0,tk_io8rq5zsogf3,,ex_blg5n29jsz08,0.8344,"maxpool,attention",boe,64,0,10,5,3,128,2294922667,2500,5,30000
training_24,tk_zilioosktzjl,,ex_blg5n29jsz08,0.7974,"final_state,meanpool,attention,maxpool",boe,2048,0,1,7,3,512,1004546748,2500,2,30000
training_28,tk_oxc92epa4ixv,,ex_blg5n29jsz08,0.8552,"final_state,attention,maxpool",lr,1024,5,5,10,3,156,1004546748,2500,0,30000
training_49,tk_8go7sy1xvyvm,,ex_blg5n29jsz08,0.8552,"final_state,meanpool",cnn,2048,5,1,7,3,512,1004546748,2500,2,30000
training_46,tk_l1pubuz1jjs2,,ex_blg5n29jsz08,0.8454,"maxpool,meanpool,final_state",boe,64,2,10,7,3,512,1989892904,2500,0,30000
training_25,tk_tq7fzt7m96an,,ex_blg5n29jsz08,0.8392,"meanpool,maxpool,attention",boe,1024,2,1,5,1,128,1004546748,2500,5,30000
training_47,tk_7q1556lq9fkc,,ex_blg5n29jsz08,0.8518,"attention,maxpool,final_state,meanpool",lr,64,5,1,7,3,512,1004546748,2500,5,30000
training_38,tk_6dypltlblvg0,,ex_blg5n29jsz08,,"meanpool,final_state,maxpool,attention",lstm,2048,0,10,5,3,512,2294922667,2500,0,30000
training_20,tk_wn2ungrg9x0h,,ex_blg5n29jsz08,0.8474,"attention,meanpool,maxpool,final_state",cnn,128,5,5,5,2,512,2002861410,2500,2,30000
training_16,tk_zzmr8i0aisaf,,ex_blg5n29jsz08,0.8490000000000001,"attention,meanpool",cnn,64,2,1,7,3,512,4076992239,2500,2,30000
training_13,tk_ma3pflfau8tk,,ex_blg5n29jsz08,0.8548,"final_state,maxpool,attention,meanpool",cnn,64,5,10,5,2,512,2294922667,2500,5,30000
training_2,tk_f8db8o3vvnr7,,ex_blg5n29jsz08,0.857,"meanpool,final_state,maxpool",lr,128,5,10,7,3,128,2294922667,2500,2,30000
training_29,tk_wr98poag8i8c,,ex_blg5n29jsz08,0.855,meanpool,boe,128,2,10,5,2,156,2002861410,2500,5,30000
training_34,tk_rd3cdoebcagi,,ex_blg5n29jsz08,0.8676,"final_state,meanpool,maxpool,attention",lr,64,0,10,10,1,156,4076992239,2500,5,30000
training_1,tk_1y8i51fb6fq0,,ex_blg5n29jsz08,0.8614,"attention,meanpool",lr,2048,2,5,7,3,512,2002861410,2500,2,30000
training_17,tk_l6phec7uh4g3,,ex_blg5n29jsz08,0.8608,"maxpool,attention,final_state,meanpool",lr,1024,2,5,7,1,128,2294922667,2500,5,30000
training_41,tk_ohfnpsi1uapp,,ex_blg5n29jsz08,0.8394,"final_state,attention,maxpool,meanpool",cnn,512,2,5,7,3,512,1989892904,2500,5,30000
training_32,tk_bhqs1ndfnipo,,ex_blg5n29jsz08,0.855,final_state,boe,128,2,10,5,2,512,2002861410,2500,2,30000
training_15,tk_73jd0aplfip5,,ex_blg5n29jsz08,0.8552,"meanpool,attention",lr,128,5,5,5,2,128,1004546748,2500,2,30000
training_4,tk_ck8pwhng86uk,,ex_blg5n29jsz08,0.8614,"attention,maxpool",lr,64,2,5,7,2,512,2002861410,2500,2,30000
training_7,tk_scsb6rmy6r4l,,ex_blg5n29jsz08,0.8576,"attention,final_state",cnn,64,5,10,5,1,156,2002861410,2500,5,30000
training_42,tk_w2t0fs7srolz,,ex_blg5n29jsz08,0.8662,"meanpool,attention",lr,64,2,10,7,1,128,4076992239,2500,5,30000
training_30,tk_pz517stng70g,,ex_blg5n29jsz08,0.8594,final_state,cnn,512,5,1,5,3,156,2294922667,2500,0,30000
training_3,tk_o5i8nermpqr5,,ex_blg5n29jsz08,0.8608,"meanpool,final_state,attention,maxpool",lr,512,2,10,5,1,128,2294922667,2500,2,30000
training_40,tk_a0gthmcoorb1,,ex_blg5n29jsz08,0.8556,"final_state,attention,maxpool",lstm,128,2,5,5,3,156,2294922667,2500,5,30000
training_12,tk_1lvwu30grg9u,,ex_blg5n29jsz08,0.861,"meanpool,maxpool,final_state",lstm,128,5,1,5,1,156,4076992239,2500,5,30000
training_31,tk_mcaaomsa3ug7,,ex_blg5n29jsz08,0.8634,"final_state,meanpool",lstm,64,0,5,10,2,512,4076992239,2500,2,30000
training_25,tk_tq7fzt7m96an,,ex_blg5n29jsz08,0.8392,"meanpool,maxpool,attention",boe,1024,2,1,5,1,128,1004546748,2500,5,30000
training_34,tk_rd3cdoebcagi,,ex_blg5n29jsz08,0.8676,"final_state,meanpool,maxpool,attention",lr,64,0,10,10,1,156,4076992239,2500,5,30000
training_11,tk_clvwu2nxnux9,,ex_blg5n29jsz08,0.866,"attention,final_state",lr,2048,0,1,7,1,128,4076992239,2500,2,30000
training_1,tk_1y8i51fb6fq0,,ex_blg5n29jsz08,0.8614,"attention,meanpool",lr,2048,2,5,7,3,512,2002861410,2500,2,30000
training_27,tk_hocyb0372f67,,ex_blg5n29jsz08,0.8588,"attention,meanpool",lr,512,2,1,5,2,512,1004546748,2500,2,30000
training_38,tk_6dypltlblvg0,,ex_blg5n29jsz08,,"meanpool,final_state,maxpool,attention",lstm,2048,0,10,5,3,512,2294922667,2500,0,30000
training_43,tk_njzgx2fdpal8,,ex_blg5n29jsz08,0.8544,maxpool,lstm,1024,0,5,5,1,156,4076992239,2500,5,30000
training_35,tk_wek44hfskjz5,,ex_blg5n29jsz08,0.8546,"meanpool,maxpool",lr,64,5,1,7,2,128,2294922667,2500,2,30000
training_45,tk_ffq60razi1hf,,ex_blg5n29jsz08,0.8554,"meanpool,final_state,attention",lstm,1024,5,5,7,1,512,4076992239,2500,2,30000
training_19,tk_n8m0fxmmshuv,,ex_blg5n29jsz08,0.8664,final_state,lr,2048,2,1,5,1,128,4076992239,2500,5,30000
training_21,tk_9epuw565pr48,,ex_blg5n29jsz08,0.8540000000000001,"maxpool,meanpool,attention",lstm,1024,2,1,10,2,128,2294922667,2500,2,30000
training_18,tk_y6c2anm7gxgo,,ex_blg5n29jsz08,0.8264,"maxpool,final_state,meanpool",boe,1024,0,1,7,3,128,2294922667,2500,5,30000
training_41,tk_ohfnpsi1uapp,,ex_blg5n29jsz08,0.8394,"final_state,attention,maxpool,meanpool",cnn,512,2,5,7,3,512,1989892904,2500,5,30000
training_16,tk_zzmr8i0aisaf,,ex_blg5n29jsz08,0.8490000000000001,"attention,meanpool",cnn,64,2,1,7,3,512,4076992239,2500,2,30000
training_44,tk_k6v3v19cbv96,,ex_blg5n29jsz08,0.865,"attention,final_state,maxpool",lstm,1024,5,5,7,3,512,2294922667,2500,5,30000
training_49,tk_8go7sy1xvyvm,,ex_blg5n29jsz08,0.8552,"final_state,meanpool",cnn,2048,5,1,7,3,512,1004546748,2500,2,30000
training_33,tk_2vdacwjamwl0,,ex_blg5n29jsz08,0.8176,final_state,lstm,2048,5,5,7,2,156,1989892904,2500,5,30000
training_5,tk_sdjaaort7s22,,ex_blg5n29jsz08,0.8614,"attention,final_state,maxpool",lstm,2048,5,5,5,3,156,2002861410,2500,5,30000
training_29,tk_wr98poag8i8c,,ex_blg5n29jsz08,0.855,meanpool,boe,128,2,10,5,2,156,2002861410,2500,5,30000
training_37,tk_29pnmquwheka,,ex_blg5n29jsz08,0.866,"meanpool,attention,final_state",lr,64,0,1,5,3,156,4076992239,2500,2,30000
training_21,tk_12tr6b6th6ob,,ex_5eop2p1rup4m,0.6754,attention,lstm,2048,2,10,10,3,512,4076992239,2500,0,30000
training_47,tk_7kz3vbdfhy93,,ex_5eop2p1rup4m,0.8548,"maxpool,attention",cnn,1024,5,1,7,1,128,2294922667,2500,0,30000
training_36,tk_1e8xtfije02f,,ex_5eop2p1rup4m,0.8566,"final_state,attention",cnn,512,5,1,5,1,512,1004546748,2500,5,30000
training_27,tk_lni8xmsg7rez,,ex_5eop2p1rup4m,0.8516,meanpool,lstm,128,0,5,10,2,128,1989892904,2500,0,30000
training_35,tk_hbyn6ex6ldps,,ex_5eop2p1rup4m,0.8608,meanpool,lr,64,2,5,10,3,156,2294922667,2500,5,30000
training_43,tk_913a2vv6szxk,,ex_5eop2p1rup4m,0.8558,"attention,final_state,meanpool",cnn,512,5,5,10,1,128,2002861410,2500,5,30000
training_1,tk_svcmdt9h9kek,,ex_5eop2p1rup4m,0.8608,maxpool,lr,128,2,10,10,3,156,2294922667,2500,5,30000
training_38,tk_r1c1jwbprowo,,ex_5eop2p1rup4m,0.8474,"meanpool,attention,maxpool,final_state",boe,128,2,10,5,3,156,2294922667,2500,2,30000
training_39,tk_uipkp5ig2wqf,,ex_5eop2p1rup4m,0.8009999999999999,attention,boe,2048,0,1,10,1,128,4076992239,2500,2,30000
training_24,tk_72dzvrq4gnxh,,ex_5eop2p1rup4m,0.8516,"maxpool,final_state",cnn,1024,0,5,5,2,156,1989892904,2500,5,30000
training_4,tk_9itvfmts8gcp,,ex_5eop2p1rup4m,0.8374,"final_state,maxpool,meanpool,attention",cnn,1024,2,5,7,2,156,1989892904,2500,2,30000
training_6,tk_eu9rqfkb6dtx,,ex_5eop2p1rup4m,0.8576,"attention,maxpool",lstm,128,5,10,7,1,128,2294922667,2500,5,30000
training_3,tk_eu1abxi8rw0z,,ex_5eop2p1rup4m,0.8648,"meanpool,final_state,maxpool",lr,128,2,5,7,2,512,1989892904,2500,0,30000
training_23,tk_qdu93qw5jzyq,,ex_5eop2p1rup4m,0.8572,"attention,meanpool,final_state",cnn,2048,5,1,10,3,128,1989892904,2500,0,30000
training_29,tk_nhthuho080r7,,ex_5eop2p1rup4m,0.861,"meanpool,attention,maxpool,final_state",lstm,64,0,5,10,3,128,4076992239,2500,5,30000
training_28,tk_7tpwe2h1u3ae,,ex_5eop2p1rup4m,0.8474,"meanpool,maxpool",lstm,64,5,10,5,1,512,1004546748,2500,0,30000
training_5,tk_s2hc50jvgu78,,ex_5eop2p1rup4m,0.8490000000000001,"meanpool,attention,maxpool,final_state",cnn,64,0,10,5,1,128,1004546748,2500,5,30000
training_17,tk_vm86z18lptki,,ex_5eop2p1rup4m,0.8588,"maxpool,final_state,meanpool,attention",lr,128,5,5,10,2,156,2294922667,2500,2,30000
training_8,tk_sekjovowwak3,,ex_5eop2p1rup4m,0.8284,"attention,final_state",boe,128,2,1,7,3,512,1004546748,2500,0,30000
training_14,tk_szprjxncx0oq,,ex_5eop2p1rup4m,0.853,"meanpool,attention,final_state,maxpool",cnn,1024,0,5,10,3,512,2294922667,2500,5,30000
training_45,tk_u8pog3jcmjxb,,ex_5eop2p1rup4m,0.858,final_state,lstm,128,0,1,5,1,128,1004546748,2500,5,30000
training_37,tk_yry73xs90sd0,,ex_5eop2p1rup4m,0.8508,"maxpool,final_state,attention,meanpool",cnn,2048,5,1,7,2,156,1989892904,2500,5,30000
training_44,tk_hmmsfr5xz9i5,,ex_5eop2p1rup4m,0.8578,"attention,meanpool,maxpool",cnn,2048,2,1,10,3,128,2294922667,2500,5,30000
training_11,tk_jzsf8i0hgwt1,,ex_5eop2p1rup4m,0.8540000000000001,"attention,meanpool,maxpool",cnn,512,5,5,7,2,512,2294922667,2500,5,30000
training_32,tk_tb9ssc2kuluj,,ex_5eop2p1rup4m,0.8352,"meanpool,attention",cnn,512,0,10,5,3,156,1004546748,2500,0,30000
training_2,tk_1gb6c06sb47l,,ex_5eop2p1rup4m,0.8518,"meanpool,final_state,attention,maxpool",cnn,2048,0,5,7,1,128,4076992239,2500,5,30000
training_13,tk_d1fbgq4iscux,,ex_5eop2p1rup4m,0.8676,"final_state,attention,maxpool,meanpool",lr,128,0,10,10,2,156,4076992239,2500,5,30000
training_46,tk_dsip91ujw532,,ex_5eop2p1rup4m,0.8662,"final_state,attention,meanpool,maxpool",lstm,128,5,1,7,1,512,2294922667,2500,0,30000
training_40,tk_35a35h05xhwp,,ex_5eop2p1rup4m,0.8424,"meanpool,maxpool",cnn,128,2,10,10,2,128,4076992239,2500,0,30000
training_10,tk_fipm68n7x9sy,,ex_5eop2p1rup4m,0.8662,"attention,final_state,maxpool,meanpool",lr,128,2,10,10,1,512,4076992239,2500,2,30000
training_19,tk_wmwf3m1qgjze,,ex_5eop2p1rup4m,0.8528,final_state,lstm,64,2,1,5,2,512,2294922667,2500,0,30000
training_49,tk_36j8a5o936t6,,ex_5eop2p1rup4m,0.8536,"attention,meanpool,maxpool,final_state",lstm,64,5,5,10,3,156,1004546748,2500,2,30000
training_22,tk_qrxx765efvaf,,ex_5eop2p1rup4m,0.8484,"maxpool,meanpool,attention,final_state",boe,64,5,10,7,3,128,1004546748,2500,2,30000
training_7,tk_fiveij89wobi,,ex_5eop2p1rup4m,0.8534,"meanpool,attention,maxpool,final_state",cnn,128,0,1,7,1,156,1989892904,2500,0,30000
training_15,tk_lfuhvtiohc95,,ex_5eop2p1rup4m,0.8522,"meanpool,final_state,maxpool,attention",cnn,2048,0,5,7,1,512,2002861410,2500,5,30000
training_48,tk_ai2tseaw9cnz,,ex_5eop2p1rup4m,0.8496,"final_state,meanpool",boe,64,2,5,7,3,128,4076992239,2500,5,30000
training_26,tk_co0xzaq54ck3,,ex_5eop2p1rup4m,0.853,"maxpool,meanpool,final_state,attention",cnn,128,5,1,10,1,156,1989892904,2500,2,30000
training_0,tk_2b2b468jjqu9,,ex_5eop2p1rup4m,0.862,"maxpool,attention",lstm,512,2,10,10,2,128,1989892904,2500,2,30000
training_30,tk_dxyrz5febpg8,,ex_5eop2p1rup4m,0.828,final_state,boe,1024,0,10,5,3,156,1004546748,2500,0,30000
training_9,tk_ox98mewijcq6,,ex_5eop2p1rup4m,0.8420000000000001,maxpool,boe,2048,2,5,10,1,156,1004546748,2500,5,30000
training_12,tk_5alnm3eqmsn1,,ex_5eop2p1rup4m,0.8298,"final_state,maxpool,attention,meanpool",cnn,64,5,10,7,1,128,1989892904,2500,5,30000
training_31,tk_eu8z2qqkrx0k,,ex_5eop2p1rup4m,0.8372,"final_state,maxpool",cnn,128,5,10,10,3,512,2294922667,2500,5,30000
training_20,tk_lrfhprq020gy,,ex_5eop2p1rup4m,0.8578,"maxpool,meanpool,final_state,attention",lstm,512,2,5,10,2,512,4076992239,2500,5,30000
training_41,tk_zbiucinhwgip,,ex_5eop2p1rup4m,0.8594,"attention,meanpool,maxpool",cnn,64,5,1,10,2,512,1989892904,2500,0,30000
training_25,tk_u7swznva97in,,ex_5eop2p1rup4m,0.8546,maxpool,lr,128,5,1,7,2,512,2294922667,2500,2,30000
training_42,tk_eptjbm3m7nvc,,ex_5eop2p1rup4m,0.8634,"final_state,meanpool,maxpool,attention",lstm,1024,0,5,5,1,156,1004546748,2500,0,30000
training_34,tk_hhqrzdt83vyq,,ex_5eop2p1rup4m,0.8524,meanpool,lstm,2048,5,5,5,1,512,2294922667,2500,0,30000
training_18,tk_eo4uzwbot0p8,,ex_5eop2p1rup4m,0.8540000000000001,maxpool,lstm,1024,2,5,5,3,512,4076992239,2500,2,30000
training_16,tk_3z9r1r96wo1a,,ex_5eop2p1rup4m,0.8644,"attention,maxpool",lstm,2048,5,1,5,1,156,2294922667,2500,5,30000
training_33,tk_o7m7516jw3j9,,ex_5eop2p1rup4m,0.8572,"meanpool,attention",lstm,2048,5,5,5,3,512,1004546748,2500,2,30000
training_35,tk_6v1ka9ogzo4s,,ex_p1s6ht8f59xe,0.8736,"meanpool,attention",cnn,512,2,5,10,3,128,4076992239,10000,2,30000
training_29,tk_wewybxhxldhk,,ex_p1s6ht8f59xe,0.8728,"attention,meanpool,maxpool",lstm,128,0,1,7,2,512,4076992239,10000,5,30000
training_12,tk_z9yk8vluajzq,,ex_p1s6ht8f59xe,0.8726,meanpool,cnn,2048,5,5,5,1,156,2294922667,10000,0,30000
training_36,tk_3o1wa15trjuw,,ex_p1s6ht8f59xe,0.8646,"final_state,maxpool",boe,512,5,1,7,2,156,2002861410,10000,0,30000
training_32,tk_fh43asl73qco,,ex_p1s6ht8f59xe,0.878,"final_state,attention,meanpool",lr,64,2,1,5,3,128,2002861410,10000,2,30000
training_26,tk_k3vdejdfohr2,,ex_p1s6ht8f59xe,0.8758,meanpool,lr,512,0,1,7,2,128,2294922667,10000,0,30000
training_41,tk_p784z1t8erki,,ex_p1s6ht8f59xe,0.8586,"maxpool,attention,final_state",lstm,1024,5,10,10,3,128,1004546748,10000,5,30000
training_47,tk_nnhw6ryla2xy,,ex_p1s6ht8f59xe,0.8246,"attention,final_state",boe,128,0,1,10,3,512,2002861410,10000,2,30000
training_37,tk_xhl48113xicd,,ex_p1s6ht8f59xe,0.8672,"attention,maxpool,final_state",lstm,64,2,1,10,2,156,1989892904,10000,5,30000
training_49,tk_i9wa1cugvohk,,ex_p1s6ht8f59xe,0.8554,"meanpool,final_state,maxpool,attention",boe,1024,5,5,7,1,156,1004546748,10000,5,30000
training_40,tk_dp3ri1gj8wb3,,ex_p1s6ht8f59xe,0.8654,maxpool,boe,128,5,5,5,2,512,2002861410,10000,2,30000
training_10,tk_cmhkacqvbgip,,ex_p1s6ht8f59xe,0.8564,"meanpool,attention,maxpool,final_state",boe,2048,2,1,7,1,156,2294922667,10000,5,30000
training_43,tk_bddn9kddeewb,,ex_p1s6ht8f59xe,0.8746,"attention,maxpool,meanpool,final_state",lr,2048,0,10,5,2,156,1989892904,10000,2,30000
training_3,tk_oj63w2qhhts2,,ex_p1s6ht8f59xe,0.8726,"maxpool,final_state",cnn,64,5,5,5,2,156,2002861410,10000,5,30000
training_7,tk_zip9gaw6sf82,,ex_p1s6ht8f59xe,0.8558,meanpool,lstm,128,5,10,5,2,128,2002861410,10000,0,30000
training_16,tk_c31y6tl1tvx3,,ex_p1s6ht8f59xe,0.8740000000000001,"final_state,attention,meanpool",lstm,128,0,1,10,3,512,2294922667,10000,5,30000
training_24,tk_yccfi2bq5eog,,ex_p1s6ht8f59xe,0.8552,final_state,boe,2048,5,5,10,3,512,4076992239,10000,5,30000
training_15,tk_bshho5y5za9b,,ex_p1s6ht8f59xe,0.8722,final_state,cnn,512,0,10,10,2,156,4076992239,10000,2,30000
training_11,tk_aqz5mtd5ni7q,,ex_p1s6ht8f59xe,0.8742,"maxpool,final_state,meanpool,attention",lr,1024,2,5,5,3,128,1004546748,10000,5,30000
training_4,tk_bzjnw1mneln1,,ex_p1s6ht8f59xe,0.8546,"meanpool,attention,final_state,maxpool",boe,2048,5,5,10,1,512,2294922667,10000,0,30000
training_0,tk_kmcjiu40rymh,,ex_p1s6ht8f59xe,0.8782,"final_state,maxpool,attention",lstm,64,0,5,5,1,128,2294922667,10000,5,30000
training_39,tk_xogv4xui3ijz,,ex_p1s6ht8f59xe,0.8558,"attention,final_state",boe,64,2,5,10,1,156,1989892904,10000,2,30000
training_30,tk_d9pxsj3bdsed,,ex_p1s6ht8f59xe,0.8728,"final_state,meanpool,attention,maxpool",lr,512,0,10,5,2,156,4076992239,10000,0,30000
training_17,tk_ler807jmbj5g,,ex_p1s6ht8f59xe,0.8722,"maxpool,final_state,meanpool,attention",lstm,1024,2,5,10,2,512,4076992239,10000,0,30000
training_48,tk_fs22pj5w286q,,ex_p1s6ht8f59xe,0.8698,"maxpool,final_state,attention",cnn,64,0,1,7,2,128,1989892904,10000,5,30000
training_5,tk_awqsmjrqsmuk,,ex_p1s6ht8f59xe,0.8642,final_state,boe,64,5,1,7,1,512,2294922667,10000,5,30000
training_1,tk_stvqbh7p0hoq,,ex_p1s6ht8f59xe,0.8732,"meanpool,maxpool",cnn,1024,2,5,10,3,156,1004546748,10000,5,30000
training_34,tk_rl39xb7ucadx,,ex_p1s6ht8f59xe,0.8758,"attention,maxpool,meanpool,final_state",lr,64,0,1,5,1,512,2294922667,10000,0,30000
training_20,tk_82t93snqzxnf,,ex_p1s6ht8f59xe,0.8502,attention,lstm,128,5,5,5,1,128,1989892904,10000,5,30000
training_2,tk_h3k2t66ol616,,ex_p1s6ht8f59xe,0.8718,"maxpool,meanpool",cnn,512,5,10,7,3,128,2002861410,10000,2,30000
training_35,tk_6v1ka9ogzo4s,,ex_p1s6ht8f59xe,0.8736,"meanpool,attention",cnn,512,2,5,10,3,128,4076992239,10000,2,30000
training_46,tk_r1tk0jj9durn,,ex_p1s6ht8f59xe,0.8538,"final_state,meanpool",lstm,512,5,5,5,1,512,1989892904,10000,2,30000
training_27,tk_46oeptzitg1g,,ex_p1s6ht8f59xe,0.868,meanpool,lstm,64,2,5,5,3,156,2002861410,10000,2,30000
training_42,tk_d1c62hnpi61a,,ex_p1s6ht8f59xe,0.8708,maxpool,lr,64,5,1,5,2,128,2294922667,10000,0,30000
training_28,tk_nh55mfysfglh,,ex_p1s6ht8f59xe,0.8694,"attention,maxpool",lr,64,5,1,7,3,128,4076992239,10000,5,30000
training_16,tk_c31y6tl1tvx3,,ex_p1s6ht8f59xe,0.8740000000000001,"final_state,attention,meanpool",lstm,128,0,1,10,3,512,2294922667,10000,5,30000
training_8,tk_f1l2n8ylqc2j,,ex_p1s6ht8f59xe,0.8724,"attention,final_state,maxpool",lr,2048,0,1,5,1,512,4076992239,10000,0,30000
training_18,tk_pjuq5lwlaek1,,ex_p1s6ht8f59xe,0.878,attention,lr,2048,2,1,7,1,156,2002861410,10000,0,30000
training_40,tk_dp3ri1gj8wb3,,ex_p1s6ht8f59xe,0.8654,maxpool,boe,128,5,5,5,2,512,2002861410,10000,2,30000
training_24,tk_yccfi2bq5eog,,ex_p1s6ht8f59xe,0.8552,final_state,boe,2048,5,5,10,3,512,4076992239,10000,5,30000
training_37,tk_xhl48113xicd,,ex_p1s6ht8f59xe,0.8672,"attention,maxpool,final_state",lstm,64,2,1,10,2,156,1989892904,10000,5,30000
training_17,tk_ler807jmbj5g,,ex_p1s6ht8f59xe,0.8722,"maxpool,final_state,meanpool,attention",lstm,1024,2,5,10,2,512,4076992239,10000,0,30000
training_31,tk_9m24ob0tknqz,,ex_p1s6ht8f59xe,0.8718,"attention,maxpool",lstm,512,2,10,10,2,128,4076992239,10000,5,30000
training_9,tk_0ihm0zwyzu2y,,ex_p1s6ht8f59xe,0.8344,"final_state,meanpool",boe,1024,0,1,10,1,128,2002861410,10000,0,30000
training_22,tk_1kcfjn07fpnb,,ex_p1s6ht8f59xe,0.8744,"final_state,attention,meanpool,maxpool",lstm,512,2,5,10,3,512,1004546748,10000,0,30000
training_4,tk_bzjnw1mneln1,,ex_p1s6ht8f59xe,0.8546,"meanpool,attention,final_state,maxpool",boe,2048,5,5,10,1,512,2294922667,10000,0,30000
training_32,tk_fh43asl73qco,,ex_p1s6ht8f59xe,0.878,"final_state,attention,meanpool",lr,64,2,1,5,3,128,2002861410,10000,2,30000
training_34,tk_rl39xb7ucadx,,ex_p1s6ht8f59xe,0.8758,"attention,maxpool,meanpool,final_state",lr,64,0,1,5,1,512,2294922667,10000,0,30000
training_39,tk_xogv4xui3ijz,,ex_p1s6ht8f59xe,0.8558,"attention,final_state",boe,64,2,5,10,1,156,1989892904,10000,2,30000
training_13,tk_u2qjhie22du3,,ex_p1s6ht8f59xe,0.659,maxpool,lstm,2048,5,10,7,3,512,4076992239,10000,2,30000
training_3,tk_yysg6p72e6wo,,ex_l59t56p0lrrq,0.8646,final_state,lstm,128,5,1,5,1,156,1004546748,10000,2,30000
training_37,tk_a83hq6pa3gsw,,ex_l59t56p0lrrq,0.873,"final_state,meanpool",lr,1024,2,5,7,1,512,1989892904,10000,0,30000
training_44,tk_69j2dube0awb,,ex_l59t56p0lrrq,0.8742,meanpool,lstm,2048,0,1,7,1,128,2294922667,10000,0,30000
training_19,tk_7sfxdlt42rj2,,ex_l59t56p0lrrq,0.8476,"maxpool,attention,meanpool",boe,1024,5,10,7,2,128,1004546748,10000,0,30000
training_21,tk_0ymdp5fpm9ee,,ex_l59t56p0lrrq,0.8558,attention,boe,2048,2,5,10,2,512,1004546748,10000,0,30000
training_31,tk_jnq27mmk95zd,,ex_l59t56p0lrrq,0.875,"meanpool,final_state,maxpool,attention",cnn,128,2,5,7,1,512,4076992239,10000,5,30000
training_6,tk_w6myl6s5cbug,,ex_l59t56p0lrrq,0.861,meanpool,boe,1024,5,10,10,1,512,1989892904,10000,0,30000
training_0,tk_lkw6foulxr19,,ex_l59t56p0lrrq,0.8578,"final_state,meanpool,attention,maxpool",boe,64,5,5,5,2,128,2002861410,10000,2,30000
training_41,tk_p1axioa3wib9,,ex_l59t56p0lrrq,0.8642,"maxpool,final_state",lr,512,5,10,10,2,512,1004546748,10000,5,30000
training_15,tk_u0af6rs0iuod,,ex_l59t56p0lrrq,0.8586,"maxpool,attention,final_state,meanpool",cnn,2048,2,5,7,3,128,1989892904,10000,5,30000
training_49,tk_3dsan89yfke4,,ex_l59t56p0lrrq,0.8458,maxpool,boe,512,0,10,7,2,156,1004546748,10000,0,30000
training_48,tk_sv2itsvmxc8n,,ex_l59t56p0lrrq,0.8592,"final_state,meanpool,maxpool,attention",cnn,128,5,10,10,3,156,1989892904,10000,2,30000
training_26,tk_tu7myca0iiot,,ex_l59t56p0lrrq,0.8706,attention,lr,1024,5,5,7,2,128,1989892904,10000,0,30000
training_46,tk_i4znpnmg911j,,ex_l59t56p0lrrq,0.8716,"final_state,attention",lr,1024,2,10,5,1,512,2294922667,10000,2,30000
training_27,tk_8dhvkpjlva6y,,ex_l59t56p0lrrq,0.8604,"final_state,maxpool",boe,1024,2,1,7,1,128,1004546748,10000,0,30000
training_2,tk_21s0g4mknx2x,,ex_l59t56p0lrrq,0.8662,"attention,maxpool",cnn,64,0,10,7,3,128,2294922667,10000,2,30000
training_18,tk_exxguye97k1n,,ex_l59t56p0lrrq,0.8746,attention,lr,512,0,10,10,1,128,1989892904,10000,0,30000
training_33,tk_iues1x7ym8zh,,ex_l59t56p0lrrq,0.8716,"final_state,meanpool",lr,128,2,10,5,3,128,2294922667,10000,0,30000
training_14,tk_ml11o0r1gnyt,,ex_l59t56p0lrrq,0.8778,"attention,final_state,maxpool",cnn,64,2,10,7,3,128,4076992239,10000,2,30000
training_42,tk_050jeu62tnjt,,ex_l59t56p0lrrq,0.8740000000000001,"attention,meanpool",lr,64,2,10,7,1,128,1004546748,10000,0,30000
training_17,tk_h0lbr7j13jnc,,ex_l59t56p0lrrq,0.8796,"maxpool,final_state,meanpool,attention",lr,64,0,1,7,3,128,2002861410,10000,0,30000
training_32,tk_hbyuagh8f340,,ex_l59t56p0lrrq,0.8740000000000001,"maxpool,final_state,attention,meanpool",lr,2048,2,10,7,3,512,1004546748,10000,0,30000
training_13,tk_3khj03iebpvy,,ex_l59t56p0lrrq,0.8754,"meanpool,final_state,attention",lr,1024,2,1,10,2,512,2294922667,10000,5,30000
training_43,tk_71jfg679gksb,,ex_l59t56p0lrrq,0.8688,"maxpool,final_state,attention",cnn,64,2,10,7,2,128,4076992239,10000,2,30000
training_11,tk_dyauzr0rv4p4,,ex_l59t56p0lrrq,0.8664,maxpool,cnn,2048,5,10,10,3,128,1004546748,10000,2,30000
training_5,tk_rrs9u2d57hph,,ex_l59t56p0lrrq,0.8758,"attention,meanpool,maxpool",lr,64,0,1,7,2,128,2294922667,10000,2,30000
training_20,tk_vk3cfltrk2zu,,ex_l59t56p0lrrq,0.8706,meanpool,lstm,128,2,5,5,1,156,1004546748,10000,2,30000
training_34,tk_ocyke8a1eh1y,,ex_l59t56p0lrrq,0.8306,"meanpool,maxpool,attention",boe,64,0,5,7,3,512,2002861410,10000,0,30000
training_7,tk_13rn7t7sm2wk,,ex_l59t56p0lrrq,0.8754,"maxpool,final_state",lr,2048,2,1,7,2,512,2294922667,10000,5,30000
training_30,tk_n4lpbwph84c4,,ex_l59t56p0lrrq,0.8694,"final_state,meanpool,attention",cnn,1024,5,5,10,3,128,2002861410,10000,2,30000
training_1,tk_isnjbxghj2dn,,ex_l59t56p0lrrq,0.8748,"maxpool,attention,meanpool",cnn,128,5,10,10,2,128,1004546748,10000,5,30000
training_36,tk_edc70vkkfijo,,ex_l59t56p0lrrq,0.873,"meanpool,attention,maxpool,final_state",lr,2048,2,5,7,1,128,4076992239,10000,2,30000
training_28,tk_a4nudmymt3vb,,ex_l59t56p0lrrq,0.8754,final_state,lr,2048,2,1,5,3,128,2294922667,10000,0,30000
training_40,tk_cmqwpbj56wx3,,ex_l59t56p0lrrq,0.867,"final_state,attention",cnn,64,2,5,7,3,512,1989892904,10000,0,30000
training_23,tk_tmrgwq6fwh12,,ex_l59t56p0lrrq,0.8654,"final_state,attention,meanpool,maxpool",cnn,1024,5,1,10,1,156,2294922667,10000,2,30000
training_10,tk_bxbjb8xw9xto,,ex_l59t56p0lrrq,0.8616,"meanpool,final_state,attention,maxpool",lstm,128,2,10,5,3,156,4076992239,10000,5,30000
training_47,tk_wunfaqbo847h,,ex_l59t56p0lrrq,0.8758,meanpool,lr,64,0,1,7,1,156,2294922667,10000,2,30000
training_8,tk_f81r6cyps4jp,,ex_l59t56p0lrrq,0.8538,"meanpool,attention",boe,2048,2,10,10,3,128,1004546748,10000,0,30000
training_4,tk_9lhf23jf6jgq,,ex_l59t56p0lrrq,0.8746,"maxpool,meanpool,attention,final_state",lr,128,0,10,10,2,512,1989892904,10000,5,30000
training_9,tk_yztqg6yf42ei,,ex_l59t56p0lrrq,0.8740000000000001,"attention,final_state",lr,128,0,1,10,2,512,1004546748,10000,2,30000
training_45,tk_bwtx1exosj8j,,ex_l59t56p0lrrq,0.8714,"final_state,attention,meanpool,maxpool",cnn,2048,0,5,7,2,128,1989892904,10000,5,30000
training_16,tk_obsy3kllp2bb,,ex_l59t56p0lrrq,0.8692,"maxpool,final_state,attention",lstm,128,2,1,10,3,128,2002861410,10000,5,30000
training_24,tk_xi6nfvw0h6du,,ex_l59t56p0lrrq,0.8314,"maxpool,final_state,attention,meanpool",boe,512,0,5,7,1,156,2294922667,10000,5,30000
training_38,tk_e5o7ywspox4r,,ex_l59t56p0lrrq,0.8732,"maxpool,attention,meanpool",lstm,128,2,1,5,3,512,1989892904,10000,2,30000
training_25,tk_9z0zqgw06hue,,ex_l59t56p0lrrq,0.8676,meanpool,cnn,64,5,10,10,3,512,2002861410,10000,2,30000
training_39,tk_505s753ajwgh,,ex_l59t56p0lrrq,0.8748,"final_state,meanpool,maxpool",lstm,512,2,5,5,2,128,2294922667,10000,0,30000
training_12,tk_nr2ue75fldf2,,ex_l59t56p0lrrq,0.8748,"maxpool,final_state,attention,meanpool",lstm,512,2,5,10,3,156,1004546748,10000,0,30000
training_22,tk_g824bcspqty2,,ex_l59t56p0lrrq,0.8788,"meanpool,maxpool,attention,final_state",lstm,1024,0,5,7,2,156,1989892904,10000,0,30000
training_35,tk_16a9mp6y5cks,,ex_l59t56p0lrrq,0.8606,"final_state,maxpool",lstm,2048,2,5,10,1,128,2294922667,10000,2,30000
training_29,tk_dxen86hkzqmj,,ex_l59t56p0lrrq,0.8448,meanpool,lstm,2048,0,10,5,2,512,2002861410,10000,2,30000
