"Task_Name","Task_ID","Experiment_Name","Experiment_ID","metric_best_validation_accuracy","env_AGGREGATIONS","env_CLASSIFIER","env_CLF_HIDDEN_DIM","env_DROPOUT","env_EMBEDDING_DIM","env_LEARNING_RATE","env_MAX_FILTER_SIZE","env_NUM_ENCODER_LAYERS","env_NUM_FILTERS","env_SEED","env_THROTTLE","env_VAE_DROPOUT","env_VAE_VOCAB","env_VOCAB_SIZE"
"training_279","tk_k4xwexsuy9qp","","ex_lz9ctv3vktpi",0.7504,"attention,final_state,maxpool","lr","2048","2","50","10","10","3","156","4076792239","200","0","s3://suching-dev/best_npmi_vae/vae.txt","30000"
"training_218","tk_57do5xwe1p68","","ex_lz9ctv3vktpi",0.7504,"meanpool,final_state,attention,maxpool","lr","2048","2","300","10","5","1","512","4076792239","200","5","s3://suching-dev/best_npmi_vae/vae.txt","30000"
"training_58","tk_il5ptek4vrct","","ex_lz9ctv3vktpi",0.7284,"maxpool,meanpool,attention","boe","2048","5","300","5","10","3","128","1989894904","200","0","s3://suching-dev/best_npmi_vae/vae.txt","30000"
"training_299","tk_xox96na688h5","","ex_lz9ctv3vktpi",0.728,"maxpool,final_state,meanpool,attention","boe","2048","2","512","5","5","3","156","1989894904","200","5","s3://suching-dev/best_npmi_vae/vae.txt","30000"
"training_101","tk_1slff8jc3oly","","ex_lz9ctv3vktpi",0.7584,"meanpool,final_state,attention","lr","2048","5","300","10","5","2","512","4076792239","200","0","s3://suching-dev/best_npmi_vae/vae.txt","30000"
"training_274","tk_xi73gjlrg1uc","","ex_lz9ctv3vktpi",0.7234,"maxpool","boe","2048","2","300","1","5","1","156","2002866410","200","2","s3://suching-dev/best_npmi_vae/vae.txt","30000"
"training_135","tk_ciwycrxesl0y","","ex_lz9ctv3vktpi",0.752,"attention,meanpool","lr","2048","5","512","5","5","2","512","4076792239","200","0","s3://suching-dev/best_npmi_vae/vae.txt","30000"
"training_62","tk_bhjipq1yit8m","","ex_lz9ctv3vktpi",0.7454,"meanpool,maxpool,attention","lr","2048","0","512","1","5","1","512","2294922467","200","2","s3://suching-dev/best_npmi_vae/vae.txt","30000"
"training_70","tk_d3h1kpqq7c6j","","ex_lz9ctv3vktpi",0.7554,"attention,final_state","lr","2048","5","512","5","10","3","512","2002866410","200","2","s3://suching-dev/best_npmi_vae/vae.txt","30000"
"training_194","tk_x5brqx0kbee3","","ex_lz9ctv3vktpi",0.7174,"maxpool,meanpool,attention,final_state","lr","2048","2","128","1","10","3","512","1989894904","200","5","s3://suching-dev/best_npmi_vae/vae.txt","30000"
"training_104","tk_2ezzgnofwmss","","ex_lz9ctv3vktpi",0.7166,"maxpool","lr","2048","0","300","1","7","1","156","1989894904","200","5","s3://suching-dev/best_npmi_vae/vae.txt","30000"
"training_108","tk_kunos12d914j","","ex_lz9ctv3vktpi",0.7282,"final_state","boe","2048","5","300","1","5","2","128","2294922467","200","5","s3://suching-dev/best_npmi_vae/vae.txt","30000"
"training_38","tk_9l4h9y0mibx9","","ex_lz9ctv3vktpi",0.754,"attention","boe","2048","2","50","5","7","3","156","4076792239","200","5","s3://suching-dev/best_npmi_vae/vae.txt","30000"
"training_140","tk_sr989j0yyag4","","ex_lz9ctv3vktpi",0.7502,"attention","boe","2048","2","300","1","5","1","156","4076792239","200","0","s3://suching-dev/best_npmi_vae/vae.txt","30000"
"training_25","tk_d8ou1kpsw2v9","","ex_lz9ctv3vktpi",0.7336,"attention","lr","2048","0","300","10","10","3","512","1989894904","200","0","s3://suching-dev/best_npmi_vae/vae.txt","30000"
"training_66","tk_scda8sa795qj","","ex_lz9ctv3vktpi",0.7484,"final_state","boe","2048","2","128","5","10","2","128","1004506748","200","2","s3://suching-dev/best_npmi_vae/vae.txt","30000"
"training_57","tk_gic4ypvp9abt","","ex_lz9ctv3vktpi",0.741,"meanpool","boe","2048","5","300","10","7","3","128","2294922467","200","5","s3://suching-dev/best_npmi_vae/vae.txt","30000"
"training_10","tk_931nyestmdxs","","ex_lz9ctv3vktpi",0.6336,"attention,maxpool","cnn","2048","0","50","1","5","3","156","1989894904","200","2","s3://suching-dev/best_npmi_vae/vae.txt","30000"
"training_164","tk_s959f0wd4cj0","","ex_lz9ctv3vktpi",0.7592,"final_state","boe","2048","5","512","5","10","1","512","1004506748","200","5","s3://suching-dev/best_npmi_vae/vae.txt","30000"
"training_212","tk_nztj865rnw2p","","ex_lz9ctv3vktpi",0.7392,"maxpool,final_state,attention","boe","2048","2","128","5","5","3","156","1989894904","200","0","s3://suching-dev/best_npmi_vae/vae.txt","30000"
"training_13","tk_kmi8zlge096m","","ex_lz9ctv3vktpi",0.6374,"maxpool,final_state,meanpool,attention","cnn","2048","5","50","1","7","3","156","2294922467","200","2","s3://suching-dev/best_npmi_vae/vae.txt","30000"
"training_30","tk_s74dn0vxwlod","","ex_lz9ctv3vktpi",0.642,"meanpool,final_state","cnn","2048","5","50","5","7","1","128","2002866410","200","0","s3://suching-dev/best_npmi_vae/vae.txt","30000"
"training_36","tk_ophzf5xd9xlw","","ex_lz9ctv3vktpi",0.739,"maxpool","boe","2048","2","128","1","10","2","156","1004506748","200","5","s3://suching-dev/best_npmi_vae/vae.txt","30000"
"training_39","tk_wotjx2dokpjm","","ex_lz9ctv3vktpi",0.7596,"attention,final_state","lr","2048","2","512","10","5","3","512","1004506748","200","0","s3://suching-dev/best_npmi_vae/vae.txt","30000"
"training_214","tk_amduw4lrvkoe","","ex_lz9ctv3vktpi",0.7272,"attention","boe","2048","2","50","10","7","3","156","1004506748","200","5","s3://suching-dev/best_npmi_vae/vae.txt","30000"
"training_41","tk_gys87w93ntdt","","ex_lz9ctv3vktpi",0.6046,"maxpool,attention,meanpool","cnn","2048","2","50","10","5","2","512","1989894904","200","2","s3://suching-dev/best_npmi_vae/vae.txt","30000"
"training_32","tk_w63dp19dotal","","ex_lz9ctv3vktpi",0.7596,"maxpool","lr","2048","2","50","10","5","1","156","1004506748","200","2","s3://suching-dev/best_npmi_vae/vae.txt","30000"
"training_93","tk_ati0e5n5acqk","","ex_lz9ctv3vktpi",0.7318,"final_state,meanpool,maxpool,attention","cnn","2048","0","300","1","5","3","156","2002866410","200","5","s3://suching-dev/best_npmi_vae/vae.txt","30000"
"training_120","tk_w0wz8znxmzq2","","ex_lz9ctv3vktpi",0.739,"attention,meanpool,final_state,maxpool","lr","2048","0","512","5","7","1","512","4076792239","200","5","s3://suching-dev/best_npmi_vae/vae.txt","30000"
"training_188","tk_dp6piws66rso","","ex_lz9ctv3vktpi",0.5098,"maxpool,attention,meanpool","lstm","2048","2","50","10","5","2","156","2002866410","200","2","s3://suching-dev/best_npmi_vae/vae.txt","30000"
"training_57","tk_gic4ypvp9abt","","ex_lz9ctv3vktpi",0.741,"meanpool","boe","2048","5","300","10","7","3","128","2294922467","200","5","s3://suching-dev/best_npmi_vae/vae.txt","30000"
"training_25","tk_d8ou1kpsw2v9","","ex_lz9ctv3vktpi",0.7336,"attention","lr","2048","0","300","10","10","3","512","1989894904","200","0","s3://suching-dev/best_npmi_vae/vae.txt","30000"
"training_66","tk_scda8sa795qj","","ex_lz9ctv3vktpi",0.7484,"final_state","boe","2048","2","128","5","10","2","128","1004506748","200","2","s3://suching-dev/best_npmi_vae/vae.txt","30000"
"training_36","tk_ophzf5xd9xlw","","ex_lz9ctv3vktpi",0.739,"maxpool","boe","2048","2","128","1","10","2","156","1004506748","200","5","s3://suching-dev/best_npmi_vae/vae.txt","30000"
"training_164","tk_s959f0wd4cj0","","ex_lz9ctv3vktpi",0.7592,"final_state","boe","2048","5","512","5","10","1","512","1004506748","200","5","s3://suching-dev/best_npmi_vae/vae.txt","30000"
"training_30","tk_s74dn0vxwlod","","ex_lz9ctv3vktpi",0.642,"meanpool,final_state","cnn","2048","5","50","5","7","1","128","2002866410","200","0","s3://suching-dev/best_npmi_vae/vae.txt","30000"
"training_10","tk_931nyestmdxs","","ex_lz9ctv3vktpi",0.6336,"attention,maxpool","cnn","2048","0","50","1","5","3","156","1989894904","200","2","s3://suching-dev/best_npmi_vae/vae.txt","30000"
"training_135","tk_ciwycrxesl0y","","ex_lz9ctv3vktpi",0.752,"attention,meanpool","lr","2048","5","512","5","5","2","512","4076792239","200","0","s3://suching-dev/best_npmi_vae/vae.txt","30000"
"training_62","tk_bhjipq1yit8m","","ex_lz9ctv3vktpi",0.7454,"meanpool,maxpool,attention","lr","2048","0","512","1","5","1","512","2294922467","200","2","s3://suching-dev/best_npmi_vae/vae.txt","30000"
"training_279","tk_k4xwexsuy9qp","","ex_lz9ctv3vktpi",0.7504,"attention,final_state,maxpool","lr","2048","2","50","10","10","3","156","4076792239","200","0","s3://suching-dev/best_npmi_vae/vae.txt","30000"
"training_110","tk_6yu9vg1glg44","","ex_lz9ctv3vktpi",0.5786,"attention","lstm","2048","0","128","5","7","2","156","2294922467","200","0","s3://suching-dev/best_npmi_vae/vae.txt","30000"
"training_299","tk_xox96na688h5","","ex_lz9ctv3vktpi",0.728,"maxpool,final_state,meanpool,attention","boe","2048","2","512","5","5","3","156","1989894904","200","5","s3://suching-dev/best_npmi_vae/vae.txt","30000"
"training_28","tk_lq3oc03fh458","","ex_lz9ctv3vktpi",0.5542,"maxpool","lstm","2048","5","50","10","10","1","156","1004506748","200","0","s3://suching-dev/best_npmi_vae/vae.txt","30000"
"training_295","tk_vq8mtpbqhcfq","","ex_lz9ctv3vktpi",0.5264,"meanpool,attention,final_state,maxpool","lstm","2048","5","512","10","5","1","156","4076792239","200","0","s3://suching-dev/best_npmi_vae/vae.txt","30000"
"training_222","tk_e9ee4384gybi","","ex_lz9ctv3vktpi",0.6788,"attention","lstm","2048","2","50","5","7","3","128","2002866410","200","2","s3://suching-dev/best_npmi_vae/vae.txt","30000"
"training_214","tk_amduw4lrvkoe","","ex_lz9ctv3vktpi",0.7272,"attention","boe","2048","2","50","10","7","3","156","1004506748","200","5","s3://suching-dev/best_npmi_vae/vae.txt","30000"
"training_41","tk_gys87w93ntdt","","ex_lz9ctv3vktpi",0.6046,"maxpool,attention,meanpool","cnn","2048","2","50","10","5","2","512","1989894904","200","2","s3://suching-dev/best_npmi_vae/vae.txt","30000"
"training_58","tk_il5ptek4vrct","","ex_lz9ctv3vktpi",0.7284,"maxpool,meanpool,attention","boe","2048","5","300","5","10","3","128","1989894904","200","0","s3://suching-dev/best_npmi_vae/vae.txt","30000"
"training_70","tk_d3h1kpqq7c6j","","ex_lz9ctv3vktpi",0.7554,"attention,final_state","lr","2048","5","512","5","10","3","512","2002866410","200","2","s3://suching-dev/best_npmi_vae/vae.txt","30000"
"training_218","tk_57do5xwe1p68","","ex_lz9ctv3vktpi",0.7504,"meanpool,final_state,attention,maxpool","lr","2048","2","300","10","5","1","512","4076792239","200","5","s3://suching-dev/best_npmi_vae/vae.txt","30000"
"training_108","tk_kunos12d914j","","ex_lz9ctv3vktpi",0.7282,"final_state","boe","2048","5","300","1","5","2","128","2294922467","200","5","s3://suching-dev/best_npmi_vae/vae.txt","30000"
"training_274","tk_xi73gjlrg1uc","","ex_lz9ctv3vktpi",0.7234,"maxpool","boe","2048","2","300","1","5","1","156","2002866410","200","2","s3://suching-dev/best_npmi_vae/vae.txt","30000"
"training_101","tk_1slff8jc3oly","","ex_lz9ctv3vktpi",0.7584,"meanpool,final_state,attention","lr","2048","5","300","10","5","2","512","4076792239","200","0","s3://suching-dev/best_npmi_vae/vae.txt","30000"
"training_212","tk_nztj865rnw2p","","ex_lz9ctv3vktpi",0.7392,"maxpool,final_state,attention","boe","2048","2","128","5","5","3","156","1989894904","200","0","s3://suching-dev/best_npmi_vae/vae.txt","30000"
"training_32","tk_w63dp19dotal","","ex_lz9ctv3vktpi",0.7596,"maxpool","lr","2048","2","50","10","5","1","156","1004506748","200","2","s3://suching-dev/best_npmi_vae/vae.txt","30000"
"training_194","tk_x5brqx0kbee3","","ex_lz9ctv3vktpi",0.7174,"maxpool,meanpool,attention,final_state","lr","2048","2","128","1","10","3","512","1989894904","200","5","s3://suching-dev/best_npmi_vae/vae.txt","30000"
"training_93","tk_ati0e5n5acqk","","ex_lz9ctv3vktpi",0.7318,"final_state,meanpool,maxpool,attention","cnn","2048","0","300","1","5","3","156","2002866410","200","5","s3://suching-dev/best_npmi_vae/vae.txt","30000"
"training_39","tk_wotjx2dokpjm","","ex_lz9ctv3vktpi",0.7596,"attention,final_state","lr","2048","2","512","10","5","3","512","1004506748","200","0","s3://suching-dev/best_npmi_vae/vae.txt","30000"
"training_120","tk_w0wz8znxmzq2","","ex_lz9ctv3vktpi",0.739,"attention,meanpool,final_state,maxpool","lr","2048","0","512","5","7","1","512","4076792239","200","5","s3://suching-dev/best_npmi_vae/vae.txt","30000"
"training_1","tk_u047bptglp2i","","ex_lz9ctv3vktpi",0.7436,"final_state","boe","2048","0","300","10","5","1","128","4076792239","200","0","s3://suching-dev/best_npmi_vae/vae.txt","30000"
"training_222","tk_e9ee4384gybi","","ex_lz9ctv3vktpi",0.6788,"attention","lstm","2048","2","50","5","7","3","128","2002866410","200","2","s3://suching-dev/best_npmi_vae/vae.txt","30000"
"training_247","tk_bf1tf11g8p3v","","ex_lz9ctv3vktpi",0.6968,"final_state","cnn","2048","0","300","5","7","2","156","1989894904","200","0","s3://suching-dev/best_npmi_vae/vae.txt","30000"
"training_57","tk_gic4ypvp9abt","","ex_lz9ctv3vktpi",0.741,"meanpool","boe","2048","5","300","10","7","3","128","2294922467","200","5","s3://suching-dev/best_npmi_vae/vae.txt","30000"
"training_77","tk_b48wp2eh4u2s","","ex_lz9ctv3vktpi",0.5542,"final_state,meanpool,attention","lstm","1024","0","512","5","5","3","156","2002866410","200","0","s3://suching-dev/best_npmi_vae/vae.txt","30000"
"training_51","tk_05r528i1734y","","ex_lz9ctv3vktpi","","maxpool","boe","1024","5","50","1","5","3","156","2002866410","200","2","s3://suching-dev/best_npmi_vae/vae.txt","30000"
"training_81","tk_glup8qgslgi3","","ex_lz9ctv3vktpi",0.7202,"meanpool,maxpool,final_state,attention","boe","1024","0","50","5","7","1","512","1004506748","200","5","s3://suching-dev/best_npmi_vae/vae.txt","30000"
"training_129","tk_7cqpeidfk6c8","","ex_lz9ctv3vktpi",0.581,"maxpool,meanpool,attention,final_state","lstm","1024","0","50","5","5","2","156","4076792239","200","2","s3://suching-dev/best_npmi_vae/vae.txt","30000"
"training_258","tk_18fppwpd11r9","","ex_lz9ctv3vktpi",0.7538,"meanpool,maxpool,attention","boe","1024","2","300","5","7","3","156","1004506748","200","2","s3://suching-dev/best_npmi_vae/vae.txt","30000"
"training_196","tk_dwny0zxfu01y","","ex_lz9ctv3vktpi",0.7378,"attention,maxpool,final_state,meanpool","lr","1024","2","128","5","10","2","156","1989894904","200","5","s3://suching-dev/best_npmi_vae/vae.txt","30000"
"training_291","tk_l5nez9mnevvy","","ex_lz9ctv3vktpi",0.6598,"attention,maxpool","cnn","1024","0","50","1","7","2","156","2002866410","200","2","s3://suching-dev/best_npmi_vae/vae.txt","30000"
"training_79","tk_gvv3e3bkez9b","","ex_lz9ctv3vktpi",0.6228,"maxpool,meanpool,attention","lstm","1024","0","128","1","5","3","128","1004506748","200","5","s3://suching-dev/best_npmi_vae/vae.txt","30000"
"training_22","tk_3gs5sicseeq1","","ex_lz9ctv3vktpi",0.7578,"final_state,maxpool","lr","1024","5","300","5","10","1","512","2294922467","200","0","s3://suching-dev/best_npmi_vae/vae.txt","30000"
"training_262","tk_61o4q9ls91k8","","ex_lz9ctv3vktpi","","meanpool,final_state","lr","1024","2","300","5","5","3","128","2294922467","200","5","s3://suching-dev/best_npmi_vae/vae.txt","30000"
"training_43","tk_69k3a7et2j0r","","ex_lz9ctv3vktpi",0.5258,"maxpool,meanpool,final_state","lstm","1024","0","128","10","5","1","128","2002866410","200","0","s3://suching-dev/best_npmi_vae/vae.txt","30000"
"training_53","tk_g90wpj56ijy8","","ex_lz9ctv3vktpi",0.6306,"meanpool","cnn","1024","2","50","5","10","2","128","4076792239","200","2","s3://suching-dev/best_npmi_vae/vae.txt","30000"
"training_271","tk_cngje15rjhz4","","ex_lz9ctv3vktpi",0.5024,"maxpool,final_state,attention","lstm","1024","5","50","1","5","3","156","2002866410","200","0","s3://suching-dev/best_npmi_vae/vae.txt","30000"
"training_235","tk_bf0oxskqkep4","","ex_lz9ctv3vktpi",0.7304,"attention","boe","1024","2","300","10","5","1","156","2294922467","200","2","s3://suching-dev/best_npmi_vae/vae.txt","30000"
"training_240","tk_dv95zy002ksr","","ex_lz9ctv3vktpi",0.7468,"attention","lr","1024","0","512","10","5","2","512","2002866410","200","5","s3://suching-dev/best_npmi_vae/vae.txt","30000"
"training_282","tk_o3awmd5vxhww","","ex_lz9ctv3vktpi",0.6954,"maxpool,attention,meanpool","boe","1024","2","128","1","7","3","128","2002866410","200","0","s3://suching-dev/best_npmi_vae/vae.txt","30000"
"training_12","tk_bw8qomiy1hmq","","ex_lz9ctv3vktpi",0.5258,"meanpool,maxpool,final_state","lstm","1024","5","512","10","5","2","128","2294922467","200","0","s3://suching-dev/best_npmi_vae/vae.txt","30000"
"training_167","tk_lzdzhobibf43","","ex_lz9ctv3vktpi",0.5066,"final_state,maxpool,attention","lstm","1024","0","512","10","5","3","512","4076792239","200","2","s3://suching-dev/best_npmi_vae/vae.txt","30000"
"training_238","tk_vo1m0aa7htle","","ex_lz9ctv3vktpi",0.5578,"meanpool,attention,final_state,maxpool","lstm","1024","0","300","5","5","2","128","1004506748","200","2","s3://suching-dev/best_npmi_vae/vae.txt","30000"
"training_253","tk_iw852e0p0uie","","ex_lz9ctv3vktpi",0.7506,"meanpool,attention,maxpool,final_state","boe","1024","5","300","1","10","2","512","4076792239","200","2","s3://suching-dev/best_npmi_vae/vae.txt","30000"
"training_248","tk_0euyccbj3si6","","ex_lz9ctv3vktpi",0.739,"meanpool","lr","1024","0","50","5","7","1","156","4076792239","200","5","s3://suching-dev/best_npmi_vae/vae.txt","30000"
"training_195","tk_te6cy6ctbzg5","","ex_lz9ctv3vktpi",0.7422,"final_state,meanpool,maxpool","lr","1024","2","300","10","5","3","156","1989894904","200","5","s3://suching-dev/best_npmi_vae/vae.txt","30000"
"training_60","tk_0u10kejm5x1g","","ex_lz9ctv3vktpi",0.6858,"meanpool","cnn","1024","5","128","1","10","2","128","1989894904","200","5","s3://suching-dev/best_npmi_vae/vae.txt","30000"
"training_263","tk_5m05vip9gqnk","","ex_lz9ctv3vktpi",0.7446,"meanpool,maxpool,final_state","lr","1024","2","512","5","10","3","128","4076792239","200","0","s3://suching-dev/best_npmi_vae/vae.txt","30000"
"training_44","tk_1wi5ch7dc96o","","ex_lz9ctv3vktpi",0.7606,"meanpool","boe","1024","2","128","10","7","1","512","1004506748","200","2","s3://suching-dev/best_npmi_vae/vae.txt","30000"
"training_242","tk_4ie61r1zuk2c","","ex_lz9ctv3vktpi",0.732,"maxpool,meanpool","cnn","1024","5","512","5","7","1","156","4076792239","200","5","s3://suching-dev/best_npmi_vae/vae.txt","30000"
"training_132","tk_inphnfy186c2","","ex_lz9ctv3vktpi",0.7466,"attention,maxpool","lr","1024","2","50","10","5","1","512","2002866410","200","5","s3://suching-dev/best_npmi_vae/vae.txt","30000"
"training_195","tk_te6cy6ctbzg5","","ex_lz9ctv3vktpi",0.7422,"final_state,meanpool,maxpool","lr","1024","2","300","10","5","3","156","1989894904","200","5","s3://suching-dev/best_npmi_vae/vae.txt","30000"
"training_44","tk_1wi5ch7dc96o","","ex_lz9ctv3vktpi",0.7606,"meanpool","boe","1024","2","128","10","7","1","512","1004506748","200","2","s3://suching-dev/best_npmi_vae/vae.txt","30000"
"training_263","tk_5m05vip9gqnk","","ex_lz9ctv3vktpi",0.7446,"meanpool,maxpool,final_state","lr","1024","2","512","5","10","3","128","4076792239","200","0","s3://suching-dev/best_npmi_vae/vae.txt","30000"
"training_40","tk_m79gdmv3jux8","","ex_lz9ctv3vktpi",0.7384,"maxpool","boe","1024","0","128","1","10","2","156","1004506748","200","5","s3://suching-dev/best_npmi_vae/vae.txt","30000"
"training_282","tk_o3awmd5vxhww","","ex_lz9ctv3vktpi",0.6954,"maxpool,attention,meanpool","boe","1024","2","128","1","7","3","128","2002866410","200","0","s3://suching-dev/best_npmi_vae/vae.txt","30000"
"training_60","tk_0u10kejm5x1g","","ex_lz9ctv3vktpi",0.6858,"meanpool","cnn","1024","5","128","1","10","2","128","1989894904","200","5","s3://suching-dev/best_npmi_vae/vae.txt","30000"
"training_144","tk_s43tdmv04ywx","","ex_lz9ctv3vktpi","","maxpool,attention","boe","1024","5","300","10","5","3","156","1989894904","200","2","s3://suching-dev/best_npmi_vae/vae.txt","30000"
"training_154","tk_dwpayes6wtdx","","ex_lz9ctv3vktpi",0.7624,"final_state,meanpool,maxpool,attention","lr","1024","5","512","10","10","1","512","1004506748","200","5","s3://suching-dev/best_npmi_vae/vae.txt","30000"
"training_258","tk_18fppwpd11r9","","ex_lz9ctv3vktpi",0.7538,"meanpool,maxpool,attention","boe","1024","2","300","5","7","3","156","1004506748","200","2","s3://suching-dev/best_npmi_vae/vae.txt","30000"
"training_240","tk_dv95zy002ksr","","ex_lz9ctv3vktpi",0.7468,"attention","lr","1024","0","512","10","5","2","512","2002866410","200","5","s3://suching-dev/best_npmi_vae/vae.txt","30000"
"training_81","tk_glup8qgslgi3","","ex_lz9ctv3vktpi",0.7202,"meanpool,maxpool,final_state,attention","boe","1024","0","50","5","7","1","512","1004506748","200","5","s3://suching-dev/best_npmi_vae/vae.txt","30000"
"training_242","tk_4ie61r1zuk2c","","ex_lz9ctv3vktpi",0.732,"maxpool,meanpool","cnn","1024","5","512","5","7","1","156","4076792239","200","5","s3://suching-dev/best_npmi_vae/vae.txt","30000"
"training_132","tk_inphnfy186c2","","ex_lz9ctv3vktpi",0.7466,"attention,maxpool","lr","1024","2","50","10","5","1","512","2002866410","200","5","s3://suching-dev/best_npmi_vae/vae.txt","30000"
"training_198","tk_gvyn61uynqbt","","ex_lz9ctv3vktpi",0.7392,"attention","cnn","1024","2","300","1","5","1","156","4076792239","200","5","s3://suching-dev/best_npmi_vae/vae.txt","30000"
"training_112","tk_2an6irx7qbck","","ex_lz9ctv3vktpi",0.7306,"maxpool","cnn","1024","5","50","1","5","2","512","1004506748","200","5","s3://suching-dev/best_npmi_vae/vae.txt","30000"
"training_77","tk_b48wp2eh4u2s","","ex_lz9ctv3vktpi",0.5542,"final_state,meanpool,attention","lstm","1024","0","512","5","5","3","156","2002866410","200","0","s3://suching-dev/best_npmi_vae/vae.txt","30000"
"training_191","tk_i6p6bdsuhi4k","","ex_lz9ctv3vktpi",0.5294,"maxpool,final_state,attention","lstm","1024","2","128","1","5","3","512","2002866410","200","0","s3://suching-dev/best_npmi_vae/vae.txt","30000"
"training_145","tk_gmj46zp6uz8n","","ex_lz9ctv3vktpi",0.7174,"final_state","lr","1024","2","128","1","10","2","512","1989894904","200","5","s3://suching-dev/best_npmi_vae/vae.txt","30000"
"training_189","tk_fi7rym1s0dhq","","ex_lz9ctv3vktpi",0.7488,"attention","boe","1024","0","128","5","10","1","128","1004506748","200","0","s3://suching-dev/best_npmi_vae/vae.txt","30000"
"training_129","tk_7cqpeidfk6c8","","ex_lz9ctv3vktpi",0.581,"maxpool,meanpool,attention,final_state","lstm","1024","0","50","5","5","2","156","4076792239","200","2","s3://suching-dev/best_npmi_vae/vae.txt","30000"
"training_33","tk_9lnvnzdd22n3","","ex_lz9ctv3vktpi",0.74,"meanpool","lr","1024","5","300","1","5","1","156","2002866410","200","2","s3://suching-dev/best_npmi_vae/vae.txt","30000"
"training_262","tk_61o4q9ls91k8","","ex_lz9ctv3vktpi","","meanpool,final_state","lr","1024","2","300","5","5","3","128","2294922467","200","5","s3://suching-dev/best_npmi_vae/vae.txt","30000"
"training_168","tk_4cp4w4o63ta5","","ex_lz9ctv3vktpi",0.7282,"attention","boe","1024","5","300","1","10","2","128","2294922467","200","2","s3://suching-dev/best_npmi_vae/vae.txt","30000"
"training_22","tk_3gs5sicseeq1","","ex_lz9ctv3vktpi",0.7578,"final_state,maxpool","lr","1024","5","300","5","10","1","512","2294922467","200","0","s3://suching-dev/best_npmi_vae/vae.txt","30000"
"training_192","tk_8zdffvpvnqgp","","ex_lz9ctv3vktpi",0.7424,"attention","lr","1024","0","50","1","5","1","512","1004506748","200","0","s3://suching-dev/best_npmi_vae/vae.txt","30000"
"training_170","tk_pqkqlin8mq5a","","ex_lz9ctv3vktpi",0.725,"maxpool,final_state,meanpool","boe","1024","5","512","5","5","3","156","1989894904","200","0","s3://suching-dev/best_npmi_vae/vae.txt","30000"
"training_173","tk_xsjk3mz3y5me","","ex_lz9ctv3vktpi",0.7378,"attention","boe","1024","2","300","5","7","2","128","2294922467","200","0","s3://suching-dev/best_npmi_vae/vae.txt","30000"
"training_229","tk_nnu7wa6rpre6","","ex_lz9ctv3vktpi",0.7548,"final_state,maxpool,attention","boe","1024","2","512","5","10","1","128","4076792239","200","0","s3://suching-dev/best_npmi_vae/vae.txt","30000"
"training_79","tk_gvv3e3bkez9b","","ex_lz9ctv3vktpi",0.6228,"maxpool,meanpool,attention","lstm","1024","0","128","1","5","3","128","1004506748","200","5","s3://suching-dev/best_npmi_vae/vae.txt","30000"
"training_5","tk_dazrxgyjxtte","","ex_lz9ctv3vktpi",0.7576,"attention,maxpool,final_state,meanpool","lr","512","0","128","10","5","1","156","1004506748","200","5","s3://suching-dev/best_npmi_vae/vae.txt","30000"
"training_18","tk_pblmxyup6rpo","","ex_lz9ctv3vktpi",0.7352,"maxpool","boe","512","2","300","1","5","1","156","2294922467","200","0","s3://suching-dev/best_npmi_vae/vae.txt","30000"
"training_155","tk_wir5vlt4kous","","ex_lz9ctv3vktpi",0.7378,"final_state,meanpool,maxpool,attention","lr","512","2","300","5","7","1","512","1989894904","200","5","s3://suching-dev/best_npmi_vae/vae.txt","30000"
"training_83","tk_td9lozvdvzzf","","ex_lz9ctv3vktpi",0.578,"attention,meanpool,maxpool,final_state","lstm","512","0","512","5","7","1","512","1989894904","200","0","s3://suching-dev/best_npmi_vae/vae.txt","30000"
"training_139","tk_pi9rxo070n9v","","ex_lz9ctv3vktpi",0.7422,"meanpool,attention","lr","512","2","512","10","5","1","512","1989894904","200","5","s3://suching-dev/best_npmi_vae/vae.txt","30000"
"training_286","tk_bdpjybe9514t","","ex_lz9ctv3vktpi",0.6698,"maxpool,final_state,meanpool","lstm","512","2","512","1","7","2","156","1989894904","200","2","s3://suching-dev/best_npmi_vae/vae.txt","30000"
"training_292","tk_18a6qcw010o6","","ex_lz9ctv3vktpi",0.5242,"final_state","lstm","512","2","128","5","10","3","512","1989894904","200","5","s3://suching-dev/best_npmi_vae/vae.txt","30000"
"training_20","tk_nc9tpt9kktor","","ex_lz9ctv3vktpi",0.7158,"attention,meanpool","lstm","512","5","128","1","5","3","128","1989894904","200","5","s3://suching-dev/best_npmi_vae/vae.txt","30000"
"training_143","tk_9zsdys2p6l8d","","ex_lz9ctv3vktpi",0.5176,"attention,meanpool,maxpool","lstm","512","0","50","5","5","3","128","2002866410","200","5","s3://suching-dev/best_npmi_vae/vae.txt","30000"
"training_48","tk_tkedgesc2eku","","ex_lz9ctv3vktpi",0.5024,"meanpool","cnn","512","5","50","1","5","3","156","1989894904","200","5","s3://suching-dev/best_npmi_vae/vae.txt","30000"
"training_100","tk_gw45y9761814","","ex_lz9ctv3vktpi",0.7378,"attention,maxpool,final_state","boe","512","2","300","5","10","3","512","2294922467","200","5","s3://suching-dev/best_npmi_vae/vae.txt","30000"
"training_96","tk_zoy8f2zb6u1q","","ex_lz9ctv3vktpi",0.7538,"final_state,attention,maxpool,meanpool","lr","512","5","128","1","7","2","128","1004506748","200","2","s3://suching-dev/best_npmi_vae/vae.txt","30000"
"training_159","tk_iscenvxw93sk","","ex_lz9ctv3vktpi",0.7468,"attention,meanpool","lr","512","5","50","10","5","2","128","1989894904","200","0","s3://suching-dev/best_npmi_vae/vae.txt","30000"
"training_148","tk_tqsww4guqdk7","","ex_lz9ctv3vktpi",0.754,"final_state,maxpool,meanpool,attention","boe","512","2","50","5","10","2","128","4076792239","200","0","s3://suching-dev/best_npmi_vae/vae.txt","30000"
"training_221","tk_ed5wbodpowb3","","ex_lz9ctv3vktpi",0.7128,"maxpool,meanpool","cnn","512","0","300","10","5","1","512","1989894904","200","0","s3://suching-dev/best_npmi_vae/vae.txt","30000"
"training_280","tk_cu55bqz9e3ht","","ex_lz9ctv3vktpi",0.7592,"maxpool","boe","512","5","512","5","7","2","156","1004506748","200","2","s3://suching-dev/best_npmi_vae/vae.txt","30000"
"training_16","tk_4agqy75dcb2h","","ex_lz9ctv3vktpi",0.7306,"meanpool,attention,maxpool","cnn","512","5","512","5","7","1","128","4076792239","200","2","s3://suching-dev/best_npmi_vae/vae.txt","30000"
"training_5","tk_dazrxgyjxtte","","ex_lz9ctv3vktpi",0.7576,"attention,maxpool,final_state,meanpool","lr","512","0","128","10","5","1","156","1004506748","200","5","s3://suching-dev/best_npmi_vae/vae.txt","30000"
"training_233","tk_7pxnpcwe56n4","","ex_lz9ctv3vktpi",0.7296,"meanpool,attention,maxpool","cnn","512","2","300","1","10","2","512","1004506748","200","0","s3://suching-dev/best_npmi_vae/vae.txt","30000"
"training_121","tk_0g5swdv4buwt","","ex_lz9ctv3vktpi",0.7466,"maxpool","lr","512","2","512","10","7","3","128","2002866410","200","5","s3://suching-dev/best_npmi_vae/vae.txt","30000"
"training_224","tk_6fkokc7fjbbd","","ex_lz9ctv3vktpi",0.7478,"final_state","lr","512","0","512","5","5","3","128","2294922467","200","0","s3://suching-dev/best_npmi_vae/vae.txt","30000"
"training_215","tk_rme4y5gjpyru","","ex_lz9ctv3vktpi",0.5524,"maxpool","lstm","512","2","50","10","5","1","156","1989894904","200","5","s3://suching-dev/best_npmi_vae/vae.txt","30000"
"training_175","tk_gerp8y0dlf8c","","ex_lz9ctv3vktpi",0.738,"final_state,meanpool","cnn","512","5","300","10","10","3","156","2294922467","200","5","s3://suching-dev/best_npmi_vae/vae.txt","30000"
"training_239","tk_16bgb207z0w9","","ex_lz9ctv3vktpi",0.752,"final_state","lr","512","5","128","5","5","1","156","4076792239","200","2","s3://suching-dev/best_npmi_vae/vae.txt","30000"
"training_265","tk_pv7l8p80zilr","","ex_lz9ctv3vktpi",0.738,"final_state,maxpool,attention","lr","512","5","512","1","5","2","128","2294922467","200","5","s3://suching-dev/best_npmi_vae/vae.txt","30000"
"training_180","tk_fosoirn75bed","","ex_lz9ctv3vktpi",0.668,"maxpool,meanpool","lstm","512","0","300","1","5","3","128","1004506748","200","0","s3://suching-dev/best_npmi_vae/vae.txt","30000"
"training_63","tk_s92hraxfjoi1","","ex_lz9ctv3vktpi",0.7378,"attention,maxpool,meanpool","boe","512","2","300","5","7","1","512","2294922467","200","2","s3://suching-dev/best_npmi_vae/vae.txt","30000"
"training_297","tk_jhoye6besdye","","ex_lz9ctv3vktpi",0.726,"maxpool,final_state,attention","cnn","512","2","128","10","7","2","512","4076792239","200","5","s3://suching-dev/best_npmi_vae/vae.txt","30000"
"training_217","tk_wqbu8bjsafl4","","ex_lz9ctv3vktpi",0.75,"attention,maxpool","boe","512","5","50","1","10","1","512","4076792239","200","5","s3://suching-dev/best_npmi_vae/vae.txt","30000"
"training_52","tk_3dya3u0mkm3v","","ex_lz9ctv3vktpi",0.7612,"maxpool,final_state,meanpool","boe","512","2","300","10","10","1","128","1004506748","200","2","s3://suching-dev/best_npmi_vae/vae.txt","30000"
"training_74","tk_kmgu2uga86sl","","ex_lz9ctv3vktpi",0.75,"attention,final_state","boe","512","5","512","10","5","3","512","4076792239","200","0","s3://suching-dev/best_npmi_vae/vae.txt","30000"
"training_278","tk_9fajkoe9osyd","","ex_lz9ctv3vktpi",0.7282,"maxpool","boe","512","0","300","10","7","3","128","1989894904","200","0","s3://suching-dev/best_npmi_vae/vae.txt","30000"
"training_102","tk_gf0qo3e4xmv3","","ex_lz9ctv3vktpi",0.712,"meanpool","lstm","512","2","50","5","7","1","128","2294922467","200","5","s3://suching-dev/best_npmi_vae/vae.txt","30000"
"training_138","tk_1bf6m76k672q","","ex_lz9ctv3vktpi",0.706,"meanpool,final_state,attention,maxpool","cnn","512","5","128","10","5","2","156","2002866410","200","0","s3://suching-dev/best_npmi_vae/vae.txt","30000"
"training_186","tk_el07u39t4nph","","ex_lz9ctv3vktpi",0.7086,"attention,maxpool,final_state","cnn","512","2","50","1","7","3","512","2294922467","200","0","s3://suching-dev/best_npmi_vae/vae.txt","30000"
"training_94","tk_pi5w7chs3e3m","","ex_lz9ctv3vktpi",0.7466,"maxpool,final_state","lr","512","2","300","10","5","1","512","2002866410","200","2","s3://suching-dev/best_npmi_vae/vae.txt","30000"
"training_197","tk_fvrdexfddirg","","ex_lz9ctv3vktpi",0.6798,"maxpool,attention,meanpool,final_state","cnn","512","0","50","1","10","3","156","1989894904","200","2","s3://suching-dev/best_npmi_vae/vae.txt","30000"
"training_82","tk_k8tqb5hd99j5","","ex_lz9ctv3vktpi",0.752,"final_state,meanpool","lr","512","5","512","5","7","1","512","4076792239","200","2","s3://suching-dev/best_npmi_vae/vae.txt","30000"
"training_187","tk_lak7he559c29","","ex_lz9ctv3vktpi",0.707,"attention","cnn","512","5","128","10","10","1","156","2002866410","200","2","s3://suching-dev/best_npmi_vae/vae.txt","30000"
"training_261","tk_1wfaq8aaq964","","ex_lz9ctv3vktpi",0.7512,"final_state,maxpool,attention","lr","512","2","50","1","10","2","156","1004506748","200","2","s3://suching-dev/best_npmi_vae/vae.txt","30000"
"training_146","tk_sog3ymwewigc","","ex_lz9ctv3vktpi",0.5638,"final_state","lstm","512","0","300","10","10","1","512","1989894904","200","0","s3://suching-dev/best_npmi_vae/vae.txt","30000"
"training_35","tk_2x2a9nakmtz2","","ex_lz9ctv3vktpi",0.7304,"attention,final_state,maxpool,meanpool","boe","512","2","300","10","5","2","512","2294922467","200","2","s3://suching-dev/best_npmi_vae/vae.txt","30000"
"training_171","tk_9qaqdxpbv8k4","","ex_lz9ctv3vktpi",0.7088,"final_state,maxpool,attention,meanpool","boe","512","0","50","5","5","3","512","2002866410","200","0","s3://suching-dev/best_npmi_vae/vae.txt","30000"
"training_73","tk_a97rrriivjys","","ex_lz9ctv3vktpi",0.752,"attention","lr","512","5","512","5","5","2","156","4076792239","200","0","s3://suching-dev/best_npmi_vae/vae.txt","30000"
"training_211","tk_16wt93zble29","","ex_lz9ctv3vktpi",0.7042,"final_state,meanpool","lstm","512","5","300","5","7","1","128","1004506748","200","5","s3://suching-dev/best_npmi_vae/vae.txt","30000"
"training_56","tk_y7xwab9g9rf0","","ex_lz9ctv3vktpi",0.738,"maxpool,attention,meanpool","lr","512","5","300","1","7","2","128","2294922467","200","0","s3://suching-dev/best_npmi_vae/vae.txt","30000"
"training_255","tk_94wje6ukexzi","","ex_lz9ctv3vktpi",0.6988,"meanpool,attention","lstm","512","5","128","10","7","2","512","2294922467","200","0","s3://suching-dev/best_npmi_vae/vae.txt","30000"
"training_268","tk_gaxqh1boaif3","","ex_lz9ctv3vktpi",0.666,"attention","lstm","512","2","128","1","5","1","156","1989894904","200","5","s3://suching-dev/best_npmi_vae/vae.txt","30000"
"training_213","tk_m420nz8nnsba","","ex_lz9ctv3vktpi",0.7344,"final_state,meanpool,attention","boe","512","5","512","10","10","3","156","2002866410","200","2","s3://suching-dev/best_npmi_vae/vae.txt","30000"
"training_118","tk_qs4m98rp8z63","","ex_lz9ctv3vktpi",0.667,"attention","lstm","512","2","512","10","7","2","156","4076792239","200","5","s3://suching-dev/best_npmi_vae/vae.txt","30000"
"training_227","tk_m07uylbw72te","","ex_lz9ctv3vktpi",0.7468,"attention","lr","512","0","128","10","7","3","512","2002866410","200","0","s3://suching-dev/best_npmi_vae/vae.txt","30000"
"training_179","tk_fqt1uh3ycxwg","","ex_lz9ctv3vktpi",0.7454,"final_state,meanpool,maxpool,attention","lr","512","0","512","1","10","2","512","2294922467","200","0","s3://suching-dev/best_npmi_vae/vae.txt","30000"
"training_92","tk_gme41xaoekfl","","ex_lz9ctv3vktpi",0.7372,"meanpool,maxpool,attention,final_state","lr","512","0","512","1","10","3","128","4076792239","200","0","s3://suching-dev/best_npmi_vae/vae.txt","30000"
"training_172","tk_n8mc65vjr5uk","","ex_lz9ctv3vktpi",0.6774,"final_state,maxpool,attention","cnn","512","5","512","1","7","3","128","1989894904","200","2","s3://suching-dev/best_npmi_vae/vae.txt","30000"
"training_117","tk_vsb5t8ihtfpj","","ex_lz9ctv3vktpi",0.5402,"final_state,meanpool,maxpool,attention","lstm","512","2","300","5","7","1","128","1004506748","200","5","s3://suching-dev/best_npmi_vae/vae.txt","30000"
"training_137","tk_6fbl65i3azze","","ex_lz9ctv3vktpi",0.588,"maxpool,attention,meanpool,final_state","lstm","512","2","128","10","7","2","512","2294922467","200","2","s3://suching-dev/best_npmi_vae/vae.txt","30000"
"training_162","tk_7emxvime43em","","ex_lz9ctv3vktpi",0.7202,"maxpool","cnn","512","5","128","1","5","1","156","2002866410","200","0","s3://suching-dev/best_npmi_vae/vae.txt","30000"
"training_50","tk_fk3lt4jy0llk","","ex_lz9ctv3vktpi",0.75,"attention","boe","512","2","128","10","5","3","512","4076792239","200","0","s3://suching-dev/best_npmi_vae/vae.txt","30000"
"training_202","tk_xrux756qwpxb","","ex_lz9ctv3vktpi",0.6944,"final_state,maxpool","cnn","512","2","512","1","10","2","512","2294922467","200","0","s3://suching-dev/best_npmi_vae/vae.txt","30000"
"training_84","tk_5z278ryzs62x","","ex_lz9ctv3vktpi",0.7454,"maxpool,meanpool,final_state,attention","lr","512","0","300","1","5","2","512","2294922467","200","2","s3://suching-dev/best_npmi_vae/vae.txt","30000"
"training_69","tk_kfho9ycthjyg","","ex_lz9ctv3vktpi",0.6924,"meanpool,final_state,attention","boe","512","2","128","5","5","1","128","2002866410","200","2","s3://suching-dev/best_npmi_vae/vae.txt","30000"
"training_46","tk_45ntolxiybqx","","ex_lz9ctv3vktpi",0.7398,"attention,final_state,meanpool","lr","128","0","50","10","10","3","512","4076792239","200","2","s3://suching-dev/best_npmi_vae/vae.txt","30000"
"training_244","tk_8nln43xf826x","","ex_lz9ctv3vktpi",0.7446,"maxpool","lr","128","2","512","5","10","2","128","4076792239","200","5","s3://suching-dev/best_npmi_vae/vae.txt","30000"
"training_126","tk_1irtvfzvitdm","","ex_lz9ctv3vktpi",0.6774,"attention,maxpool","lstm","128","5","128","10","5","1","512","4076792239","200","0","s3://suching-dev/best_npmi_vae/vae.txt","30000"
"training_88","tk_ayn09lbu4yif","","ex_lz9ctv3vktpi",0.7538,"final_state,maxpool,attention,meanpool","lr","128","5","300","1","10","2","128","1004506748","200","2","s3://suching-dev/best_npmi_vae/vae.txt","30000"
"training_91","tk_cx1dyjs4e8ob","","ex_lz9ctv3vktpi",0.756,"maxpool","cnn","128","0","512","1","7","3","156","4076792239","200","0","s3://suching-dev/best_npmi_vae/vae.txt","30000"
"training_65","tk_kwx33fttt46l","","ex_lz9ctv3vktpi",0.7398,"attention,maxpool,final_state,meanpool","lr","128","0","300","10","7","3","156","4076792239","200","0","s3://suching-dev/best_npmi_vae/vae.txt","30000"
"training_249","tk_pgfw9f8upgyp","","ex_lz9ctv3vktpi",0.683,"meanpool","lstm","128","5","128","5","5","1","156","1989894904","200","5","s3://suching-dev/best_npmi_vae/vae.txt","30000"
"training_267","tk_pkmtgzubh89p","","ex_lz9ctv3vktpi",0.7346,"attention,final_state","boe","128","5","50","10","5","1","156","1989894904","200","2","s3://suching-dev/best_npmi_vae/vae.txt","30000"
"training_156","tk_u33gmdgt1v4o","","ex_lz9ctv3vktpi",0.5024,"meanpool,maxpool,final_state","cnn","128","0","50","1","5","2","156","4076792239","200","0","s3://suching-dev/best_npmi_vae/vae.txt","30000"
"training_45","tk_zp4r7s56apee","","ex_lz9ctv3vktpi",0.7284,"maxpool,final_state,meanpool","lr","128","0","300","5","10","1","512","1989894904","200","5","s3://suching-dev/best_npmi_vae/vae.txt","30000"
"training_124","tk_xfvbtgd282n6","","ex_lz9ctv3vktpi",0.7624,"maxpool,final_state","lr","128","5","128","10","10","1","512","1004506748","200","0","s3://suching-dev/best_npmi_vae/vae.txt","30000"
"training_236","tk_w3wigxin509y","","ex_lz9ctv3vktpi",0.7558,"maxpool,meanpool,attention","lr","128","2","300","5","7","2","128","1004506748","200","2","s3://suching-dev/best_npmi_vae/vae.txt","30000"
"training_251","tk_7cynhglcm9bn","","ex_lz9ctv3vktpi",0.7576,"final_state","lr","128","0","128","10","7","1","156","1004506748","200","0","s3://suching-dev/best_npmi_vae/vae.txt","30000"
"training_169","tk_0lbjpmwvsdis","","ex_lz9ctv3vktpi",0.7512,"attention","lr","128","2","300","1","7","3","512","1004506748","200","5","s3://suching-dev/best_npmi_vae/vae.txt","30000"
"training_208","tk_nz770xqakr6k","","ex_lz9ctv3vktpi",0.7392,"attention","boe","128","2","128","5","5","1","128","1989894904","200","2","s3://suching-dev/best_npmi_vae/vae.txt","30000"
"training_152","tk_y5a54wpsrk03","","ex_lz9ctv3vktpi",0.7336,"meanpool,maxpool","boe","128","5","128","10","7","3","128","2294922467","200","5","s3://suching-dev/best_npmi_vae/vae.txt","30000"
"training_85","tk_253bvu5ulimq","","ex_lz9ctv3vktpi",0.5488,"final_state,meanpool,maxpool","lstm","128","0","50","10","5","3","156","1004506748","200","5","s3://suching-dev/best_npmi_vae/vae.txt","30000"
"training_122","tk_gn4uuyjvq769","","ex_lz9ctv3vktpi",0.7466,"maxpool","lr","128","2","512","10","5","1","128","2002866410","200","2","s3://suching-dev/best_npmi_vae/vae.txt","30000"
"training_142","tk_18k1ny1pzrsr","","ex_lz9ctv3vktpi",0.7688,"final_state,meanpool,maxpool,attention","cnn","128","2","300","1","5","1","512","1004506748","200","5","s3://suching-dev/best_npmi_vae/vae.txt","30000"
"training_114","tk_zrj5e3nztqkf","","ex_lz9ctv3vktpi",0.7624,"final_state,maxpool,attention,meanpool","lr","128","5","300","10","7","1","512","1004506748","200","2","s3://suching-dev/best_npmi_vae/vae.txt","30000"
"training_99","tk_vo3tta8j9ctq","","ex_lz9ctv3vktpi",0.7304,"attention","boe","128","2","300","10","5","3","512","2294922467","200","0","s3://suching-dev/best_npmi_vae/vae.txt","30000"
"training_190","tk_7zzqwlcvrmn5","","ex_lz9ctv3vktpi",0.7268,"maxpool,meanpool,attention","boe","128","0","300","1","7","2","156","2002866410","200","2","s3://suching-dev/best_npmi_vae/vae.txt","30000"
"training_296","tk_1b88aczj65wo","","ex_lz9ctv3vktpi",0.7226,"final_state,attention","lr","128","5","300","1","5","3","512","1989894904","200","2","s3://suching-dev/best_npmi_vae/vae.txt","30000"
"training_257","tk_wo05r23vnru3","","ex_lz9ctv3vktpi",0.666,"meanpool,maxpool,final_state,attention","lstm","128","2","128","10","7","1","512","1004506748","200","0","s3://suching-dev/best_npmi_vae/vae.txt","30000"
"training_14","tk_z9lsiyl9zem8","","ex_lz9ctv3vktpi",0.7468,"final_state","lr","128","0","300","10","10","3","512","2002866410","200","2","s3://suching-dev/best_npmi_vae/vae.txt","30000"
"training_161","tk_rlw5j7phnekh","","ex_lz9ctv3vktpi",0.7424,"attention,maxpool,final_state,meanpool","lr","128","0","50","1","10","2","512","1004506748","200","2","s3://suching-dev/best_npmi_vae/vae.txt","30000"
"training_86","tk_hskc9gw2eir0","","ex_lz9ctv3vktpi",0.7538,"meanpool,final_state","lr","128","5","512","1","5","2","128","1004506748","200","2","s3://suching-dev/best_npmi_vae/vae.txt","30000"
"training_184","tk_32k13hr355un","","ex_lz9ctv3vktpi",0.7524,"final_state","boe","128","5","300","5","10","1","512","1004506748","200","0","s3://suching-dev/best_npmi_vae/vae.txt","30000"
"training_246","tk_nz2s0tdphofk","","ex_lz9ctv3vktpi",0.738,"final_state,meanpool,attention,maxpool","lr","128","5","300","1","7","2","128","2294922467","200","2","s3://suching-dev/best_npmi_vae/vae.txt","30000"
"training_116","tk_89jxgyc2v3qi","","ex_lz9ctv3vktpi",0.7372,"meanpool,attention,final_state","boe","128","5","512","5","5","3","128","2002866410","200","2","s3://suching-dev/best_npmi_vae/vae.txt","30000"
"training_232","tk_iesao5q98wvs","","ex_lz9ctv3vktpi",0.7578,"final_state,attention","lr","128","5","512","5","7","1","156","2294922467","200","0","s3://suching-dev/best_npmi_vae/vae.txt","30000"
"training_219","tk_3iukrwcv9u1f","","ex_lz9ctv3vktpi",0.675,"attention,final_state","lstm","128","5","512","10","7","1","156","1004506748","200","0","s3://suching-dev/best_npmi_vae/vae.txt","30000"
"training_231","tk_uttfqy8di0a5","","ex_lz9ctv3vktpi",0.7622,"attention","cnn","128","5","300","1","7","1","156","1004506748","200","2","s3://suching-dev/best_npmi_vae/vae.txt","30000"
"training_201","tk_1nyy1p8tai2p","","ex_lz9ctv3vktpi",0.7172,"maxpool,attention,final_state","cnn","128","2","512","5","10","2","512","1989894904","200","2","s3://suching-dev/best_npmi_vae/vae.txt","30000"
"training_204","tk_x2awki0reqps","","ex_lz9ctv3vktpi",0.5024,"attention,maxpool,meanpool,final_state","lstm","128","2","512","1","5","3","156","2294922467","200","5","s3://suching-dev/best_npmi_vae/vae.txt","30000"
"training_133","tk_u2ryjaqxms24","","ex_lz9ctv3vktpi",0.7504,"attention,meanpool,final_state","lr","128","2","50","10","7","1","128","4076792239","200","2","s3://suching-dev/best_npmi_vae/vae.txt","30000"
"training_243","tk_9vvzv4sdti6m","","ex_lz9ctv3vktpi",0.7406,"maxpool,meanpool","cnn","128","5","512","10","5","1","128","2002866410","200","5","s3://suching-dev/best_npmi_vae/vae.txt","30000"
"training_105","tk_lbe0ptdpwtcp","","ex_lz9ctv3vktpi",0.6184,"maxpool,attention,meanpool","lstm","128","0","128","10","10","3","128","2002866410","200","2","s3://suching-dev/best_npmi_vae/vae.txt","30000"
"training_287","tk_3thx5fy625p4","","ex_lz9ctv3vktpi",0.5024,"attention,meanpool,maxpool","lstm","128","0","128","1","7","2","156","2002866410","200","0","s3://suching-dev/best_npmi_vae/vae.txt","30000"
"training_281","tk_p7pzrv6t0e2p","","ex_lz9ctv3vktpi",0.7002,"meanpool,attention","lstm","128","0","512","5","7","1","128","2294922467","200","0","s3://suching-dev/best_npmi_vae/vae.txt","30000"
"training_269","tk_b3x90fzswt47","","ex_lz9ctv3vktpi",0.7468,"final_state","lr","128","0","300","10","7","1","128","2002866410","200","5","s3://suching-dev/best_npmi_vae/vae.txt","30000"
"training_78","tk_jqwxq8knthui","","ex_lz9ctv3vktpi",0.6784,"meanpool","lstm","128","2","512","1","5","1","512","4076792239","200","0","s3://suching-dev/best_npmi_vae/vae.txt","30000"
"training_68","tk_m10jhwexjdlh","","ex_lz9ctv3vktpi",0.655,"meanpool,attention,final_state,maxpool","cnn","128","2","50","1","10","3","512","1989894904","200","0","s3://suching-dev/best_npmi_vae/vae.txt","30000"
"training_226","tk_dmuw0b7dp27d","","ex_lz9ctv3vktpi",0.658,"attention","lstm","128","0","128","5","7","2","128","2002866410","200","5","s3://suching-dev/best_npmi_vae/vae.txt","30000"
"training_9","tk_gjy238vntl6m","","ex_lz9ctv3vktpi",0.7502,"meanpool,final_state","cnn","128","2","128","1","7","3","512","1004506748","200","2","s3://suching-dev/best_npmi_vae/vae.txt","30000"
"training_288","tk_pnrl3jjz58vy","","ex_lz9ctv3vktpi",0.5024,"meanpool,maxpool","lstm","128","0","512","1","10","2","128","4076792239","200","0","s3://suching-dev/best_npmi_vae/vae.txt","30000"
"training_125","tk_k7k9havwsnvm","","ex_lz9ctv3vktpi",0.5844,"final_state,attention,maxpool","lstm","128","2","128","10","10","1","512","1004506748","200","5","s3://suching-dev/best_npmi_vae/vae.txt","30000"
"training_150","tk_a2fuz05ez2q0","","ex_lz9ctv3vktpi",0.6078,"final_state,meanpool","lstm","128","2","128","10","5","2","156","2294922467","200","0","s3://suching-dev/best_npmi_vae/vae.txt","30000"
"training_260","tk_docx0v40zri2","","ex_lz9ctv3vktpi",0.7466,"meanpool,attention","cnn","128","0","512","1","5","2","156","2002866410","200","5","s3://suching-dev/best_npmi_vae/vae.txt","30000"
"training_178","tk_75so8xihw6um","","ex_lz9ctv3vktpi",0.5364,"attention,maxpool","lstm","128","5","300","1","5","1","512","1004506748","200","5","s3://suching-dev/best_npmi_vae/vae.txt","30000"
"training_8","tk_gatm7pepf0kb","","ex_lz9ctv3vktpi",0.6872,"final_state","cnn","128","0","512","1","10","1","156","2294922467","200","5","s3://suching-dev/best_npmi_vae/vae.txt","30000"
"training_166","tk_a4ud48vzyoad","","ex_lz9ctv3vktpi",0.7182,"maxpool,meanpool,final_state","cnn","128","2","128","5","10","2","512","2002866410","200","0","s3://suching-dev/best_npmi_vae/vae.txt","30000"
"training_131","tk_qock8v4e28qt","","ex_lz9ctv3vktpi",0.6606,"maxpool,attention,meanpool","cnn","128","5","50","5","10","1","156","1989894904","200","0","s3://suching-dev/best_npmi_vae/vae.txt","30000"
"training_4","tk_0oaifrzdy8oa","","ex_lz9ctv3vktpi",0.7266,"attention,maxpool,final_state","cnn","128","5","128","10","7","1","156","2294922467","200","5","s3://suching-dev/best_npmi_vae/vae.txt","30000"
"training_216","tk_7peawr8juqcj","","ex_lz9ctv3vktpi",0.6868,"final_state,maxpool,attention","boe","128","5","128","1","7","1","512","2002866410","200","2","s3://suching-dev/best_npmi_vae/vae.txt","30000"
"training_273","tk_vutgtyv50kbd","","ex_lz9ctv3vktpi",0.6924,"meanpool,maxpool,attention,final_state","boe","128","2","128","5","7","1","156","2002866410","200","2","s3://suching-dev/best_npmi_vae/vae.txt","30000"
"training_181","tk_m2g82oudvnmj","","ex_lz9ctv3vktpi",0.7544,"attention,final_state,maxpool","boe","64","5","300","5","7","3","156","4076792239","200","5","s3://suching-dev/best_npmi_vae/vae.txt","30000"
"training_199","tk_19r8bywgc6e3","","ex_lz9ctv3vktpi",0.74,"meanpool,attention","lr","64","5","512","1","7","3","156","2002866410","200","2","s3://suching-dev/best_npmi_vae/vae.txt","30000"
"training_98","tk_0xaju2yujxew","","ex_lz9ctv3vktpi",0.7484,"final_state,attention,maxpool","boe","64","5","128","5","7","1","156","1004506748","200","5","s3://suching-dev/best_npmi_vae/vae.txt","30000"
"training_264","tk_ynz6naxruglt","","ex_lz9ctv3vktpi",0.74,"maxpool,meanpool,final_state,attention","lr","64","5","50","1","5","3","128","2002866410","200","0","s3://suching-dev/best_npmi_vae/vae.txt","30000"
"training_37","tk_kfubzpj73eek","","ex_lz9ctv3vktpi",0.7446,"final_state,attention,meanpool,maxpool","lr","64","2","512","1","5","1","128","2294922467","200","5","s3://suching-dev/best_npmi_vae/vae.txt","30000"
"training_250","tk_c8hc87syvaw3","","ex_lz9ctv3vktpi",0.7004,"final_state,attention,meanpool","lstm","64","2","128","5","5","2","156","1004506748","200","5","s3://suching-dev/best_npmi_vae/vae.txt","30000"
"training_71","tk_ofxeryyuygrh","","ex_lz9ctv3vktpi",0.6928,"meanpool","lstm","64","2","300","10","7","3","512","2002866410","200","0","s3://suching-dev/best_npmi_vae/vae.txt","30000"
"training_207","tk_d1twipx0kxp0","","ex_lz9ctv3vktpi",0.6796,"maxpool,final_state,meanpool,attention","lstm","64","5","300","10","7","2","156","1004506748","200","0","s3://suching-dev/best_npmi_vae/vae.txt","30000"
"training_61","tk_egscjl8mrnwe","","ex_lz9ctv3vktpi",0.643,"attention,maxpool,final_state","cnn","64","5","50","5","7","1","128","2002866410","200","0","s3://suching-dev/best_npmi_vae/vae.txt","30000"
"training_6","tk_wlpdyeybi44f","","ex_lz9ctv3vktpi",0.7284,"final_state,meanpool,maxpool,attention","lr","64","0","300","5","10","3","128","1989894904","200","2","s3://suching-dev/best_npmi_vae/vae.txt","30000"
"training_234","tk_ytv72x7ezdri","","ex_lz9ctv3vktpi",0.739,"final_state,maxpool,meanpool,attention","lr","64","0","300","1","10","2","512","2002866410","200","0","s3://suching-dev/best_npmi_vae/vae.txt","30000"
"training_3","tk_87ujli4u74c3","","ex_lz9ctv3vktpi",0.6682,"final_state,attention","cnn","64","5","50","10","7","1","128","1989894904","200","0","s3://suching-dev/best_npmi_vae/vae.txt","30000"
"training_252","tk_3wo7w7hlhqy1","","ex_lz9ctv3vktpi",0.7334,"meanpool","boe","64","0","300","5","5","3","156","2002866410","200","0","s3://suching-dev/best_npmi_vae/vae.txt","30000"
"training_42","tk_tl3hnd69dwfh","","ex_lz9ctv3vktpi",0.6836,"final_state","lstm","64","5","50","10","7","1","156","1004506748","200","0","s3://suching-dev/best_npmi_vae/vae.txt","30000"
"training_0","tk_4fs14kvf0mvx","","ex_lz9ctv3vktpi",0.5088,"meanpool,attention,final_state","lstm","64","5","128","1","10","1","128","4076792239","200","0","s3://suching-dev/best_npmi_vae/vae.txt","30000"
"training_266","tk_gyu68fa470ku","","ex_lz9ctv3vktpi",0.7214,"maxpool","boe","64","5","50","10","10","1","128","2002866410","200","2","s3://suching-dev/best_npmi_vae/vae.txt","30000"
"training_285","tk_90nldrl8dg7z","","ex_lz9ctv3vktpi",0.7506,"meanpool,attention,maxpool","boe","64","5","300","1","10","1","512","4076792239","200","2","s3://suching-dev/best_npmi_vae/vae.txt","30000"
"training_134","tk_t5xigu5xu9h1","","ex_lz9ctv3vktpi",0.7374,"attention,final_state,maxpool","cnn","64","5","128","1","10","2","512","1004506748","200","5","s3://suching-dev/best_npmi_vae/vae.txt","30000"
"training_294","tk_3jb5acjptyqv","","ex_lz9ctv3vktpi",0.7466,"attention","lr","64","2","128","10","10","3","512","2002866410","200","0","s3://suching-dev/best_npmi_vae/vae.txt","30000"
"training_228","tk_t78kmx9ou1q9","","ex_lz9ctv3vktpi",0.7188,"final_state,attention","cnn","64","2","128","5","5","3","512","4076792239","200","5","s3://suching-dev/best_npmi_vae/vae.txt","30000"
"training_67","tk_r2x4pniiqmga","","ex_lz9ctv3vktpi",0.7186,"final_state,attention","boe","64","2","300","1","7","1","156","1989894904","200","0","s3://suching-dev/best_npmi_vae/vae.txt","30000"
"training_241","tk_9eu6jx8na2lc","","ex_lz9ctv3vktpi",0.6672,"maxpool,final_state,attention","cnn","64","2","50","10","5","2","156","4076792239","200","0","s3://suching-dev/best_npmi_vae/vae.txt","30000"
"training_290","tk_x9i3brf41nyv","","ex_lz9ctv3vktpi",0.748,"meanpool,final_state,attention","lr","64","5","50","5","10","1","156","1989894904","200","5","s3://suching-dev/best_npmi_vae/vae.txt","30000"
"training_256","tk_mfwj81wfg12n","","ex_lz9ctv3vktpi",0.754,"attention,meanpool","boe","64","2","50","5","10","3","156","4076792239","200","0","s3://suching-dev/best_npmi_vae/vae.txt","30000"
"training_277","tk_oigkr6k9dmxt","","ex_lz9ctv3vktpi",0.7566,"final_state,meanpool,maxpool","lr","64","2","128","5","5","2","512","2294922467","200","0","s3://suching-dev/best_npmi_vae/vae.txt","30000"
"training_205","tk_0szfszw5tv5h","","ex_lz9ctv3vktpi",0.6636,"maxpool","lstm","64","0","50","5","5","2","156","2294922467","200","0","s3://suching-dev/best_npmi_vae/vae.txt","30000"
"training_31","tk_mlgqu6m1hijy","","ex_lz9ctv3vktpi",0.7468,"meanpool,final_state","lr","64","5","50","10","7","1","128","1989894904","200","0","s3://suching-dev/best_npmi_vae/vae.txt","30000"
"training_49","tk_xkizqu2ke58d","","ex_lz9ctv3vktpi",0.5638,"maxpool,final_state","lstm","64","0","128","10","10","3","128","1004506748","200","5","s3://suching-dev/best_npmi_vae/vae.txt","30000"
"training_15","tk_k7ay73gbzs7v","","ex_lz9ctv3vktpi",0.7324,"final_state,maxpool","boe","64","0","50","5","10","3","156","2294922467","200","2","s3://suching-dev/best_npmi_vae/vae.txt","30000"
"training_55","tk_8mbmsblcgcgl","","ex_lz9ctv3vktpi",0.7594,"meanpool","cnn","64","0","512","1","5","2","128","1004506748","200","5","s3://suching-dev/best_npmi_vae/vae.txt","30000"
"training_27","tk_z1ir2otcxtep","","ex_lz9ctv3vktpi",0.5024,"attention,final_state,meanpool","lstm","64","0","50","1","5","3","128","1989894904","200","2","s3://suching-dev/best_npmi_vae/vae.txt","30000"
"training_23","tk_czdh5uj4cwoy","","ex_lz9ctv3vktpi",0.7308,"maxpool,meanpool","cnn","64","2","300","5","5","3","512","4076792239","200","0","s3://suching-dev/best_npmi_vae/vae.txt","30000"
"training_209","tk_2xd4azwv3xnq","","ex_lz9ctv3vktpi",0.74,"attention","lr","64","5","50","1","10","3","156","2002866410","200","0","s3://suching-dev/best_npmi_vae/vae.txt","30000"
"training_115","tk_6i3p50p08d3b","","ex_lz9ctv3vktpi",0.5024,"meanpool,maxpool,final_state","lstm","64","2","128","1","10","3","128","2002866410","200","5","s3://suching-dev/best_npmi_vae/vae.txt","30000"
"training_2","tk_z9ir38h2r70w","","ex_lz9ctv3vktpi",0.6402,"final_state","lstm","64","5","300","5","10","3","512","2002866410","200","5","s3://suching-dev/best_npmi_vae/vae.txt","30000"
"training_64","tk_09i81rd357nr","","ex_lz9ctv3vktpi",0.748,"attention,maxpool","lr","64","5","50","5","10","3","512","1989894904","200","2","s3://suching-dev/best_npmi_vae/vae.txt","30000"
"training_103","tk_qinhxt03t0ye","","ex_lz9ctv3vktpi",0.6946,"maxpool","lstm","64","5","50","10","5","2","128","1989894904","200","5","s3://suching-dev/best_npmi_vae/vae.txt","30000"
"training_275","tk_yimnkp4y2lp2","","ex_lz9ctv3vktpi",0.722,"final_state,maxpool,meanpool,attention","boe","64","2","50","1","5","1","512","2294922467","200","0","s3://suching-dev/best_npmi_vae/vae.txt","30000"
"training_128","tk_jnpndq12wl71","","ex_lz9ctv3vktpi",0.5716,"final_state,maxpool,meanpool","lstm","64","0","128","5","7","2","128","1004506748","200","2","s3://suching-dev/best_npmi_vae/vae.txt","30000"
"training_158","tk_zrck13fn6omy","","ex_lz9ctv3vktpi",0.7454,"final_state","lr","64","0","512","1","5","1","128","2294922467","200","5","s3://suching-dev/best_npmi_vae/vae.txt","30000"
"training_130","tk_8mkvs7m3nieg","","ex_lz9ctv3vktpi",0.7214,"meanpool,final_state,attention","boe","64","2","512","10","7","3","156","1989894904","200","2","s3://suching-dev/best_npmi_vae/vae.txt","30000"
"training_107","tk_z2oyxvehml3q","","ex_lz9ctv3vktpi",0.7088,"attention,meanpool","lstm","64","5","512","10","7","3","512","1004506748","200","0","s3://suching-dev/best_npmi_vae/vae.txt","30000"
"training_259","tk_rndi8iji9vkc","","ex_lz9ctv3vktpi",0.7414,"meanpool,final_state,maxpool,attention","boe","64","2","512","10","5","2","512","2002866410","200","0","s3://suching-dev/best_npmi_vae/vae.txt","30000"
"training_254","tk_oajpdls2iwpd","","ex_lz9ctv3vktpi",0.7226,"attention,maxpool,meanpool","lstm","64","0","128","10","5","1","156","2294922467","200","2","s3://suching-dev/best_npmi_vae/vae.txt","30000"
"training_34","tk_c2859xn48kak","","ex_lz9ctv3vktpi",0.7372,"attention,meanpool,maxpool,final_state","boe","64","5","512","5","5","1","512","2002866410","200","2","s3://suching-dev/best_npmi_vae/vae.txt","30000"
"training_90","tk_y78d7zrpw9c4","","ex_lz9ctv3vktpi",0.7322,"final_state,meanpool,maxpool","cnn","64","0","300","10","5","1","156","2002866410","200","5","s3://suching-dev/best_npmi_vae/vae.txt","30000"
"training_119","tk_m40224eiy9xt","","ex_lz9ctv3vktpi",0.7272,"meanpool,maxpool,final_state","cnn","64","2","300","10","10","2","128","1989894904","200","5","s3://suching-dev/best_npmi_vae/vae.txt","30000"
"training_270","tk_3ntc5zytkemy","","ex_lz9ctv3vktpi",0.7504,"meanpool,maxpool,final_state","lr","64","2","128","10","5","1","156","4076792239","200","2","s3://suching-dev/best_npmi_vae/vae.txt","30000"
"training_97","tk_zir2kx1lcq55","","ex_lz9ctv3vktpi",0.7346,"attention,meanpool,final_state","boe","64","5","50","10","5","1","128","1989894904","200","5","s3://suching-dev/best_npmi_vae/vae.txt","30000"
"training_141","tk_ki5ghylmywki","","ex_lz9ctv3vktpi",0.7446,"attention,maxpool,final_state,meanpool","lr","64","2","512","5","7","1","128","4076792239","200","2","s3://suching-dev/best_npmi_vae/vae.txt","30000"
"training_283","tk_j3avg5sjgl2i","","ex_lz9ctv3vktpi",0.7472,"meanpool,maxpool","boe","64","5","512","1","7","3","128","4076792239","200","5","s3://suching-dev/best_npmi_vae/vae.txt","30000"
"training_147","tk_1l5b48k20tpi","","ex_lz9ctv3vktpi",0.7284,"maxpool,meanpool,attention","cnn","64","5","128","5","7","1","512","2002866410","200","0","s3://suching-dev/best_npmi_vae/vae.txt","30000"
"training_26","tk_gkwt8dqtb8mi","","ex_lz9ctv3vktpi",0.5024,"maxpool,meanpool,attention","cnn","64","5","128","1","5","2","128","1004506748","200","2","s3://suching-dev/best_npmi_vae/vae.txt","30000"
"training_21","tk_l1qdxlcyn4sk","","ex_lz9ctv3vktpi",0.7546,"maxpool,final_state","boe","64","0","512","10","10","1","156","2294922467","200","0","s3://suching-dev/best_npmi_vae/vae.txt","30000"
"training_157","tk_cmsj32jdo4nd","","ex_lz9ctv3vktpi",0.7378,"final_state,attention","cnn","64","0","128","1","10","3","128","4076792239","200","0","s3://suching-dev/best_npmi_vae/vae.txt","30000"
"training_29","tk_smirarqedmff","","ex_lz9ctv3vktpi",0.7504,"final_state,attention,meanpool","boe","64","0","512","5","5","1","512","4076792239","200","0","s3://suching-dev/best_npmi_vae/vae.txt","30000"
"training_210","tk_fp7ixbzgib2t","","ex_lz9ctv3vktpi",0.7334,"final_state,attention,maxpool,meanpool","boe","64","0","300","5","10","3","512","2002866410","200","5","s3://suching-dev/best_npmi_vae/vae.txt","30000"
"training_24","tk_spksdmk9no50","","ex_lz9ctv3vktpi",0.7546,"attention,maxpool,meanpool","lr","64","5","300","5","7","3","156","1004506748","200","2","s3://suching-dev/best_npmi_vae/vae.txt","30000"
"training_203","tk_5j83wqg6o8ry","","ex_lz9ctv3vktpi",0.7384,"maxpool,attention,final_state,meanpool","cnn","64","0","300","10","10","1","512","1004506748","200","2","s3://suching-dev/best_npmi_vae/vae.txt","30000"
"training_276","tk_q7aqzee4as58","","ex_lz9ctv3vktpi",0.7176,"attention,final_state,maxpool","boe","64","5","300","1","10","3","128","1989894904","200","0","s3://suching-dev/best_npmi_vae/vae.txt","30000"
"training_17","tk_45mbuvdyo2td","","ex_lz9ctv3vktpi",0.741,"attention,meanpool","boe","64","5","300","10","5","3","128","2294922467","200","5","s3://suching-dev/best_npmi_vae/vae.txt","30000"
"training_80","tk_j16gqkd51hnl","","ex_lz9ctv3vktpi",0.7292,"maxpool","boe","64","5","300","10","10","2","512","2002866410","200","0","s3://suching-dev/best_npmi_vae/vae.txt","30000"
"training_111","tk_6d298xqrx6uc","","ex_lz9ctv3vktpi",0.7446,"final_state,maxpool,meanpool","lr","64","2","50","1","7","1","128","2294922467","200","0","s3://suching-dev/best_npmi_vae/vae.txt","30000"
"training_163","tk_d95ko3ok1mqg","","ex_lz9ctv3vktpi",0.6884,"attention,maxpool,meanpool,final_state","lstm","64","0","300","5","10","3","512","4076792239","200","0","s3://suching-dev/best_npmi_vae/vae.txt","30000"