"Task_Name","Task_ID","Experiment_Name","Experiment_ID","metric_best_validation_accuracy","env_THROTTLE"
"training_62","tk_uirt2dvpny4g","BOE_with_VAE_IMDB_10000","ex_a7fn2ec2sp2i",0.896,"10000"
"training_17","tk_whj82z7tr9pj","BOE_with_VAE_IMDB_10000","ex_a7fn2ec2sp2i",0.8958,"10000"
"training_20","tk_qznggytcgh2n","BOE_with_VAE_IMDB_10000","ex_a7fn2ec2sp2i",0.8956,"10000"
"training_24","tk_1hbybk7acbhv","BOE_with_VAE_IMDB_10000_1","ex_okbzdxbe9fei",0.8956,"10000"
"training_46","tk_mzp69foqz2mv","BOE_with_VAE_IMDB_10000","ex_a7fn2ec2sp2i",0.8954,"10000"
"training_7","tk_x48r1wgt0cdj","BOE_with_VAE_IMDB_10000_1","ex_okbzdxbe9fei",0.8954,"10000"
"training_42","tk_yqtv6y94077x","BOE_with_VAE_IMDB_10000","ex_a7fn2ec2sp2i",0.8948,"10000"
"training_45","tk_j9s48on35y66","BOE_with_VAE_IMDB_10000","ex_a7fn2ec2sp2i",0.8948,"10000"
"training_10","tk_1tglioyj0xy0","BOE_with_VAE_IMDB_10000","ex_a7fn2ec2sp2i",0.8948,"10000"
"training_40","tk_r0d6103acnyj","BOE_with_VAE_IMDB_10000","ex_a7fn2ec2sp2i",0.8946,"10000"
"training_47","tk_is16vr9h5ohy","BOE_with_VAE_IMDB_10000","ex_a7fn2ec2sp2i",0.8944,"10000"
"training_51","tk_ymlq0zaj3mel","BOE_with_VAE_IMDB_10000","ex_a7fn2ec2sp2i",0.8944,"10000"
"training_19","tk_viiywexipxrt","BOE_with_VAE_IMDB_10000_1","ex_okbzdxbe9fei",0.8944,"10000"
"training_50","tk_h39hbpqo5xxb","BOE_with_VAE_IMDB_10000","ex_a7fn2ec2sp2i",0.8942,"10000"
"training_11","tk_3l95wqyg2omd","BOE_with_VAE_IMDB_10000","ex_a7fn2ec2sp2i",0.8942,"10000"
"training_30","tk_thk9y7vptbh2","BOE_with_VAE_IMDB_10000","ex_a7fn2ec2sp2i",0.8942,"10000"
"training_1","tk_hlgprba8y2w7","BOE_with_VAE_IMDB_10000_1","ex_okbzdxbe9fei",0.8942,"10000"
"training_18","tk_hwmwzoh959iu","BOE_with_VAE_IMDB_10000_1","ex_okbzdxbe9fei",0.8942,"10000"
"training_63","tk_xv139woenihq","BOE_with_VAE_IMDB_10000","ex_a7fn2ec2sp2i",0.894,"10000"
"training_14","tk_b2pwai5t1908","BOE_with_VAE_IMDB_10000","ex_a7fn2ec2sp2i",0.894,"10000"
"training_3","tk_ky405mgy1z3m","BOE_with_VAE_IMDB_10000_1","ex_okbzdxbe9fei",0.894,"10000"
"training_5","tk_gejc37emz1ry","BOE_with_VAE_IMDB_10000_1","ex_okbzdxbe9fei",0.894,"10000"
"training_36","tk_f1f7oexxuj8f","BOE_with_VAE_IMDB_10000","ex_a7fn2ec2sp2i",0.8938,"10000"
"training_61","tk_xpmjmdmwvr3l","BOE_with_VAE_IMDB_10000","ex_a7fn2ec2sp2i",0.8936,"10000"
"training_23","tk_hopnlcygxdjn","BOE_with_VAE_IMDB_10000_1","ex_okbzdxbe9fei",0.8936,"10000"
"training_35","tk_l9dzi8t7kfi5","BOE_with_VAE_IMDB_10000","ex_a7fn2ec2sp2i",0.8934,"10000"
"training_57","tk_hxifv4e6tgoc","BOE_with_VAE_IMDB_10000","ex_a7fn2ec2sp2i",0.8934,"10000"
"training_31","tk_mo48w64hkxmk","BOE_with_VAE_IMDB_10000","ex_a7fn2ec2sp2i",0.893,"10000"
"training_67","tk_685fnljbsvic","BOE_with_VAE_IMDB_10000","ex_a7fn2ec2sp2i",0.893,"10000"
"training_29","tk_b1qhhz83myjy","BOE_with_VAE_IMDB_10000","ex_a7fn2ec2sp2i",0.8928,"10000"
"training_24","tk_d5v34kvd1i3o","BOE_with_VAE_IMDB_10000","ex_a7fn2ec2sp2i",0.8928,"10000"
"training_29","tk_b1qhhz83myjy","BOE_with_VAE_IMDB_10000","ex_a7fn2ec2sp2i",0.8928,"10000"
"training_8","tk_0erhmnt4zwcn","BOE_with_VAE_IMDB_10000","ex_a7fn2ec2sp2i",0.8928,"10000"
"training_0","tk_e5elj5difcox","BOE_with_VAE_IMDB_10000_1","ex_okbzdxbe9fei",0.8928,"10000"
"training_2","tk_rzxir8mtpplg","BOE_with_VAE_IMDB_10000_1","ex_okbzdxbe9fei",0.8928,"10000"
"training_66","tk_s701zejvsaku","BOE_with_VAE_IMDB_10000","ex_a7fn2ec2sp2i",0.8926,"10000"
"training_27","tk_weeg0uv2o7hm","BOE_with_VAE_IMDB_10000","ex_a7fn2ec2sp2i",0.8926,"10000"
"training_68","tk_8616641s0umt","BOE_with_VAE_IMDB_10000","ex_a7fn2ec2sp2i",0.8924,"10000"
"training_25","tk_uc8l6bzgwoze","BOE_with_VAE_IMDB_10000","ex_a7fn2ec2sp2i",0.8924,"10000"
"training_14","tk_oxwdd5y4djys","BOE_with_VAE_IMDB_10000_1","ex_okbzdxbe9fei",0.8924,"10000"
"training_70","tk_lcu2z33w92mp","BOE_with_VAE_IMDB_10000","ex_a7fn2ec2sp2i",0.8922,"10000"
"training_0","tk_a04eq1t9vm4p","BOE_with_VAE_IMDB_10000","ex_a7fn2ec2sp2i",0.8922,"10000"
"training_74","tk_17ik2kxo6bf2","BOE_with_VAE_IMDB_10000","ex_a7fn2ec2sp2i",0.892,"10000"
"training_13","tk_h4jhxk167i1g","BOE_with_VAE_IMDB_10000","ex_a7fn2ec2sp2i",0.892,"10000"
"training_3","tk_vvw9affnraa9","BOE_with_VAE_IMDB_10000","ex_a7fn2ec2sp2i",0.892,"10000"
"training_4","tk_3hu3zvat6qs4","BOE_with_VAE_IMDB_10000","ex_a7fn2ec2sp2i",0.8918,"10000"
"training_6","tk_6mhiftwqtdob","BOE_with_VAE_IMDB_10000","ex_a7fn2ec2sp2i",0.8918,"10000"
"training_39","tk_jkq8ujuo5nea","BOE_with_VAE_IMDB_10000","ex_a7fn2ec2sp2i",0.8918,"10000"
"training_7","tk_kbzlon3e7har","BOE_with_VAE_IMDB_10000","ex_a7fn2ec2sp2i",0.8918,"10000"
"training_37","tk_1x9vqyodx0vv","BOE_with_VAE_IMDB_10000","ex_a7fn2ec2sp2i",0.8916,"10000"
"training_9","tk_akll8u6jepyl","BOE_with_VAE_IMDB_10000","ex_a7fn2ec2sp2i",0.8916,"10000"
"training_54","tk_4f1s5teyse1o","BOE_with_VAE_IMDB_10000","ex_a7fn2ec2sp2i",0.8916,"10000"
"training_4","tk_qwvsqhrrk5za","BOE_with_VAE_IMDB_10000_1","ex_okbzdxbe9fei",0.8916,"10000"
"training_8","tk_ztrwd5ea1j8h","BOE_with_VAE_IMDB_10000_1","ex_okbzdxbe9fei",0.8916,"10000"
"training_10","tk_7y4xjzfoisv6","BOE_with_VAE_IMDB_10000_1","ex_okbzdxbe9fei",0.8916,"10000"
"training_21","tk_v5ox2eo2556v","BOE_IMDB_10000","ex_r9kk7fu5ytl3",0.8912,"10000"
"training_48","tk_y6jp8kuy3ibi","BOE_with_VAE_IMDB_5000","ex_u95pyp0aes5i",0.8912,"5000"
"training_44","tk_wh99wf357sbf","BOE_with_VAE_IMDB_10000","ex_a7fn2ec2sp2i",0.891,"10000"
"training_56","tk_sucto546pyb7","BOE_with_VAE_IMDB_10000","ex_a7fn2ec2sp2i",0.891,"10000"
"training_53","tk_f12qvkqy7r3y","BOE_IMDB_10000","ex_r9kk7fu5ytl3",0.891,"10000"
"training_27","tk_qtu1uqvc46rf","BOE_IMDB_10000","ex_r9kk7fu5ytl3",0.891,"10000"
"training_41","tk_pd9sgwk0567k","BOE_IMDB_10000","ex_r9kk7fu5ytl3",0.891,"10000"
"training_53","tk_f12qvkqy7r3y","BOE_IMDB_10000","ex_r9kk7fu5ytl3",0.891,"10000"
"training_68","tk_yrq9wlg82e2h","BOE_IMDB_10000","ex_r9kk7fu5ytl3",0.891,"10000"
"training_33","tk_u01cgxh5uttz","BOE_IMDB_10000","ex_r9kk7fu5ytl3",0.891,"10000"
"training_17","tk_7j85c8qus40j","BOE_IMDB_10000_1","ex_4hpkd7ou8v1t",0.8908,"10000"
"training_19","tk_zd3o0q4mzbvi","BOE_with_VAE_IMDB_10000","ex_a7fn2ec2sp2i",0.8908,"10000"
"training_64","tk_gn2qkprmw6kp","BOE_with_VAE_IMDB_10000","ex_a7fn2ec2sp2i",0.8908,"10000"
"training_31","tk_2z2aphs7s04l","BOE_IMDB_10000","ex_r9kk7fu5ytl3",0.8908,"10000"
"training_23","tk_n3st36nxu5rh","BOE_IMDB_10000","ex_r9kk7fu5ytl3",0.8908,"10000"
"training_41","tk_6lepttb7b91g","BOE_with_VAE_IMDB_5000","ex_u95pyp0aes5i",0.8908,"5000"
"training_18","tk_o6ef9dtf1vp5","BOE_with_VAE_IMDB_10000","ex_a7fn2ec2sp2i",0.8906,"10000"
"training_21","tk_k4itg416mumr","BOE_with_VAE_IMDB_10000_1","ex_okbzdxbe9fei",0.8906,"10000"
"training_37","tk_i6hckzcx4nfj","BOE_with_VAE_IMDB_5000","ex_u95pyp0aes5i",0.8904,"5000"
"training_13","tk_forleiq9bfxg","BOE_with_VAE_IMDB_10000_1","ex_okbzdxbe9fei",0.89,"10000"
"training_28","tk_zzn6mwl3rc2u","BOE_with_VAE_IMDB_10000","ex_a7fn2ec2sp2i",0.8898,"10000"
"training_65","tk_7gfthj1f0c6n","BOE_IMDB_10000","ex_r9kk7fu5ytl3",0.8898,"10000"
"training_85","tk_zo2ewcbqw3dm","BOE_with_VAE_IMDB_5000","ex_u95pyp0aes5i",0.8898,"5000"
"training_95","tk_54ncwbkf5u3t","BOE_with_VAE_IMDB_5000","ex_u95pyp0aes5i",0.8898,"5000"
"training_18","tk_utm2uj4ispyr","BOE_with_VAE_IMDB_5000","ex_u95pyp0aes5i",0.8898,"5000"
"training_70","tk_12q9iz6pqpgl","BOE_with_VAE_IMDB_5000","ex_u95pyp0aes5i",0.8898,"5000"
"training_48","tk_17rg5jps36sk","BOE_with_VAE_IMDB_10000","ex_a7fn2ec2sp2i",0.8896,"10000"
"training_43","tk_8i32vbgy8c39","BOE_with_VAE_IMDB_10000","ex_a7fn2ec2sp2i",0.8896,"10000"
"training_58","tk_c8aqgqy2nigx","BOE_with_VAE_IMDB_10000","ex_a7fn2ec2sp2i",0.8894,"10000"
"training_71","tk_r7tn8z6ucl14","BOE_IMDB_10000","ex_r9kk7fu5ytl3",0.8892,"10000"
"training_52","tk_23b9wyp08rbf","BOE_IMDB_10000","ex_r9kk7fu5ytl3",0.8892,"10000"
"training_1","tk_0mcqkuuezi5e","BOE_IMDB_10000","ex_r9kk7fu5ytl3",0.8892,"10000"
"training_22","tk_9mymhvaoan0h","BOE_IMDB_10000","ex_r9kk7fu5ytl3",0.8892,"10000"
"training_67","tk_ratcpqcuif5j","BOE_IMDB_10000","ex_r9kk7fu5ytl3",0.8892,"10000"
"training_35","tk_h1cf3hcit27k","BOE_with_VAE_IMDB_5000","ex_u95pyp0aes5i",0.8892,"5000"
"training_22","tk_6fx09aldxop2","BOE_with_VAE_IMDB_10000_1","ex_okbzdxbe9fei",0.889,"10000"
"training_15","tk_wxleskh1qsdt","BOE_with_VAE_IMDB_10000_1","ex_okbzdxbe9fei",0.889,"10000"
"training_51","tk_t910hy16p804","BOE_IMDB_10000","ex_r9kk7fu5ytl3",0.889,"10000"
"training_66","tk_bycwgfnkmobu","BOE_with_VAE_IMDB_5000","ex_u95pyp0aes5i",0.889,"5000"
"training_2","tk_9qzq8xkgaics","BOE_with_VAE_IMDB_10000","ex_a7fn2ec2sp2i",0.8888,"10000"
"training_69","tk_n2971ys7hzak","BOE_with_VAE_IMDB_10000","ex_a7fn2ec2sp2i",0.8888,"10000"
"training_60","tk_2k9f6v1cx4xy","BOE_with_VAE_IMDB_10000","ex_a7fn2ec2sp2i",0.8888,"10000"
"training_11","tk_lwxeczifve3a","BOE_with_VAE_IMDB_10000_1","ex_okbzdxbe9fei",0.8888,"10000"
"training_58","tk_z2rdvnh99y3w","BOE_IMDB_10000","ex_r9kk7fu5ytl3",0.8888,"10000"
"training_25","tk_a5gsa35av5e4","BOE_with_VAE_IMDB_5000","ex_u95pyp0aes5i",0.8888,"5000"
"training_16","tk_os0b810qyuw7","BOE_with_VAE_IMDB_10000","ex_a7fn2ec2sp2i",0.8886,"10000"
"training_5","tk_xk8i7g89iobi","BOE_with_VAE_IMDB_10000","ex_a7fn2ec2sp2i",0.8886,"10000"
"training_54","tk_0024bk3njor3","BOE_IMDB_10000","ex_r9kk7fu5ytl3",0.8886,"10000"
"training_65","tk_bdhsiulw35iy","BOE_with_VAE_IMDB_5000","ex_u95pyp0aes5i",0.8886,"5000"
"training_7","tk_84khuuj1fgkl","BOE_IMDB_10000_1","ex_4hpkd7ou8v1t",0.8884,"10000"
"training_18","tk_rmlq3bxsc8la","BOE_IMDB_10000_1","ex_4hpkd7ou8v1t",0.8884,"10000"
"training_65","tk_16vubaf8w3z1","BOE_with_VAE_IMDB_10000","ex_a7fn2ec2sp2i",0.8884,"10000"
"training_33","tk_h0yh9ovt9226","BOE_with_VAE_IMDB_10000","ex_a7fn2ec2sp2i",0.8884,"10000"
"training_3","tk_pa3ejpt0iukw","BOE_IMDB_10000","ex_r9kk7fu5ytl3",0.8884,"10000"
"training_32","tk_xtim0k9b4b2y","BOE_IMDB_10000","ex_r9kk7fu5ytl3",0.8884,"10000"
"training_73","tk_sa7dh0ly0o8d","BOE_IMDB_10000","ex_r9kk7fu5ytl3",0.8884,"10000"
"training_14","tk_4lvw0k3ibbi8","BOE_with_VAE_IMDB_5000","ex_u95pyp0aes5i",0.8884,"5000"
"training_59","tk_mhfw48o33c24","BOE_with_VAE_IMDB_5000","ex_u95pyp0aes5i",0.8882,"5000"
"training_7","tk_t8knoqvuoa3o","BOE_with_VAE_IMDB_5000","ex_u95pyp0aes5i",0.8882,"5000"
"training_21","tk_7c6ba101oj01","BOE_IMDB_10000_1","ex_4hpkd7ou8v1t",0.888,"10000"
"training_53","tk_4p2dmrbz73df","BOE_with_VAE_IMDB_10000","ex_a7fn2ec2sp2i",0.888,"10000"
"training_12","tk_u8r91ut718tu","BOE_with_VAE_IMDB_10000","ex_a7fn2ec2sp2i",0.888,"10000"
"training_38","tk_33ru469v5wk3","BOE_with_VAE_IMDB_10000","ex_a7fn2ec2sp2i",0.888,"10000"
"training_13","tk_w57jz16r6jw2","BOE_IMDB_10000","ex_r9kk7fu5ytl3",0.888,"10000"
"training_62","tk_xsxgms9qzyms","BOE_IMDB_10000","ex_r9kk7fu5ytl3",0.888,"10000"
"training_36","tk_3t6766zq7kvp","BOE_IMDB_10000","ex_r9kk7fu5ytl3",0.888,"10000"
"training_72","tk_wmr1j5jmtz7f","BOE_IMDB_10000","ex_r9kk7fu5ytl3",0.888,"10000"
"training_73","tk_81qcfu1f4bqr","BOE_with_VAE_IMDB_5000","ex_u95pyp0aes5i",0.888,"5000"
"training_15","tk_mujvyuxnvzn7","BOE_with_VAE_IMDB_5000","ex_u95pyp0aes5i",0.888,"5000"
"training_24","tk_1jws5e3fy4wh","BOE_with_VAE_IMDB_5000","ex_u95pyp0aes5i",0.888,"5000"
"training_1","tk_78253nr54y7d","BOE_IMDB_10000_1","ex_4hpkd7ou8v1t",0.8878,"10000"
"training_10","tk_hx94h43ukucb","BOE_IMDB_10000_1","ex_4hpkd7ou8v1t",0.8878,"10000"
"training_16","tk_pibqdve83lrj","BOE_with_VAE_IMDB_10000_1","ex_okbzdxbe9fei",0.8878,"10000"
"training_18","tk_zs1bfa5hhy5o","BOE_IMDB_10000","ex_r9kk7fu5ytl3",0.8878,"10000"
"training_59","tk_i6qiult501dq","BOE_IMDB_10000","ex_r9kk7fu5ytl3",0.8878,"10000"
"training_57","tk_qmis961s6c91","BOE_IMDB_10000","ex_r9kk7fu5ytl3",0.8878,"10000"
"training_69","tk_tro5wbizkgcq","BOE_with_VAE_IMDB_5000","ex_u95pyp0aes5i",0.8878,"5000"
"training_0","tk_rz1pf7wd6zbl","BOE_IMDB_10000_1","ex_4hpkd7ou8v1t",0.8876,"10000"
"training_20","tk_g211oos1jmno","BOE_IMDB_10000_1","ex_4hpkd7ou8v1t",0.8876,"10000"
"training_41","tk_v3usdgjuyatp","BOE_with_VAE_IMDB_10000","ex_a7fn2ec2sp2i",0.8876,"10000"
"training_34","tk_gzzohv9mi9g6","BOE_IMDB_10000","ex_r9kk7fu5ytl3",0.8876,"10000"
"training_30","tk_l0n2eesaazlp","BOE_IMDB_10000","ex_r9kk7fu5ytl3",0.8876,"10000"
"training_63","tk_lv0y27e04jqn","BOE_IMDB_10000","ex_r9kk7fu5ytl3",0.8876,"10000"
"training_1","tk_4f08ms0jttxy","BOE_with_VAE_IMDB_10000","ex_a7fn2ec2sp2i",0.8874,"10000"
"training_8","tk_9zimvpzgcm21","BOE_with_VAE_IMDB_5000","ex_u95pyp0aes5i",0.8874,"5000"
"training_55","tk_lel4e5scizdv","BOE_with_VAE_IMDB_5000","ex_u95pyp0aes5i",0.8874,"5000"
"training_12","tk_1hlbg7r6dhdg","BOE_with_VAE_IMDB_5000","ex_u95pyp0aes5i",0.8874,"5000"
"training_16","tk_9x0xqlm4avus","BOE_with_VAE_IMDB_5000","ex_u95pyp0aes5i",0.8874,"5000"
"training_16","tk_bmh0h1mw536f","BOE_IMDB_10000_1","ex_4hpkd7ou8v1t",0.8872,"10000"
"training_59","tk_028ssx7mup19","BOE_with_VAE_IMDB_10000","ex_a7fn2ec2sp2i",0.8872,"10000"
"training_8","tk_7e2kxgevnd4s","BOE_IMDB_10000","ex_r9kk7fu5ytl3",0.8872,"10000"
"training_5","tk_angunmsgeia3","BOE_with_VAE_IMDB_5000","ex_u95pyp0aes5i",0.8872,"5000"
"training_6","tk_s9outep357wx","BOE_IMDB_10000_1","ex_4hpkd7ou8v1t",0.887,"10000"
"training_49","tk_fj0h3ulpm50d","BOE_IMDB_10000","ex_r9kk7fu5ytl3",0.887,"10000"
"training_25","tk_fx3ylq4ibz8r","BOE_IMDB_10000","ex_r9kk7fu5ytl3",0.887,"10000"
"training_74","tk_k4w825xj4s7h","BOE_IMDB_10000","ex_r9kk7fu5ytl3",0.887,"10000"
"training_34","tk_9b3m8mvtb2p3","BOE_with_VAE_IMDB_10000","ex_a7fn2ec2sp2i",0.8868,"10000"
"training_31","tk_1r5fbe39aszq","BOE_with_VAE_IMDB_2500","ex_cbbq5hgonxq0",0.8868,"2500"
"training_42","tk_t1kib15bn3uj","BOE_IMDB_10000","ex_r9kk7fu5ytl3",0.8868,"10000"
"training_66","tk_b2w6uabryev6","BOE_IMDB_10000","ex_r9kk7fu5ytl3",0.8868,"10000"
"training_23","tk_27nr6k39egfu","BOE_IMDB_10000_1","ex_4hpkd7ou8v1t",0.8866,"10000"
"training_71","tk_j1fdrrpjf0ss","BOE_with_VAE_IMDB_10000","ex_a7fn2ec2sp2i",0.8866,"10000"
"training_9","tk_jn9ienxj8pm5","BOE_with_VAE_IMDB_10000_1","ex_okbzdxbe9fei",0.8866,"10000"
"training_44","tk_mfcovrk0wa86","BOE_IMDB_10000","ex_r9kk7fu5ytl3",0.8866,"10000"
"training_46","tk_xzr4k5wiw0dy","BOE_IMDB_10000","ex_r9kk7fu5ytl3",0.8866,"10000"
"training_64","tk_sp7d6zrkheuz","BOE_with_VAE_IMDB_5000","ex_u95pyp0aes5i",0.8866,"5000"
"training_82","tk_26cj29lxgbl4","BOE_with_VAE_IMDB_5000","ex_u95pyp0aes5i",0.8866,"5000"
"training_28","tk_k7p6xbzg7sq2","BOE_with_VAE_IMDB_5000","ex_u95pyp0aes5i",0.8866,"5000"
"training_79","tk_qy7muav5aklg","BOE_with_VAE_IMDB_5000","ex_u95pyp0aes5i",0.8866,"5000"
"training_21","tk_jjzbg5ceogzf","BOE_with_VAE_IMDB_10000","ex_a7fn2ec2sp2i",0.8864,"10000"
"training_22","tk_ab11tl5wblwr","BOE_with_VAE_IMDB_10000","ex_a7fn2ec2sp2i",0.8864,"10000"
"training_26","tk_3o1s83ickyzo","BOE_with_VAE_IMDB_10000","ex_a7fn2ec2sp2i",0.8864,"10000"
"training_6","tk_exfn641amozm","BOE_with_VAE_IMDB_10000_1","ex_okbzdxbe9fei",0.8864,"10000"
"training_69","tk_zi3dd8kuofc0","BOE_IMDB_10000","ex_r9kk7fu5ytl3",0.8864,"10000"
"training_7","tk_7l5ipgam9phs","BOE_IMDB_10000","ex_r9kk7fu5ytl3",0.8864,"10000"
"training_15","tk_h1i70skfe4jj","BOE_IMDB_10000_1","ex_4hpkd7ou8v1t",0.8862,"10000"
"training_55","tk_gw98xegnf9en","BOE_IMDB_10000","ex_r9kk7fu5ytl3",0.8862,"10000"
"training_15","tk_6zyghgv7pdqa","BOE_IMDB_10000","ex_r9kk7fu5ytl3",0.8862,"10000"
"training_37","tk_in0t7yvkisoc","BOE_IMDB_10000","ex_r9kk7fu5ytl3",0.8862,"10000"
"training_14","tk_pqpp0dv7we49","BOE_IMDB_10000_1","ex_4hpkd7ou8v1t",0.886,"10000"
"training_55","tk_o556d59fvvaw","BOE_with_VAE_IMDB_10000","ex_a7fn2ec2sp2i",0.886,"10000"
"training_72","tk_bf9xiegw6yyt","BOE_with_VAE_IMDB_10000","ex_a7fn2ec2sp2i",0.886,"10000"
"training_47","tk_he2t1vav9hq7","BOE_IMDB_10000","ex_r9kk7fu5ytl3",0.886,"10000"
"training_43","tk_cg3w873hmfeq","BOE_IMDB_10000","ex_r9kk7fu5ytl3",0.886,"10000"
"training_11","tk_ld3up9qtsw4y","BOE_IMDB_10000_1","ex_4hpkd7ou8v1t",0.8858,"10000"
"training_24","tk_bv4d1btdioyn","BOE_IMDB_10000_1","ex_4hpkd7ou8v1t",0.8858,"10000"
"training_38","tk_82yyf115krlk","BOE_with_VAE_IMDB_2500","ex_cbbq5hgonxq0",0.8858,"2500"
"training_20","tk_2wdxco492gs8","BOE_with_VAE_IMDB_10000_1","ex_okbzdxbe9fei",0.8858,"10000"
"training_54","tk_9jhtez1wsjgp","BOE_with_VAE_IMDB_5000","ex_u95pyp0aes5i",0.8858,"5000"
"training_94","tk_j16taxm266jt","BOE_with_VAE_IMDB_5000","ex_u95pyp0aes5i",0.8858,"5000"
"training_13","tk_y2mliu1y5h4f","BOE_IMDB_10000_1","ex_4hpkd7ou8v1t",0.8856,"10000"
"training_19","tk_ggetkbb6prsr","BOE_IMDB_10000_1","ex_4hpkd7ou8v1t",0.8856,"10000"
"training_17","tk_6pkyqqqdcfbm","BOE_with_VAE_IMDB_10000_1","ex_okbzdxbe9fei",0.8856,"10000"
"training_45","tk_53shj8lftmza","BOE_IMDB_10000","ex_r9kk7fu5ytl3",0.8856,"10000"
"training_19","tk_dc9644gyvv9s","BOE_IMDB_10000","ex_r9kk7fu5ytl3",0.8856,"10000"
"training_9","tk_cfxkpj4acrwc","BOE_IMDB_10000","ex_r9kk7fu5ytl3",0.8856,"10000"
"training_48","tk_z3zpbgrxdla6","BOE_IMDB_10000","ex_r9kk7fu5ytl3",0.8856,"10000"
"training_40","tk_zw0fgo4q72vm","BOE_IMDB_10000","ex_r9kk7fu5ytl3",0.8856,"10000"
"training_17","tk_6n0yqfanx6o2","BOE_IMDB_10000","ex_r9kk7fu5ytl3",0.8856,"10000"
"training_50","tk_skx5t7j56847","BOE_IMDB_10000","ex_r9kk7fu5ytl3",0.8854,"10000"
"training_2","tk_sw4y3x6fqpno","BOE_IMDB_10000_1","ex_4hpkd7ou8v1t",0.8852,"10000"
"training_23","tk_3gextzwx0rk2","BOE_with_VAE_IMDB_10000","ex_a7fn2ec2sp2i",0.8852,"10000"
"training_49","tk_kgnr9s60ilp0","BOE_with_VAE_IMDB_10000","ex_a7fn2ec2sp2i",0.8852,"10000"
"training_39","tk_3et8jy09saim","BOE_IMDB_10000","ex_r9kk7fu5ytl3",0.8852,"10000"
"training_5","tk_foq2j4mz4893","BOE_IMDB_10000","ex_r9kk7fu5ytl3",0.8852,"10000"
"training_35","tk_pecj34168sdp","BOE_IMDB_10000","ex_r9kk7fu5ytl3",0.8852,"10000"
"training_9","tk_umhq4vdsnzoe","BOE_IMDB_10000_1","ex_4hpkd7ou8v1t",0.885,"10000"
"training_93","tk_6qoj67tnn7r8","BOE_with_VAE_IMDB_5000","ex_u95pyp0aes5i",0.885,"5000"
"training_76","tk_46qddbl1cuh2","BOE_with_VAE_IMDB_5000","ex_u95pyp0aes5i",0.885,"5000"
"training_78","tk_mbpb1uqzvdus","BOE_with_VAE_IMDB_5000","ex_u95pyp0aes5i",0.8848,"5000"
"training_5","tk_sgo18prngcor","BOE_IMDB_10000_1","ex_4hpkd7ou8v1t",0.8846,"10000"
"training_29","tk_13hzzgokkfre","BOE_IMDB_10000","ex_r9kk7fu5ytl3",0.8846,"10000"
"training_0","tk_jde9go7f1yrn","BOE_IMDB_10000","ex_r9kk7fu5ytl3",0.8846,"10000"
"training_4","tk_vvldp5h88da4","BOE_IMDB_10000","ex_r9kk7fu5ytl3",0.8846,"10000"
"training_86","tk_rndxqd1bube6","BOE_with_VAE_IMDB_5000","ex_u95pyp0aes5i",0.8846,"5000"
"training_29","tk_ohtlhj6zy4wf","BOE_with_VAE_IMDB_5000","ex_u95pyp0aes5i",0.8846,"5000"
"training_34","tk_3nb1k6y2zu7a","BOE_with_VAE_IMDB_5000","ex_u95pyp0aes5i",0.8846,"5000"
"training_12","tk_t55tdsalfkhy","BOE_IMDB_10000","ex_r9kk7fu5ytl3",0.8844,"10000"
"training_20","tk_zjj2bzsfa6vj","BOE_IMDB_10000","ex_r9kk7fu5ytl3",0.8844,"10000"
"training_10","tk_nf04awk12qvc","BOE_IMDB_10000","ex_r9kk7fu5ytl3",0.8844,"10000"
"training_87","tk_qqp6gfsalkes","BOE_with_VAE_IMDB_5000","ex_u95pyp0aes5i",0.8844,"5000"
"training_15","tk_81ezr26d8nxk","BOE_with_VAE_IMDB_2500","ex_cbbq5hgonxq0",0.8842,"2500"
"training_38","tk_lha5zwjax2xi","BOE_IMDB_10000","ex_r9kk7fu5ytl3",0.8842,"10000"
"training_36","tk_gtu2fvvv1k81","BOE_with_VAE_IMDB_5000","ex_u95pyp0aes5i",0.8842,"5000"
"training_72","tk_hsgndgulcrya","BOE_with_VAE_IMDB_5000","ex_u95pyp0aes5i",0.8842,"5000"
"training_90","tk_sobn78wlehr9","BOE_with_VAE_IMDB_5000","ex_u95pyp0aes5i",0.8842,"5000"
"training_24","tk_4gmc57jv7ibf","BOE_IMDB_10000","ex_r9kk7fu5ytl3",0.884,"10000"
"training_6","tk_fwwiudg3ng08","BOE_IMDB_10000","ex_r9kk7fu5ytl3",0.884,"10000"
"training_10","tk_lwshzviu6ptg","BOE_with_VAE_IMDB_5000","ex_u95pyp0aes5i",0.884,"5000"
"training_17","tk_9t90tdfm4ag7","BOE_with_VAE_IMDB_5000","ex_u95pyp0aes5i",0.884,"5000"
"training_52","tk_nnupxj0cet0k","BOE_with_VAE_IMDB_5000","ex_u95pyp0aes5i",0.884,"5000"
"training_73","tk_nmp2wsg7ooix","BOE_with_VAE_IMDB_10000","ex_a7fn2ec2sp2i",0.8838,"10000"
"training_2","tk_ecwzmjmi5pwx","BOE_IMDB_10000","ex_r9kk7fu5ytl3",0.8838,"10000"
"training_16","tk_g8asx0xzuw75","BOE_IMDB_10000","ex_r9kk7fu5ytl3",0.8838,"10000"
"training_51","tk_fst0h08myhkz","BOE_with_VAE_IMDB_5000","ex_u95pyp0aes5i",0.8838,"5000"
"training_75","tk_23lbflj67vrg","BOE_with_VAE_IMDB_5000","ex_u95pyp0aes5i",0.8838,"5000"
"training_26","tk_rxaap6odcg53","BOE_with_VAE_IMDB_5000","ex_u95pyp0aes5i",0.8838,"5000"
"training_3","tk_qupwjlmqpbxd","BOE_IMDB_10000_1","ex_4hpkd7ou8v1t",0.8836,"10000"
"training_34","tk_km1s1ps84d48","BOE_with_VAE_IMDB_2500","ex_cbbq5hgonxq0",0.8836,"2500"
"training_14","tk_ui14ecwv51dm","BOE_IMDB_10000","ex_r9kk7fu5ytl3",0.8836,"10000"
"training_26","tk_jex6uo2q4oyu","BOE_IMDB_10000","ex_r9kk7fu5ytl3",0.8836,"10000"
"training_19","tk_o9kn6ciobt56","BOE_with_VAE_IMDB_5000","ex_u95pyp0aes5i",0.8836,"5000"
"training_27","tk_uxqyhfp7ciac","BOE_with_VAE_IMDB_5000","ex_u95pyp0aes5i",0.8836,"5000"
"training_60","tk_ysjs9xn5vrkq","BOE_IMDB_10000","ex_r9kk7fu5ytl3",0.8834,"10000"
"training_46","tk_sn69g2bjy49v","BOE_with_VAE_IMDB_5000","ex_u95pyp0aes5i",0.8834,"5000"
"training_88","tk_a2h7zhkg83uz","BOE_with_VAE_IMDB_5000","ex_u95pyp0aes5i",0.8834,"5000"
"training_4","tk_z4sdc0hujmhj","BOE_IMDB_10000_1","ex_4hpkd7ou8v1t",0.8832,"10000"
"training_32","tk_o5lnbop8yhl4","BOE_with_VAE_IMDB_10000","ex_a7fn2ec2sp2i",0.8832,"10000"
"training_84","tk_vlyrbet9046n","BOE_with_VAE_IMDB_5000","ex_u95pyp0aes5i",0.8832,"5000"
"training_20","tk_bepevrzill64","BOE_with_VAE_IMDB_5000","ex_u95pyp0aes5i",0.8832,"5000"
"training_28","tk_x9lxfeqignp8","BOE_IMDB_10000","ex_r9kk7fu5ytl3",0.883,"10000"
"training_13","tk_kpc8jwzhdh9x","BOE_with_VAE_IMDB_5000","ex_u95pyp0aes5i",0.883,"5000"
"training_56","tk_fi94uwn7lx2z","BOE_with_VAE_IMDB_5000","ex_u95pyp0aes5i",0.883,"5000"
"training_45","tk_48k6ec5aaixj","BOE_with_VAE_IMDB_5000","ex_u95pyp0aes5i",0.883,"5000"
"training_6","tk_1frnbp6bb7uf","BOE_with_VAE_IMDB_5000","ex_u95pyp0aes5i",0.8828,"5000"
"training_92","tk_wtz6cs78805s","BOE_with_VAE_IMDB_5000","ex_u95pyp0aes5i",0.8828,"5000"
"training_33","tk_g81fjlysmlhs","BOE_with_VAE_IMDB_5000","ex_u95pyp0aes5i",0.8828,"5000"
"training_74","tk_maqyohua2n7c","BOE_with_VAE_IMDB_5000","ex_u95pyp0aes5i",0.8828,"5000"
"training_40","tk_031uqmrcjtbw","BOE_with_VAE_IMDB_5000","ex_u95pyp0aes5i",0.8828,"5000"
"training_28","tk_1x56iv5xr843","BOE_with_VAE_IMDB_2500","ex_cbbq5hgonxq0",0.8824,"2500"
"training_50","tk_dv5ytl0452rh","BOE_with_VAE_IMDB_5000","ex_u95pyp0aes5i",0.8824,"5000"
"training_11","tk_gd9uxjwwhu0e","BOE_with_VAE_IMDB_5000","ex_u95pyp0aes5i",0.8824,"5000"
"training_12","tk_5vvqt20ey4sm","BOE_IMDB_10000_1","ex_4hpkd7ou8v1t",0.8822,"10000"
"training_8","tk_nnu08y48h6ha","BOE_IMDB_10000_1","ex_4hpkd7ou8v1t",0.8822,"10000"
"training_0","tk_e40iaw42uozn","BOE_with_VAE_IMDB_2500","ex_cbbq5hgonxq0",0.8822,"2500"
"training_56","tk_59py9ixcmz45","BOE_IMDB_10000","ex_r9kk7fu5ytl3",0.8822,"10000"
"training_30","tk_ije4lkkx2ueg","BOE_with_VAE_IMDB_2500","ex_cbbq5hgonxq0",0.882,"2500"
"training_64","tk_gnucdugs4zbg","BOE_IMDB_10000","ex_r9kk7fu5ytl3",0.882,"10000"
"training_42","tk_296x28gbsx9v","BOE_with_VAE_IMDB_5000","ex_u95pyp0aes5i",0.882,"5000"
"training_39","tk_o0zabj16kmdw","BOE_with_VAE_IMDB_5000","ex_u95pyp0aes5i",0.882,"5000"
"training_96","tk_jzzlu2sgm2hc","BOE_with_VAE_IMDB_5000","ex_u95pyp0aes5i",0.882,"5000"
"training_69","tk_l823zb9otqz1","BOE_with_VAE_IMDB_2500","ex_cbbq5hgonxq0",0.8818,"2500"
"training_64","tk_uvaylrjxe55s","BOE_with_VAE_IMDB_2500","ex_cbbq5hgonxq0",0.8818,"2500"
"training_22","tk_p5oh0kdpsln2","BOE_IMDB_10000_1","ex_4hpkd7ou8v1t",0.8816,"10000"
"training_11","tk_9zg83ajte1xs","BOE_IMDB_10000","ex_r9kk7fu5ytl3",0.8816,"10000"
"training_22","tk_zw7tfdpmoz2m","BOE_with_VAE_IMDB_2500","ex_cbbq5hgonxq0",0.8814,"2500"
"training_2","tk_v2o8w9vw5sed","BOE_with_VAE_IMDB_5000","ex_u95pyp0aes5i",0.8814,"5000"
"training_61","tk_kocuf88nqxmc","BOE_IMDB_10000","ex_r9kk7fu5ytl3",0.8812,"10000"
"training_3","tk_f85dnp5lkm5b","BOE_with_VAE_IMDB_5000","ex_u95pyp0aes5i",0.8812,"5000"
"training_97","tk_1jgjm34xmdch","BOE_with_VAE_IMDB_5000","ex_u95pyp0aes5i",0.8812,"5000"
"training_84","tk_x4mqaz7jqzv2","BOE_with_VAE_IMDB_2500","ex_cbbq5hgonxq0",0.881,"2500"
"training_36","tk_o9wm2mvbfetq","BOE_with_VAE_IMDB_2500","ex_cbbq5hgonxq0",0.881,"2500"
"training_13","tk_rqwge4s7qnis","BOE_with_VAE_IMDB_2500","ex_cbbq5hgonxq0",0.881,"2500"
"training_61","tk_hy78i0f3uoy8","BOE_with_VAE_IMDB_5000","ex_u95pyp0aes5i",0.881,"5000"
"training_68","tk_yp9exprh4hb2","BOE_with_VAE_IMDB_5000","ex_u95pyp0aes5i",0.881,"5000"
"training_15","tk_5uswbfggdxh5","BOE_with_VAE_IMDB_10000","ex_a7fn2ec2sp2i",0.8808,"10000"
"training_3","tk_k05z9noxrbvm","BOE_with_VAE_IMDB_2500","ex_cbbq5hgonxq0",0.8808,"2500"
"training_93","tk_76bam9driufh","BOE_with_VAE_IMDB_2500","ex_cbbq5hgonxq0",0.8808,"2500"
"training_12","tk_qducyk08v80x","BOE_with_VAE_IMDB_10000_1","ex_okbzdxbe9fei",0.8808,"10000"
"training_38","tk_mmxm082grpdq","BOE_with_VAE_IMDB_5000","ex_u95pyp0aes5i",0.8808,"5000"
"training_0","tk_z4rfj0xihc0w","BOE_with_VAE_IMDB_5000","ex_u95pyp0aes5i",0.8808,"5000"
"training_11","tk_0hdnmync80ws","BOE_with_VAE_IMDB_2500","ex_cbbq5hgonxq0",0.8806,"2500"
"training_87","tk_b6d3mcenprj0","BOE_with_VAE_IMDB_2500","ex_cbbq5hgonxq0",0.8806,"2500"
"training_1","tk_39gybvz3uu3u","BOE_with_VAE_IMDB_5000","ex_u95pyp0aes5i",0.8806,"5000"
"training_63","tk_5ybwie246yhc","BOE_with_VAE_IMDB_5000","ex_u95pyp0aes5i",0.8804,"5000"
"training_43","tk_ccr0yvi3jd4t","BOE_with_VAE_IMDB_2500","ex_cbbq5hgonxq0",0.8802,"2500"
"training_43","tk_hhr7avu8mnox","BOE_with_VAE_IMDB_5000","ex_u95pyp0aes5i",0.8802,"5000"
"training_24","tk_xncu9yqai8bl","BOE_with_VAE_IMDB_2500","ex_cbbq5hgonxq0",0.88,"2500"
"training_2","tk_m1u7qmeehynb","BOE_with_VAE_IMDB_2500","ex_cbbq5hgonxq0",0.8798,"2500"
"training_52","tk_x2kqkreo8sah","BOE_with_VAE_IMDB_2500","ex_cbbq5hgonxq0",0.8798,"2500"
"training_57","tk_wp88f5cpnii0","BOE_with_VAE_IMDB_5000","ex_u95pyp0aes5i",0.8798,"5000"
"training_49","tk_yldzholb35wj","BOE_with_VAE_IMDB_5000","ex_u95pyp0aes5i",0.8796,"5000"
"training_32","tk_l33d4jsffash","BOE_with_VAE_IMDB_2500","ex_cbbq5hgonxq0",0.8794,"2500"
"training_83","tk_um05ji69xvca","BOE_with_VAE_IMDB_5000","ex_u95pyp0aes5i",0.8794,"5000"
"training_32","tk_1bl1dfxcjf49","BOE_with_VAE_IMDB_5000","ex_u95pyp0aes5i",0.8794,"5000"
"training_41","tk_4ax0x4wcc3q6","BOE_with_VAE_IMDB_2500","ex_cbbq5hgonxq0",0.8792,"2500"
"training_30","tk_bqz94sp02wdd","BOE_with_VAE_IMDB_5000","ex_u95pyp0aes5i",0.8792,"5000"
"training_22","tk_p2sydsu3vav5","BOE_with_VAE_IMDB_5000","ex_u95pyp0aes5i",0.8792,"5000"
"training_75","tk_1n1h8y4eg4d0","BOE_with_VAE_IMDB_2500","ex_cbbq5hgonxq0",0.879,"2500"
"training_59","tk_y6qjnogmdmps","BOE_with_VAE_IMDB_2500","ex_cbbq5hgonxq0",0.879,"2500"
"training_5","tk_q5opnsg2kean","BOE_with_VAE_IMDB_2500","ex_cbbq5hgonxq0",0.879,"2500"
"training_71","tk_fbf05oxo958g","BOE_with_VAE_IMDB_2500","ex_cbbq5hgonxq0",0.8788,"2500"
"training_96","tk_x3rbw97pg737","BOE_with_VAE_IMDB_2500","ex_cbbq5hgonxq0",0.8788,"2500"
"training_55","tk_kq6q1u8o0te5","BOE_with_VAE_IMDB_2500","ex_cbbq5hgonxq0",0.8788,"2500"
"training_54","tk_km2rnzwy3x2a","BOE_with_VAE_IMDB_2500","ex_cbbq5hgonxq0",0.8788,"2500"
"training_81","tk_687oujminvfu","BOE_with_VAE_IMDB_5000","ex_u95pyp0aes5i",0.8788,"5000"
"training_90","tk_fmih2iccq9kg","BOE_with_VAE_IMDB_2500","ex_cbbq5hgonxq0",0.8786,"2500"
"training_48","tk_vywsqhrm9jwu","BOE_with_VAE_IMDB_2500","ex_cbbq5hgonxq0",0.8786,"2500"
"training_23","tk_7ory8mfcxmnk","BOE_with_VAE_IMDB_5000","ex_u95pyp0aes5i",0.8786,"5000"
"training_89","tk_ngb8acgo8apn","BOE_with_VAE_IMDB_5000","ex_u95pyp0aes5i",0.8786,"5000"
"training_60","tk_bn9izz5z5j1z","BOE_with_VAE_IMDB_2500","ex_cbbq5hgonxq0",0.8784,"2500"
"training_79","tk_h8jfin90ql96","BOE_with_VAE_IMDB_2500","ex_cbbq5hgonxq0",0.8784,"2500"
"training_76","tk_tf2wr6rhgky6","BOE_with_VAE_IMDB_2500","ex_cbbq5hgonxq0",0.8784,"2500"
"training_91","tk_tjcg9na66tyt","BOE_with_VAE_IMDB_5000","ex_u95pyp0aes5i",0.8784,"5000"
"training_77","tk_ewllsq7wf6ak","BOE_with_VAE_IMDB_5000","ex_u95pyp0aes5i",0.8784,"5000"
"training_51","tk_xz2zlgi72abv","BOE_with_VAE_IMDB_2500","ex_cbbq5hgonxq0",0.8782,"2500"
"training_66","tk_luwlpucqwyu7","BOE_with_VAE_IMDB_2500","ex_cbbq5hgonxq0",0.8782,"2500"
"training_33","tk_o6hnvao9l7fk","BOE_with_VAE_IMDB_2500","ex_cbbq5hgonxq0",0.878,"2500"
"training_44","tk_3t2m5gc1ljmm","BOE_with_VAE_IMDB_5000","ex_u95pyp0aes5i",0.878,"5000"
"training_9","tk_uwt4gtj7cswx","BOE_with_VAE_IMDB_5000","ex_u95pyp0aes5i",0.878,"5000"
"training_47","tk_66pr1c4vq1nx","BOE_with_VAE_IMDB_5000","ex_u95pyp0aes5i",0.878,"5000"
"training_21","tk_03eevxuz539i","BOE_with_VAE_IMDB_5000","ex_u95pyp0aes5i",0.878,"5000"
"training_98","tk_3i7byfkliium","BOE_with_VAE_IMDB_2500","ex_cbbq5hgonxq0",0.8778,"2500"
"training_63","tk_6swb07tnfa3t","BOE_with_VAE_IMDB_2500","ex_cbbq5hgonxq0",0.8778,"2500"
"training_95","tk_mge9qe88b95t","BOE_with_VAE_IMDB_2500","ex_cbbq5hgonxq0",0.8778,"2500"
"training_58","tk_l4vaod8fbzvp","BOE_with_VAE_IMDB_5000","ex_u95pyp0aes5i",0.8778,"5000"
"training_4","tk_mjuhpjx8kynt","BOE_with_VAE_IMDB_5000","ex_u95pyp0aes5i",0.8778,"5000"
"training_98","tk_2eine7fmlck5","BOE_with_VAE_IMDB_5000","ex_u95pyp0aes5i",0.8778,"5000"
"training_80","tk_xjc3qz5zx9f9","BOE_with_VAE_IMDB_5000","ex_u95pyp0aes5i",0.8776,"5000"
"training_85","tk_p9f32f020k9v","BOE_with_VAE_IMDB_2500","ex_cbbq5hgonxq0",0.8774,"2500"
"training_77","tk_694v19sqe3i3","BOE_with_VAE_IMDB_2500","ex_cbbq5hgonxq0",0.8774,"2500"
"training_99","tk_jl5zparappze","BOE_with_VAE_IMDB_5000","ex_u95pyp0aes5i",0.8774,"5000"
"training_67","tk_r3ls5nkmgqx8","BOE_with_VAE_IMDB_5000","ex_u95pyp0aes5i",0.8774,"5000"
"training_83","tk_oied4iic5j88","BOE_with_VAE_IMDB_2500","ex_cbbq5hgonxq0",0.8772,"2500"
"training_62","tk_mh9hsd29eiuc","BOE_with_VAE_IMDB_5000","ex_u95pyp0aes5i",0.877,"5000"
"training_14","tk_546s8d2mo2m8","BOE_with_VAE_IMDB_2500","ex_cbbq5hgonxq0",0.8768,"2500"
"training_37","tk_shrgntwhk0kb","BOE_with_VAE_IMDB_2500","ex_cbbq5hgonxq0",0.8768,"2500"
"training_53","tk_kvefzokzjnyz","BOE_with_VAE_IMDB_5000","ex_u95pyp0aes5i",0.8768,"5000"
"training_39","tk_u2fyzuhc74y3","BOE_with_VAE_IMDB_2500","ex_cbbq5hgonxq0",0.8766,"2500"
"training_45","tk_lk0k2m0diwi3","BOE_with_VAE_IMDB_2500","ex_cbbq5hgonxq0",0.8766,"2500"
"training_71","tk_346t9b7o5xjd","BOE_with_VAE_IMDB_5000","ex_u95pyp0aes5i",0.8766,"5000"
"training_66","tk_7yz74ebx36ad","BOE_IMDB_5000","ex_67je3arl7rk0",0.8764,"5000"
"training_73","tk_78occ9t5kcg8","BOE_with_VAE_IMDB_2500","ex_cbbq5hgonxq0",0.8764,"2500"
"training_26","tk_p3q9wuxouqbm","BOE_with_VAE_IMDB_2500","ex_cbbq5hgonxq0",0.8764,"2500"
"training_68","tk_233o91314fz5","BOE_with_VAE_IMDB_2500","ex_cbbq5hgonxq0",0.8764,"2500"
"training_23","tk_pk2lwwxx4sl3","BOE_with_VAE_IMDB_2500","ex_cbbq5hgonxq0",0.8762,"2500"
"training_92","tk_6udhi2y166dy","BOE_with_VAE_IMDB_2500","ex_cbbq5hgonxq0",0.876,"2500"
"training_44","tk_y9vkzo1roi4w","BOE_with_VAE_IMDB_2500","ex_cbbq5hgonxq0",0.876,"2500"
"training_53","tk_6vfqdz3m8dkt","BOE_with_VAE_IMDB_2500","ex_cbbq5hgonxq0",0.876,"2500"
"training_97","tk_4q8pap28233p","BOE_with_VAE_IMDB_2500","ex_cbbq5hgonxq0",0.876,"2500"
"training_60","tk_tx0pf2oyiovs","BOE_with_VAE_IMDB_5000","ex_u95pyp0aes5i",0.876,"5000"
"training_27","tk_jfjfmgajzep7","BOE_with_VAE_IMDB_2500","ex_cbbq5hgonxq0",0.8758,"2500"
"training_21","tk_am45klq5jd6n","BOE_with_VAE_IMDB_2500","ex_cbbq5hgonxq0",0.8758,"2500"
"training_8","tk_2ipc6uznedq7","BOE_with_VAE_IMDB_2500","ex_cbbq5hgonxq0",0.8758,"2500"
"training_44","tk_7vsc2cjn2cvk","BOE_IMDB_5000","ex_67je3arl7rk0",0.8756,"5000"
"training_65","tk_bp47c1tgvd3u","BOE_IMDB_5000","ex_67je3arl7rk0",0.8756,"5000"
"training_20","tk_9fgd0tbiu2tq","BOE_with_VAE_IMDB_2500","ex_cbbq5hgonxq0",0.8756,"2500"
"training_47","tk_cey6pjzcebep","BOE_with_VAE_IMDB_2500","ex_cbbq5hgonxq0",0.8756,"2500"
"training_82","tk_4io31klrouz3","BOE_with_VAE_IMDB_2500","ex_cbbq5hgonxq0",0.8756,"2500"
"training_42","tk_zfrxb8fulawr","BOE_with_VAE_IMDB_2500","ex_cbbq5hgonxq0",0.8756,"2500"
"training_80","tk_0wzdu3n2hgcf","BOE_IMDB_5000","ex_67je3arl7rk0",0.8754,"5000"
"training_49","tk_kvky8ob7p21o","BOE_IMDB_5000","ex_67je3arl7rk0",0.8754,"5000"
"training_81","tk_fqur4u9rpsmj","BOE_with_VAE_IMDB_2500","ex_cbbq5hgonxq0",0.8754,"2500"
"training_70","tk_9p86vn950k04","BOE_with_VAE_IMDB_2500","ex_cbbq5hgonxq0",0.8752,"2500"
"training_67","tk_5vaahytao7eb","BOE_with_VAE_IMDB_2500","ex_cbbq5hgonxq0",0.8752,"2500"
"training_25","tk_yjupwa9kau9g","BOE_with_VAE_IMDB_2500","ex_cbbq5hgonxq0",0.8752,"2500"
"training_9","tk_balolqiwr6lv","BOE_IMDB_5000","ex_67je3arl7rk0",0.875,"5000"
"training_51","tk_gszfrc6ahw4e","BOE_IMDB_5000","ex_67je3arl7rk0",0.875,"5000"
"training_7","tk_z3at0os9b2yz","BOE_IMDB_5000","ex_67je3arl7rk0",0.875,"5000"
"training_88","tk_kgavhlpdtbgw","BOE_with_VAE_IMDB_2500","ex_cbbq5hgonxq0",0.875,"2500"
"training_29","tk_pixnttsl89lx","BOE_IMDB_5000","ex_67je3arl7rk0",0.8748,"5000"
"training_21","tk_b8yboakkirbg","BOE_IMDB_5000","ex_67je3arl7rk0",0.8748,"5000"
"training_31","tk_h5lgjssk20jj","BOE_IMDB_5000","ex_67je3arl7rk0",0.8748,"5000"
"training_17","tk_83o2su30xk99","BOE_IMDB_5000","ex_67je3arl7rk0",0.8748,"5000"
"training_72","tk_3tsfvufxeill","BOE_IMDB_5000","ex_67je3arl7rk0",0.8748,"5000"
"training_76","tk_5dcyl2rzt426","BOE_IMDB_5000","ex_67je3arl7rk0",0.8748,"5000"
"training_8","tk_kf65cz4n6zxe","BOE_IMDB_5000","ex_67je3arl7rk0",0.8748,"5000"
"training_68","tk_ckfvko8rgf6q","BOE_IMDB_5000","ex_67je3arl7rk0",0.8748,"5000"
"training_12","tk_kqm4k9pvsn9u","BOE_with_VAE_IMDB_2500","ex_cbbq5hgonxq0",0.8748,"2500"
"training_16","tk_mik1j5oy3ijl","BOE_with_VAE_IMDB_2500","ex_cbbq5hgonxq0",0.8748,"2500"
"training_80","tk_2dlwzthy8wly","BOE_with_VAE_IMDB_2500","ex_cbbq5hgonxq0",0.8748,"2500"
"training_20","tk_j6ztc752gupy","BOE_IMDB_5000","ex_67je3arl7rk0",0.8746,"5000"
"training_87","tk_lci1h07h023b","BOE_IMDB_5000","ex_67je3arl7rk0",0.8746,"5000"
"training_36","tk_y8a86l7n1bbh","BOE_IMDB_5000","ex_67je3arl7rk0",0.8746,"5000"
"training_35","tk_1a4ujkpgzylj","BOE_with_VAE_IMDB_2500","ex_cbbq5hgonxq0",0.8746,"2500"
"training_35","tk_1a4ujkpgzylj","BOE_with_VAE_IMDB_2500","ex_cbbq5hgonxq0",0.8746,"2500"
"training_98","tk_srkd18u1v2bi","BOE_IMDB_5000","ex_67je3arl7rk0",0.8744,"5000"
"training_35","tk_7l9fms5zmadw","BOE_IMDB_5000","ex_67je3arl7rk0",0.8744,"5000"
"training_16","tk_9z4jwgnpwbmi","BOE_IMDB_5000","ex_67je3arl7rk0",0.8744,"5000"
"training_34","tk_1pwx37ibwhzr","BOE_IMDB_5000","ex_67je3arl7rk0",0.8742,"5000"
"training_43","tk_2hibphn7z65m","BOE_IMDB_5000","ex_67je3arl7rk0",0.8742,"5000"
"training_94","tk_xahn8hnmsb4z","BOE_with_VAE_IMDB_2500","ex_cbbq5hgonxq0",0.8742,"2500"
"training_56","tk_bufyxso8ctjq","BOE_with_VAE_IMDB_2500","ex_cbbq5hgonxq0",0.8742,"2500"
"training_65","tk_7pqbwxj9jj2h","BOE_with_VAE_IMDB_2500","ex_cbbq5hgonxq0",0.8742,"2500"
"training_1","tk_ntbgda61jg5o","BOE_with_VAE_IMDB_2500","ex_cbbq5hgonxq0",0.8742,"2500"
"training_9","tk_4s2oqk6l1wff","BOE_with_VAE_IMDB_2500","ex_cbbq5hgonxq0",0.8742,"2500"
"training_99","tk_8eg760bfma9q","BOE_with_VAE_IMDB_2500","ex_cbbq5hgonxq0",0.8742,"2500"
"training_71","tk_eoq0gviolhp9","BOE_IMDB_5000","ex_67je3arl7rk0",0.874,"5000"
"training_97","tk_pdyxnozoz1da","BOE_IMDB_5000","ex_67je3arl7rk0",0.874,"5000"
"training_45","tk_q8yowrw7aajg","BOE_IMDB_5000","ex_67je3arl7rk0",0.874,"5000"
"training_77","tk_r8f7nytuswry","BOE_IMDB_5000","ex_67je3arl7rk0",0.8738,"5000"
"training_75","tk_8jqon30e8o6a","BOE_IMDB_5000","ex_67je3arl7rk0",0.8738,"5000"
"training_83","tk_bb00xmy6fzie","BOE_IMDB_5000","ex_67je3arl7rk0",0.8738,"5000"
"training_79","tk_soje3804uy4x","BOE_IMDB_5000","ex_67je3arl7rk0",0.8736,"5000"
"training_37","tk_hkty2ck8a1sb","BOE_IMDB_5000","ex_67je3arl7rk0",0.8736,"5000"
"training_52","tk_cbptemagz7wu","BOE_IMDB_5000","ex_67je3arl7rk0",0.8736,"5000"
"training_60","tk_utf5sq8n26rp","BOE_IMDB_5000","ex_67je3arl7rk0",0.8736,"5000"
"training_53","tk_4fc0ee9anwgb","BOE_IMDB_5000","ex_67je3arl7rk0",0.8736,"5000"
"training_94","tk_vzh9zchluyky","BOE_IMDB_5000","ex_67je3arl7rk0",0.8736,"5000"
"training_54","tk_nm3ycf7d1rul","BOE_IMDB_5000","ex_67je3arl7rk0",0.8736,"5000"
"training_88","tk_kesfry03ofph","BOE_IMDB_5000","ex_67je3arl7rk0",0.8734,"5000"
"training_6","tk_6vnriv37hw55","BOE_IMDB_5000","ex_67je3arl7rk0",0.8734,"5000"
"training_82","tk_84rychruwn0s","BOE_IMDB_5000","ex_67je3arl7rk0",0.8734,"5000"
"training_19","tk_77ry3jmtj4kr","BOE_IMDB_5000","ex_67je3arl7rk0",0.8732,"5000"
"training_74","tk_sg1opt8a8vb8","BOE_IMDB_5000","ex_67je3arl7rk0",0.873,"5000"
"training_74","tk_sg1opt8a8vb8","BOE_IMDB_5000","ex_67je3arl7rk0",0.873,"5000"
"training_18","tk_1legwzxpvxxl","BOE_with_VAE_IMDB_2500","ex_cbbq5hgonxq0",0.873,"2500"
"training_28","tk_hza5wyd6sok1","BOE_IMDB_5000","ex_67je3arl7rk0",0.8728,"5000"
"training_33","tk_q2laloddzyli","BOE_IMDB_5000","ex_67je3arl7rk0",0.8728,"5000"
"training_78","tk_3hrk0ohrefj6","BOE_with_VAE_IMDB_2500","ex_cbbq5hgonxq0",0.8728,"2500"
"training_7","tk_6ybtkj4kng5s","BOE_with_VAE_IMDB_2500","ex_cbbq5hgonxq0",0.8728,"2500"
"training_22","tk_1de0zyb7mus2","BOE_IMDB_5000","ex_67je3arl7rk0",0.8726,"5000"
"training_26","tk_gp96zcdb8gm3","BOE_IMDB_5000","ex_67je3arl7rk0",0.8726,"5000"
"training_48","tk_pjmrarrus7vh","BOE_IMDB_5000","ex_67je3arl7rk0",0.8726,"5000"
"training_95","tk_2kosrgxu2lb3","BOE_IMDB_5000","ex_67je3arl7rk0",0.8726,"5000"
"training_96","tk_1elgl25u0qum","BOE_IMDB_5000","ex_67je3arl7rk0",0.8726,"5000"
"training_6","tk_1jbkdpl47mzk","BOE_with_VAE_IMDB_2500","ex_cbbq5hgonxq0",0.8726,"2500"
"training_85","tk_lopcd36r7ihj","BOE_IMDB_5000","ex_67je3arl7rk0",0.8724,"5000"
"training_41","tk_z170igs7u0jr","BOE_IMDB_5000","ex_67je3arl7rk0",0.8724,"5000"
"training_11","tk_2juip1eziorv","BOE_IMDB_5000","ex_67je3arl7rk0",0.8724,"5000"
"training_42","tk_rljna6k65i1x","BOE_IMDB_5000","ex_67je3arl7rk0",0.8724,"5000"
"training_99","tk_puci8gr2v18c","BOE_IMDB_5000","ex_67je3arl7rk0",0.8724,"5000"
"training_86","tk_3x0v4kqdixnl","BOE_with_VAE_IMDB_2500","ex_cbbq5hgonxq0",0.8724,"2500"
"training_58","tk_rbcxbwtx131t","BOE_with_VAE_IMDB_2500","ex_cbbq5hgonxq0",0.8722,"2500"
"training_49","tk_wgu5730vfnnp","BOE_with_VAE_IMDB_2500","ex_cbbq5hgonxq0",0.8722,"2500"
"training_40","tk_z2uni4i1ahkh","BOE_with_VAE_IMDB_2500","ex_cbbq5hgonxq0",0.872,"2500"
"training_17","tk_r9czqm5koch0","BOE_with_VAE_IMDB_2500","ex_cbbq5hgonxq0",0.872,"2500"
"training_62","tk_qan1qxtq2fod","BOE_with_VAE_IMDB_2500","ex_cbbq5hgonxq0",0.872,"2500"
"training_89","tk_wkfi6lggwvqd","BOE_with_VAE_IMDB_2500","ex_cbbq5hgonxq0",0.8718,"2500"
"training_10","tk_z2dv2fwgp4t4","BOE_with_VAE_IMDB_2500","ex_cbbq5hgonxq0",0.8714,"2500"
"training_78","tk_7zad0czvzf3t","BOE_IMDB_5000","ex_67je3arl7rk0",0.8712,"5000"
"training_74","tk_t0jc168ummej","BOE_with_VAE_IMDB_2500","ex_cbbq5hgonxq0",0.871,"2500"
"training_55","tk_sn62ihwv0nro","BOE_IMDB_5000","ex_67je3arl7rk0",0.8708,"5000"
"training_50","tk_5eajbftew7s0","BOE_with_VAE_IMDB_2500","ex_cbbq5hgonxq0",0.8708,"2500"
"training_24","tk_bdk07dlatfkc","BOE_IMDB_5000","ex_67je3arl7rk0",0.8706,"5000"
"training_84","tk_79vw7lotky61","BOE_IMDB_5000","ex_67je3arl7rk0",0.8706,"5000"
"training_86","tk_mzz5c6jwhxxr","BOE_IMDB_5000","ex_67je3arl7rk0",0.8704,"5000"
"training_58","tk_90mlkl0jlfyc","BOE_IMDB_5000","ex_67je3arl7rk0",0.8704,"5000"
"training_4","tk_gz0v11f3xc03","BOE_with_VAE_IMDB_2500","ex_cbbq5hgonxq0",0.8704,"2500"
"training_30","tk_efz631ur6k1g","BOE_IMDB_5000","ex_67je3arl7rk0",0.87,"5000"
"training_39","tk_i99sn2clp3jb","BOE_IMDB_5000","ex_67je3arl7rk0",0.87,"5000"
"training_18","tk_jj1o9p6qh2if","BOE_IMDB_5000","ex_67je3arl7rk0",0.87,"5000"
"training_69","tk_7jlcp9dc7kxm","BOE_IMDB_5000","ex_67je3arl7rk0",0.87,"5000"
"training_91","tk_4gc1lvrajqgy","BOE_with_VAE_IMDB_2500","ex_cbbq5hgonxq0",0.87,"2500"
"training_92","tk_7y8q58wydnq4","BOE_IMDB_5000","ex_67je3arl7rk0",0.8698,"5000"
"training_32","tk_vsj0dy4tc53n","BOE_IMDB_5000","ex_67je3arl7rk0",0.8698,"5000"
"training_29","tk_onqx3a3rurui","BOE_with_VAE_IMDB_2500","ex_cbbq5hgonxq0",0.8698,"2500"
"training_57","tk_sffthbi50yui","BOE_with_VAE_IMDB_2500","ex_cbbq5hgonxq0",0.8698,"2500"
"training_2","tk_xwk71frrev8m","BOE_IMDB_5000","ex_67je3arl7rk0",0.8696,"5000"
"training_90","tk_uy0e18a5tgpp","BOE_IMDB_5000","ex_67je3arl7rk0",0.8696,"5000"
"training_62","tk_de24fty2jcls","BOE_IMDB_5000","ex_67je3arl7rk0",0.8696,"5000"
"training_31","tk_filtvxov8u61","BOE_with_VAE_IMDB_5000","ex_u95pyp0aes5i",0.8696,"5000"
"training_61","tk_xc5pfweh6awa","BOE_with_VAE_IMDB_2500","ex_cbbq5hgonxq0",0.8692,"2500"
"training_47","tk_p8a0a8g49qge","BOE_IMDB_5000","ex_67je3arl7rk0",0.8684,"5000"
"training_59","tk_ctjxe30rgn2o","BOE_IMDB_5000","ex_67je3arl7rk0",0.8684,"5000"
"training_70","tk_tegge6upx4si","BOE_IMDB_5000","ex_67je3arl7rk0",0.8682,"5000"
"training_64","tk_fduhkybnv3ox","BOE_IMDB_5000","ex_67je3arl7rk0",0.8682,"5000"
"training_56","tk_ujn0kc4rf3t2","BOE_IMDB_5000","ex_67je3arl7rk0",0.866,"5000"
"training_93","tk_l3zuk2k79lut","BOE_IMDB_5000","ex_67je3arl7rk0",0.8658,"5000"
"training_89","tk_o7914s4qfi6e","BOE_IMDB_5000","ex_67je3arl7rk0",0.8658,"5000"
"training_91","tk_c0jrtl1wpa05","BOE_IMDB_5000","ex_67je3arl7rk0",0.8658,"5000"
"training_3","tk_cq8q2vgxfn8r","BOE_IMDB_5000","ex_67je3arl7rk0",0.8658,"5000"
"training_19","tk_rn5cykrokdk0","BOE_with_VAE_IMDB_2500","ex_cbbq5hgonxq0",0.8658,"2500"
"training_50","tk_p4u2ozj9eit9","BOE_IMDB_5000","ex_67je3arl7rk0",0.8656,"5000"
"training_73","tk_0k8lgq7vzxpi","BOE_IMDB_5000","ex_67je3arl7rk0",0.8656,"5000"
"training_57","tk_3wnd8dnylug6","BOE_IMDB_5000","ex_67je3arl7rk0",0.865,"5000"
"training_4","tk_cqzujp64w8j3","BOE_IMDB_5000","ex_67je3arl7rk0",0.865,"5000"
"training_15","tk_0ul0rgqh74oq","BOE_IMDB_5000","ex_67je3arl7rk0",0.8648,"5000"
"training_25","tk_p488uns49eqf","BOE_IMDB_5000","ex_67je3arl7rk0",0.8648,"5000"
"training_27","tk_au5k82ia4lyf","BOE_IMDB_5000","ex_67je3arl7rk0",0.8646,"5000"
"training_13","tk_vh4yz1pbzd1a","BOE_IMDB_5000","ex_67je3arl7rk0",0.8646,"5000"
"training_61","tk_g7mredlpjx79","BOE_IMDB_5000","ex_67je3arl7rk0",0.8642,"5000"
"training_5","tk_l9gbux4o45iu","BOE_IMDB_5000","ex_67je3arl7rk0",0.8636,"5000"
"training_23","tk_vpx70k5itkju","BOE_IMDB_5000","ex_67je3arl7rk0",0.8636,"5000"
"training_38","tk_kobc5ggb2ayn","BOE_IMDB_5000","ex_67je3arl7rk0",0.8636,"5000"
"training_1","tk_pmahljzghnx5","BOE_IMDB_5000","ex_67je3arl7rk0",0.8636,"5000"
"training_40","tk_1y3xgoh6vsbv","BOE_IMDB_5000","ex_67je3arl7rk0",0.863,"5000"
"training_12","tk_h7dor6wz72mj","BOE_IMDB_5000","ex_67je3arl7rk0",0.863,"5000"
"training_63","tk_m79clrigvkwu","BOE_IMDB_5000","ex_67je3arl7rk0",0.863,"5000"
"training_71","tk_spgoip11ydbp","BOE_IMDB_2500","ex_ephg1bkubag0",0.8626,"2500"
"training_82","tk_gs8zlre3swxj","BOE_IMDB_2500","ex_ephg1bkubag0",0.8626,"2500"
"training_46","tk_co4qp5x4d9f6","BOE_IMDB_5000","ex_67je3arl7rk0",0.8622,"5000"
"training_10","tk_7sjvah9drfby","BOE_IMDB_5000","ex_67je3arl7rk0",0.8622,"5000"
"training_0","tk_yb2igsgv1aje","BOE_IMDB_5000","ex_67je3arl7rk0",0.8622,"5000"
"training_14","tk_kkk6qyq71rbq","BOE_IMDB_5000","ex_67je3arl7rk0",0.8622,"5000"
"training_81","tk_orlaqzjsyv71","BOE_IMDB_5000","ex_67je3arl7rk0",0.8622,"5000"
"training_25","tk_m06d3jr0zhqk","BOE_IMDB_2500","ex_ephg1bkubag0",0.8622,"2500"
"training_72","tk_ez339byu4yez","BOE_IMDB_2500","ex_ephg1bkubag0",0.8618,"2500"
"training_15","tk_cca6qgktbap8","BOE_IMDB_2500","ex_ephg1bkubag0",0.8616,"2500"
"training_45","tk_8se8ykptme3m","BOE_IMDB_2500","ex_ephg1bkubag0",0.8614,"2500"
"training_79","tk_m1qvme0651qb","BOE_IMDB_2500","ex_ephg1bkubag0",0.8612,"2500"
"training_56","tk_ufpt1l677shz","BOE_IMDB_2500","ex_ephg1bkubag0",0.8612,"2500"
"training_7","tk_a6m9koq8bjfv","BOE_IMDB_2500","ex_ephg1bkubag0",0.861,"2500"
"training_20","tk_ff5i7g0uqy50","BOE_IMDB_2500","ex_ephg1bkubag0",0.8608,"2500"
"training_64","tk_llq55dyvbac6","BOE_IMDB_2500","ex_ephg1bkubag0",0.8608,"2500"
"training_68","tk_edazml883vxa","BOE_IMDB_2500","ex_ephg1bkubag0",0.8608,"2500"
"training_77","tk_gooils27z50k","BOE_IMDB_2500","ex_ephg1bkubag0",0.8606,"2500"
"training_87","tk_qobopuhpk8j8","BOE_IMDB_2500","ex_ephg1bkubag0",0.8606,"2500"
"training_81","tk_e1qgi24r0j1v","BOE_IMDB_2500","ex_ephg1bkubag0",0.8604,"2500"
"training_10","tk_e1asbdrjnhsk","BOE_IMDB_2500","ex_ephg1bkubag0",0.8602,"2500"
"training_46","tk_bzgnf8tgw27z","BOE_IMDB_2500","ex_ephg1bkubag0",0.8602,"2500"
"training_34","tk_ovuptd6o22f6","BOE_IMDB_2500","ex_ephg1bkubag0",0.8602,"2500"
"training_69","tk_igj3kkty94ar","BOE_IMDB_2500","ex_ephg1bkubag0",0.86,"2500"
"training_62","tk_nebrj6ng7bl0","BOE_IMDB_2500","ex_ephg1bkubag0",0.8598,"2500"
"training_19","tk_6ncefky21jii","BOE_IMDB_2500","ex_ephg1bkubag0",0.8598,"2500"
"training_52","tk_er3anbxe1av3","BOE_IMDB_2500","ex_ephg1bkubag0",0.8598,"2500"
"training_9","tk_ttfwgrwqnpps","BOE_IMDB_2500","ex_ephg1bkubag0",0.8598,"2500"
"training_58","tk_ydumdvbuxafv","BOE_IMDB_2500","ex_ephg1bkubag0",0.8598,"2500"
"training_60","tk_ctd326yiu80q","BOE_with_VAE_IMDB_500","ex_0cqakv94q2a3",0.8596,"500"
"training_90","tk_fgv8svl24x2l","BOE_with_VAE_IMDB_500","ex_0cqakv94q2a3",0.8596,"500"
"training_78","tk_vzsgiaqt1ag1","BOE_IMDB_2500","ex_ephg1bkubag0",0.8594,"2500"
"training_92","tk_cib4s83hmxl8","BOE_with_VAE_IMDB_500","ex_0cqakv94q2a3",0.8592,"500"
"training_65","tk_rnq6xhlero6w","BOE_with_VAE_IMDB_500","ex_0cqakv94q2a3",0.859,"500"
"training_60","tk_g1xxbtwqtprz","BOE_IMDB_2500","ex_ephg1bkubag0",0.8586,"2500"
"training_66","tk_rl0pxfx6dqxm","BOE_IMDB_2500","ex_ephg1bkubag0",0.8586,"2500"
"training_32","tk_ne89gzvhfyz0","BOE_IMDB_2500","ex_ephg1bkubag0",0.8586,"2500"
"training_21","tk_abo3sbtxm5h8","BOE_IMDB_2500","ex_ephg1bkubag0",0.8582,"2500"
"training_8","tk_ai36s3m7umf8","BOE_IMDB_2500","ex_ephg1bkubag0",0.8582,"2500"
"training_98","tk_ho752ixngnc2","BOE_IMDB_2500","ex_ephg1bkubag0",0.8582,"2500"
"training_74","tk_oj1i9d8dl2mw","BOE_with_VAE_IMDB_500","ex_0cqakv94q2a3",0.858,"500"
"training_91","tk_jrcm4onelwrm","BOE_IMDB_2500","ex_ephg1bkubag0",0.8578,"2500"
"training_27","tk_fr6ifp7lpr2z","BOE_IMDB_2500","ex_ephg1bkubag0",0.8578,"2500"
"training_85","tk_j80sfj0bgx9o","BOE_IMDB_2500","ex_ephg1bkubag0",0.8574,"2500"
"training_11","tk_1hkrn64q0uik","BOE_IMDB_2500","ex_ephg1bkubag0",0.8574,"2500"
"training_6","tk_l6xo89727rif","BOE_IMDB_2500","ex_ephg1bkubag0",0.8574,"2500"
"training_44","tk_uc4zsdtr27s0","BOE_IMDB_2500","ex_ephg1bkubag0",0.8574,"2500"
"training_42","tk_1isqxk13ppz1","BOE_IMDB_2500","ex_ephg1bkubag0",0.8574,"2500"
"training_12","tk_cjbstipypq5x","BOE_IMDB_2500","ex_ephg1bkubag0",0.8574,"2500"
"training_32","tk_mkog5zhwdebw","BOE_with_VAE_IMDB_500","ex_0cqakv94q2a3",0.857,"500"
"training_75","tk_6bzf36wxxdrz","BOE_IMDB_2500","ex_ephg1bkubag0",0.857,"2500"
"training_16","tk_uc4d8z6abb99","BOE_IMDB_2500","ex_ephg1bkubag0",0.8566,"2500"
"training_13","tk_jc91352wqshm","BOE_IMDB_2500","ex_ephg1bkubag0",0.8566,"2500"
"training_40","tk_iqx17pzwech6","BOE_with_VAE_IMDB_500","ex_0cqakv94q2a3",0.8564,"500"
"training_8","tk_2ng33edah2p1","BOE_with_VAE_IMDB_500","ex_0cqakv94q2a3",0.8564,"500"
"training_88","tk_gbgyikx4k0ww","BOE_with_VAE_IMDB_500","ex_0cqakv94q2a3",0.8562,"500"
"training_18","tk_twylnpa51s47","BOE_with_VAE_IMDB_500","ex_0cqakv94q2a3",0.8562,"500"
"training_97","tk_o9jm4cnnebax","BOE_with_VAE_IMDB_500","ex_0cqakv94q2a3",0.8562,"500"
"training_39","tk_mg5v1j0wlg0w","BOE_IMDB_2500","ex_ephg1bkubag0",0.8562,"2500"
"training_55","tk_fo8lvcwssgro","BOE_IMDB_2500","ex_ephg1bkubag0",0.8562,"2500"
"training_88","tk_dkkxu1uuo871","BOE_IMDB_2500","ex_ephg1bkubag0",0.8562,"2500"
"training_84","tk_34xq56io3m6y","BOE_IMDB_2500","ex_ephg1bkubag0",0.8562,"2500"
"training_23","tk_i8jcvfqx39if","BOE_IMDB_2500","ex_ephg1bkubag0",0.8562,"2500"
"training_41","tk_kcm2rrewd37h","BOE_IMDB_2500","ex_ephg1bkubag0",0.8562,"2500"
"training_22","tk_vhe5ctyvhazr","BOE_with_VAE_IMDB_500","ex_0cqakv94q2a3",0.856,"500"
"training_48","tk_ti4wscz3tx5m","BOE_IMDB_2500","ex_ephg1bkubag0",0.856,"2500"
"training_18","tk_t9gp36m4v4r3","BOE_IMDB_2500","ex_ephg1bkubag0",0.856,"2500"
"training_93","tk_9t49nf158kzl","BOE_IMDB_2500","ex_ephg1bkubag0",0.856,"2500"
"training_63","tk_c9qsoywsbobr","BOE_IMDB_2500","ex_ephg1bkubag0",0.856,"2500"
"training_97","tk_gtw3yjq8u57f","BOE_IMDB_2500","ex_ephg1bkubag0",0.856,"2500"
"training_86","tk_a6pcmhpe58tz","BOE_IMDB_2500","ex_ephg1bkubag0",0.856,"2500"
"training_35","tk_vvp4hlzzcwan","BOE_IMDB_2500","ex_ephg1bkubag0",0.8558,"2500"
"training_70","tk_xc7blmb3evtk","BOE_IMDB_2500","ex_ephg1bkubag0",0.8558,"2500"
"training_59","tk_b57qcdcnhino","BOE_IMDB_2500","ex_ephg1bkubag0",0.8558,"2500"
"training_38","tk_93dbq1kqirfr","BOE_IMDB_2500","ex_ephg1bkubag0",0.8554,"2500"
"training_73","tk_7hkgymphxxze","BOE_IMDB_2500","ex_ephg1bkubag0",0.8554,"2500"
"training_3","tk_br9boakk1pli","BOE_IMDB_2500","ex_ephg1bkubag0",0.8554,"2500"
"training_90","tk_fombkfwlp82r","BOE_IMDB_2500","ex_ephg1bkubag0",0.8554,"2500"
"training_4","tk_204w0dc1usgd","BOE_with_VAE_IMDB_500","ex_0cqakv94q2a3",0.8552,"500"
"training_49","tk_aq73u2mfdhje","BOE_with_VAE_IMDB_500","ex_0cqakv94q2a3",0.8552,"500"
"training_70","tk_i1wyx9cfqt87","BOE_with_VAE_IMDB_500","ex_0cqakv94q2a3",0.8552,"500"
"training_47","tk_2heixzec0qgh","BOE_IMDB_2500","ex_ephg1bkubag0",0.8552,"2500"
"training_80","tk_johtjiliau23","BOE_IMDB_2500","ex_ephg1bkubag0",0.8552,"2500"
"training_17","tk_fi8ege9pg22o","BOE_IMDB_2500","ex_ephg1bkubag0",0.8552,"2500"
"training_96","tk_jovkjq12jom7","BOE_IMDB_2500","ex_ephg1bkubag0",0.8552,"2500"
"training_19","tk_aokykpx399ls","BOE_with_VAE_IMDB_500","ex_0cqakv94q2a3",0.855,"500"
"training_7","tk_26iidjp9wl4t","BOE_with_VAE_IMDB_500","ex_0cqakv94q2a3",0.855,"500"
"training_2","tk_kh8fl73y3vvl","BOE_with_VAE_IMDB_500","ex_0cqakv94q2a3",0.855,"500"
"training_28","tk_8a3wysambvdk","BOE_IMDB_2500","ex_ephg1bkubag0",0.855,"2500"
"training_51","tk_uifuytfbue3f","BOE_IMDB_2500","ex_ephg1bkubag0",0.855,"2500"
"training_26","tk_jiswmwlkye70","BOE_IMDB_2500","ex_ephg1bkubag0",0.855,"2500"
"training_75","tk_yb8hsq0hxftf","BOE_with_VAE_IMDB_500","ex_0cqakv94q2a3",0.8548,"500"
"training_95","tk_uw2q49xembnm","BOE_IMDB_2500","ex_ephg1bkubag0",0.8546,"2500"
"training_96","tk_io3n885a2cce","BOE_with_VAE_IMDB_500","ex_0cqakv94q2a3",0.8542,"500"
"training_67","tk_xfa34znkcg39","BOE_IMDB_2500","ex_ephg1bkubag0",0.8542,"2500"
"training_87","tk_5uwlhoye1h2c","BOE_with_VAE_IMDB_500","ex_0cqakv94q2a3",0.8538,"500"
"training_21","tk_fd9wgc6zgtym","BOE_with_VAE_IMDB_500","ex_0cqakv94q2a3",0.8534,"500"
"training_63","tk_a3bsa1a9fe9s","BOE_with_VAE_IMDB_500","ex_0cqakv94q2a3",0.8532,"500"
"training_77","tk_1t9sjf5abckg","BOE_with_VAE_IMDB_500","ex_0cqakv94q2a3",0.8532,"500"
"training_26","tk_rpwebrqq6p53","BOE_with_VAE_IMDB_500","ex_0cqakv94q2a3",0.853,"500"
"training_9","tk_rr1aaeq59hvm","BOE_with_VAE_IMDB_500","ex_0cqakv94q2a3",0.8526,"500"
"training_78","tk_mwhl9t93psjm","BOE_with_VAE_IMDB_500","ex_0cqakv94q2a3",0.8526,"500"
"training_47","tk_jncgzp7noey4","BOE_with_VAE_IMDB_500","ex_0cqakv94q2a3",0.8524,"500"
"training_76","tk_v6bj907ttpdn","BOE_with_VAE_IMDB_500","ex_0cqakv94q2a3",0.8522,"500"
"training_45","tk_kuzphgqc8rzw","BOE_with_VAE_IMDB_500","ex_0cqakv94q2a3",0.8518,"500"
"training_31","tk_3t6pi8sj6br5","BOE_with_VAE_IMDB_500","ex_0cqakv94q2a3",0.8516,"500"
"training_28","tk_09iurkrjjs7t","BOE_with_VAE_IMDB_500","ex_0cqakv94q2a3",0.8516,"500"
"training_52","tk_ymxbwypvwdv7","BOE_with_VAE_IMDB_500","ex_0cqakv94q2a3",0.8514,"500"
"training_35","tk_at50vzskadmi","BOE_with_VAE_IMDB_500","ex_0cqakv94q2a3",0.8512,"500"
"training_44","tk_3ju80w1llxr2","BOE_with_VAE_IMDB_500","ex_0cqakv94q2a3",0.8512,"500"
"training_46","tk_bjm8o4u7ruvh","BOE_with_VAE_IMDB_2500","ex_cbbq5hgonxq0",0.851,"2500"
"training_36","tk_8eiyr6j2wwr9","BOE_with_VAE_IMDB_500","ex_0cqakv94q2a3",0.8508,"500"
"training_25","tk_tccdimq3fhxu","BOE_with_VAE_IMDB_500","ex_0cqakv94q2a3",0.8508,"500"
"training_16","tk_2aiz87af8faq","BOE_with_VAE_IMDB_500","ex_0cqakv94q2a3",0.8506,"500"
"training_86","tk_rpoywq9gal0i","BOE_with_VAE_IMDB_500","ex_0cqakv94q2a3",0.8506,"500"
"training_20","tk_aavmoekm7fv2","BOE_with_VAE_IMDB_500","ex_0cqakv94q2a3",0.8506,"500"
"training_67","tk_lx8ff5mxflk1","BOE_with_VAE_IMDB_500","ex_0cqakv94q2a3",0.8506,"500"
"training_82","tk_1efg1hxninny","BOE_with_VAE_IMDB_500","ex_0cqakv94q2a3",0.8502,"500"
"training_83","tk_np4zr0aqf2yz","BOE_with_VAE_IMDB_500","ex_0cqakv94q2a3",0.85,"500"
"training_38","tk_yxwenwpjzdg6","BOE_with_VAE_IMDB_500","ex_0cqakv94q2a3",0.8498,"500"
"training_94","tk_iaizl5q8kba8","BOE_with_VAE_IMDB_500","ex_0cqakv94q2a3",0.8492,"500"
"training_73","tk_tlgxw1qcv1nn","BOE_with_VAE_IMDB_500","ex_0cqakv94q2a3",0.849,"500"
"training_1","tk_fjsgnb58cp3v","BOE_with_VAE_IMDB_500","ex_0cqakv94q2a3",0.8488,"500"
"training_37","tk_7lltq7cwmk72","BOE_with_VAE_IMDB_500","ex_0cqakv94q2a3",0.8488,"500"
"training_15","tk_maqs3lpesmsj","BOE_with_VAE_IMDB_500","ex_0cqakv94q2a3",0.8488,"500"
"training_50","tk_st0wda9hnwts","BOE_with_VAE_IMDB_500","ex_0cqakv94q2a3",0.8488,"500"
"training_64","tk_6j9808b0je54","BOE_with_VAE_IMDB_500","ex_0cqakv94q2a3",0.8486,"500"
"training_24","tk_9ko7gk36ot9a","BOE_with_VAE_IMDB_500","ex_0cqakv94q2a3",0.8486,"500"
"training_13","tk_h8vqlerl7oks","BOE_with_VAE_IMDB_500","ex_0cqakv94q2a3",0.8486,"500"
"training_10","tk_f130xp3kek76","BOE_with_VAE_IMDB_500","ex_0cqakv94q2a3",0.8486,"500"
"training_19","tk_si2hoqtmvhp7","BOE_with_VAE_IMDB_200","ex_bw5aa2z2zwiy",0.8486,"200"
"training_46","tk_vmqt57acars4","BOE_with_VAE_IMDB_500","ex_0cqakv94q2a3",0.8484,"500"
"training_23","tk_tkdxm4k0ntah","BOE_with_VAE_IMDB_500","ex_0cqakv94q2a3",0.8484,"500"
"training_43","tk_gr0ehz5i83d7","BOE_with_VAE_IMDB_500","ex_0cqakv94q2a3",0.8482,"500"
"training_99","tk_has1pgpip7ji","BOE_with_VAE_IMDB_500","ex_0cqakv94q2a3",0.8482,"500"
"training_71","tk_i2756v9euex5","BOE_with_VAE_IMDB_500","ex_0cqakv94q2a3",0.8482,"500"
"training_14","tk_b4p8xf7927gz","BOE_with_VAE_IMDB_500","ex_0cqakv94q2a3",0.8478,"500"
"training_95","tk_5i0k8d9rk0a4","BOE_with_VAE_IMDB_500","ex_0cqakv94q2a3",0.8478,"500"
"training_98","tk_wlreuxv6s9te","BOE_with_VAE_IMDB_500","ex_0cqakv94q2a3",0.847,"500"
"training_56","tk_hrfa5tu2co05","BOE_with_VAE_IMDB_500","ex_0cqakv94q2a3",0.8468,"500"
"training_91","tk_lz15uk48owgj","BOE_with_VAE_IMDB_500","ex_0cqakv94q2a3",0.8466,"500"
"training_48","tk_tykwpqz6efmv","BOE_with_VAE_IMDB_500","ex_0cqakv94q2a3",0.8466,"500"
"training_94","tk_awqy9gj7x5d8","BOE_with_VAE_IMDB_200","ex_bw5aa2z2zwiy",0.8466,"200"
"training_12","tk_urav890njfxw","BOE_with_VAE_IMDB_500","ex_0cqakv94q2a3",0.8464,"500"
"training_1","tk_j96wi58lu3zo","BOE_with_VAE_IMDB_200","ex_bw5aa2z2zwiy",0.8464,"200"
"training_66","tk_l1rugvheeb7w","BOE_with_VAE_IMDB_500","ex_0cqakv94q2a3",0.8462,"500"
"training_51","tk_bsdgq5qv61i5","BOE_with_VAE_IMDB_200","ex_bw5aa2z2zwiy",0.8462,"200"
"training_89","tk_09rdjp3jsm48","BOE_IMDB_2500","ex_ephg1bkubag0",0.8462,"2500"
"training_30","tk_xzfwzsorz77o","BOE_IMDB_2500","ex_ephg1bkubag0",0.8462,"2500"
"training_92","tk_71r65dm7dgfs","BOE_IMDB_2500","ex_ephg1bkubag0",0.8462,"2500"
"training_61","tk_tt1eztcyjpwf","BOE_IMDB_2500","ex_ephg1bkubag0",0.8462,"2500"
"training_14","tk_nkd3wu0jlx3k","BOE_IMDB_2500","ex_ephg1bkubag0",0.8462,"2500"
"training_55","tk_bsribeomwps9","BOE_with_VAE_IMDB_500","ex_0cqakv94q2a3",0.846,"500"
"training_5","tk_1210hym509tb","BOE_with_VAE_IMDB_500","ex_0cqakv94q2a3",0.846,"500"
"training_5","tk_7f9yqxzr1n7d","BOE_IMDB_2500","ex_ephg1bkubag0",0.846,"2500"
"training_69","tk_vtk5974rh9r8","BOE_with_VAE_IMDB_500","ex_0cqakv94q2a3",0.8458,"500"
"training_93","tk_xnem45iz0s5e","BOE_with_VAE_IMDB_500","ex_0cqakv94q2a3",0.8458,"500"
"training_50","tk_q7jo08nnhnj4","BOE_IMDB_2500","ex_ephg1bkubag0",0.8458,"2500"
"training_40","tk_l2qclkuhkpnz","BOE_IMDB_2500","ex_ephg1bkubag0",0.8458,"2500"
"training_65","tk_6abxeccryfcx","BOE_IMDB_2500","ex_ephg1bkubag0",0.8458,"2500"
"training_83","tk_g6co6lhggs0q","BOE_IMDB_2500","ex_ephg1bkubag0",0.8458,"2500"
"training_29","tk_fq5anrcspha0","BOE_IMDB_2500","ex_ephg1bkubag0",0.8458,"2500"
"training_58","tk_8dro0zt312jz","BOE_with_VAE_IMDB_500","ex_0cqakv94q2a3",0.8456,"500"
"training_31","tk_uyhahz85vczk","BOE_IMDB_2500","ex_ephg1bkubag0",0.8456,"2500"
"training_62","tk_v56t25z4d4zx","BOE_with_VAE_IMDB_500","ex_0cqakv94q2a3",0.8454,"500"
"training_33","tk_x1hbq910iyis","BOE_with_VAE_IMDB_500","ex_0cqakv94q2a3",0.8454,"500"
"training_24","tk_nx1i6oijx4dn","BOE_IMDB_2500","ex_ephg1bkubag0",0.8454,"2500"
"training_36","tk_lqgoq3j5o5jm","BOE_IMDB_2500","ex_ephg1bkubag0",0.8454,"2500"
"training_49","tk_54d5hf3ogdtw","BOE_IMDB_2500","ex_ephg1bkubag0",0.8454,"2500"
"training_94","tk_j9i2po5ohys1","BOE_IMDB_2500","ex_ephg1bkubag0",0.8454,"2500"
"training_54","tk_yetglyj1fte3","BOE_IMDB_2500","ex_ephg1bkubag0",0.8454,"2500"
"training_37","tk_g4xkvlje3hs3","BOE_IMDB_2500","ex_ephg1bkubag0",0.8454,"2500"
"training_57","tk_x9gucd28zb8i","BOE_with_VAE_IMDB_500","ex_0cqakv94q2a3",0.8452,"500"
"training_59","tk_c8xs7bfjnb4j","BOE_with_VAE_IMDB_500","ex_0cqakv94q2a3",0.8452,"500"
"training_39","tk_e3734avr3pvt","BOE_with_VAE_IMDB_500","ex_0cqakv94q2a3",0.8452,"500"
"training_43","tk_e0nxkrxsm6f4","BOE_IMDB_2500","ex_ephg1bkubag0",0.8452,"2500"
"training_4","tk_25u12clbngmk","BOE_IMDB_2500","ex_ephg1bkubag0",0.8452,"2500"
"training_22","tk_n17dqied1uug","BOE_IMDB_2500","ex_ephg1bkubag0",0.8452,"2500"
"training_79","tk_qqq415olglq6","BOE_with_VAE_IMDB_500","ex_0cqakv94q2a3",0.845,"500"
"training_54","tk_fftd0tue0axz","BOE_with_VAE_IMDB_500","ex_0cqakv94q2a3",0.845,"500"
"training_99","tk_81pvb9cso0c6","BOE_IMDB_2500","ex_ephg1bkubag0",0.845,"2500"
"training_57","tk_e9qxjc3fi7a2","BOE_IMDB_2500","ex_ephg1bkubag0",0.845,"2500"
"training_53","tk_xpoh9961jgjh","BOE_IMDB_2500","ex_ephg1bkubag0",0.845,"2500"
"training_76","tk_4susy1whtxx5","BOE_IMDB_2500","ex_ephg1bkubag0",0.845,"2500"
"training_1","tk_dr89pp1wzp74","BOE_IMDB_2500","ex_ephg1bkubag0",0.845,"2500"
"training_74","tk_mcf1tdh1vx2p","BOE_IMDB_2500","ex_ephg1bkubag0",0.845,"2500"
"training_42","tk_qleua2unx8kl","BOE_with_VAE_IMDB_500","ex_0cqakv94q2a3",0.8448,"500"
"training_32","tk_p8on9op366og","BOE_with_VAE_IMDB_200","ex_bw5aa2z2zwiy",0.8448,"200"
"training_0","tk_6cjxbqss0bci","BOE_IMDB_2500","ex_ephg1bkubag0",0.8446,"2500"
"training_17","tk_y1vujp9sqg18","BOE_with_VAE_IMDB_500","ex_0cqakv94q2a3",0.8444,"500"
"training_81","tk_8ogkntohub6o","BOE_with_VAE_IMDB_500","ex_0cqakv94q2a3",0.8444,"500"
"training_6","tk_jeclbcbh5mbt","BOE_with_VAE_IMDB_500","ex_0cqakv94q2a3",0.8442,"500"
"training_16","tk_3ivuhwsuhfla","BOE_with_VAE_IMDB_200","ex_bw5aa2z2zwiy",0.8442,"200"
"training_44","tk_dyhmzsnd4o15","BOE_with_VAE_IMDB_200","ex_bw5aa2z2zwiy",0.844,"200"
"training_41","tk_h1vgljz3onpa","BOE_with_VAE_IMDB_500","ex_0cqakv94q2a3",0.8438,"500"
"training_78","tk_e2t0u2op4uo7","BOE_with_VAE_IMDB_200","ex_bw5aa2z2zwiy",0.8438,"200"
"training_80","tk_us8fdyls3sqa","BOE_with_VAE_IMDB_500","ex_0cqakv94q2a3",0.8436,"500"
"training_33","tk_xx5pd2l93vsh","BOE_IMDB_2500","ex_ephg1bkubag0",0.8436,"2500"
"training_2","tk_3datmold9e9p","BOE_IMDB_2500","ex_ephg1bkubag0",0.8436,"2500"
"training_88","tk_1r3o5xnbhp4d","BOE_with_VAE_IMDB_200","ex_bw5aa2z2zwiy",0.843,"200"
"training_84","tk_680bzue4y0rl","BOE_with_VAE_IMDB_500","ex_0cqakv94q2a3",0.8426,"500"
"training_72","tk_tntpkop3oiob","BOE_with_VAE_IMDB_500","ex_0cqakv94q2a3",0.8426,"500"
"training_12","tk_wcjl0gabouvg","BOE_with_VAE_IMDB_200","ex_bw5aa2z2zwiy",0.8424,"200"
"training_38","tk_20ukr5by0v2l","BOE_with_VAE_IMDB_200","ex_bw5aa2z2zwiy",0.8422,"200"
"training_27","tk_uywttv8shpn5","BOE_with_VAE_IMDB_500","ex_0cqakv94q2a3",0.842,"500"
"training_65","tk_y7awfgcjha0h","BOE_with_VAE_IMDB_200","ex_bw5aa2z2zwiy",0.8418,"200"
"training_58","tk_zmoonjsr9q6p","BOE_with_VAE_IMDB_200","ex_bw5aa2z2zwiy",0.8418,"200"
"training_66","tk_uvqdb008k0qd","BOE_with_VAE_IMDB_200","ex_bw5aa2z2zwiy",0.8418,"200"
"training_85","tk_rd1zdqij5g6d","BOE_with_VAE_IMDB_500","ex_0cqakv94q2a3",0.8416,"500"
"training_43","tk_ys20z9fpqj2q","BOE_with_VAE_IMDB_200","ex_bw5aa2z2zwiy",0.8414,"200"
"training_79","tk_n1httbio7lk8","BOE_with_VAE_IMDB_200","ex_bw5aa2z2zwiy",0.8412,"200"
"training_31","tk_ejy6lps1ff79","BOE_with_VAE_IMDB_200","ex_bw5aa2z2zwiy",0.8412,"200"
"training_18","tk_l7bkzvw51hlp","BOE_with_VAE_IMDB_200","ex_bw5aa2z2zwiy",0.8398,"200"
"training_53","tk_n8se3kphxkhy","BOE_with_VAE_IMDB_200","ex_bw5aa2z2zwiy",0.8396,"200"
"training_90","tk_rrw7ekrax7t9","BOE_with_VAE_IMDB_200","ex_bw5aa2z2zwiy",0.8396,"200"
"training_34","tk_g2o5dimy3rr0","BOE_with_VAE_IMDB_200","ex_bw5aa2z2zwiy",0.8392,"200"
"training_81","tk_p7011nuwgek5","BOE_with_VAE_IMDB_200","ex_bw5aa2z2zwiy",0.8388,"200"
"training_54","tk_59524h42todr","BOE_with_VAE_IMDB_200","ex_bw5aa2z2zwiy",0.8388,"200"
"training_34","tk_8fe3wk1hmyqq","BOE_with_VAE_IMDB_500","ex_0cqakv94q2a3",0.8384,"500"
"training_53","tk_ta8zt8uny07b","BOE_with_VAE_IMDB_500","ex_0cqakv94q2a3",0.838,"500"
"training_77","tk_neho5is0vv25","BOE_with_VAE_IMDB_200","ex_bw5aa2z2zwiy",0.838,"200"
"training_22","tk_qzouy00khz6n","BOE_with_VAE_IMDB_200","ex_bw5aa2z2zwiy",0.8374,"200"
"training_3","tk_4r5vv63dauep","BOE_with_VAE_IMDB_500","ex_0cqakv94q2a3",0.837,"500"
"training_30","tk_jkk1k5j9jp7c","BOE_with_VAE_IMDB_200","ex_bw5aa2z2zwiy",0.837,"200"
"training_10","tk_hulkl6uzfsn8","BOE_with_VAE_IMDB_200","ex_bw5aa2z2zwiy",0.8368,"200"
"training_89","tk_n1urmx4yr9ab","BOE_with_VAE_IMDB_500","ex_0cqakv94q2a3",0.8366,"500"
"training_11","tk_ivv08k391nux","BOE_with_VAE_IMDB_200","ex_bw5aa2z2zwiy",0.8364,"200"
"training_99","tk_mn256bmobpm7","BOE_with_VAE_IMDB_200","ex_bw5aa2z2zwiy",0.8362,"200"
"training_91","tk_ljlkl9oxeobm","BOE_with_VAE_IMDB_200","ex_bw5aa2z2zwiy",0.8358,"200"
"training_24","tk_w3inefii75z9","BOE_with_VAE_IMDB_200","ex_bw5aa2z2zwiy",0.8358,"200"
"training_95","tk_f1kuemz15ld1","BOE_with_VAE_IMDB_200","ex_bw5aa2z2zwiy",0.8348,"200"
"training_73","tk_453cv6j5gzgf","BOE_with_VAE_IMDB_200","ex_bw5aa2z2zwiy",0.8346,"200"
"training_15","tk_ldo7p81snsqt","BOE_with_VAE_IMDB_200","ex_bw5aa2z2zwiy",0.8346,"200"
"training_40","tk_8sue8wzh9k3b","BOE_with_VAE_IMDB_200","ex_bw5aa2z2zwiy",0.8344,"200"
"training_93","tk_dq0ew7a1rz9d","BOE_with_VAE_IMDB_200","ex_bw5aa2z2zwiy",0.8342,"200"
"training_29","tk_m2wlxltf10tz","BOE_with_VAE_IMDB_500","ex_0cqakv94q2a3",0.834,"500"
"training_85","tk_0ook51r42wh8","BOE_with_VAE_IMDB_200","ex_bw5aa2z2zwiy",0.8338,"200"
"training_26","tk_0gk6nkpchew7","BOE_with_VAE_IMDB_200","ex_bw5aa2z2zwiy",0.8338,"200"
"training_21","tk_ahtdcblk6ff8","BOE_with_VAE_IMDB_200","ex_bw5aa2z2zwiy",0.8332,"200"
"training_83","tk_i9g5q98brebm","BOE_with_VAE_IMDB_200","ex_bw5aa2z2zwiy",0.8332,"200"
"training_11","tk_rnax9thcuttj","BOE_with_VAE_IMDB_500","ex_0cqakv94q2a3",0.8328,"500"
"training_97","tk_maq5tfw1uhf7","BOE_with_VAE_IMDB_200","ex_bw5aa2z2zwiy",0.8326,"200"
"training_71","tk_tkfuvh0cv8en","BOE_with_VAE_IMDB_200","ex_bw5aa2z2zwiy",0.8326,"200"
"training_98","tk_lwmons10b527","BOE_with_VAE_IMDB_200","ex_bw5aa2z2zwiy",0.8322,"200"
"training_96","tk_8ep8mng6rori","BOE_with_VAE_IMDB_200","ex_bw5aa2z2zwiy",0.8316,"200"
"training_4","tk_m8fu7cuhy8fe","BOE_with_VAE_IMDB_200","ex_bw5aa2z2zwiy",0.8316,"200"
"training_67","tk_j485zugzzu9o","BOE_with_VAE_IMDB_200","ex_bw5aa2z2zwiy",0.8316,"200"
"training_82","tk_878phue69t0c","BOE_with_VAE_IMDB_200","ex_bw5aa2z2zwiy",0.8316,"200"
"training_68","tk_z1ay09277ond","BOE_with_VAE_IMDB_500","ex_0cqakv94q2a3",0.8314,"500"
"training_33","tk_qm99f99vdlq4","BOE_with_VAE_IMDB_200","ex_bw5aa2z2zwiy",0.8312,"200"
"training_61","tk_8cle0rv5p4pn","BOE_with_VAE_IMDB_200","ex_bw5aa2z2zwiy",0.8312,"200"
"training_52","tk_gqw4xs8mvs9v","BOE_with_VAE_IMDB_200","ex_bw5aa2z2zwiy",0.8308,"200"
"training_63","tk_xj53lcw7p5yf","BOE_with_VAE_IMDB_200","ex_bw5aa2z2zwiy",0.8306,"200"
"training_35","tk_nczjbt350j6o","BOE_with_VAE_IMDB_200","ex_bw5aa2z2zwiy",0.8302,"200"
"training_7","tk_xw9q8vade125","BOE_with_VAE_IMDB_200","ex_bw5aa2z2zwiy",0.8298,"200"
"training_36","tk_t44r251x4cr3","BOE_with_VAE_IMDB_200","ex_bw5aa2z2zwiy",0.8296,"200"
"training_13","tk_zkswtjbkc0a3","BOE_with_VAE_IMDB_200","ex_bw5aa2z2zwiy",0.8294,"200"
"training_46","tk_q1uuhejfj7hh","BOE_with_VAE_IMDB_200","ex_bw5aa2z2zwiy",0.8294,"200"
"training_86","tk_iqvxef6cniry","BOE_with_VAE_IMDB_200","ex_bw5aa2z2zwiy",0.8292,"200"
"training_69","tk_fa09v1lsjr52","BOE_with_VAE_IMDB_200","ex_bw5aa2z2zwiy",0.8292,"200"
"training_3","tk_gfgq0v4acd79","BOE_with_VAE_IMDB_200","ex_bw5aa2z2zwiy",0.8288,"200"
"training_9","tk_xktafhxd0w2p","BOE_with_VAE_IMDB_200","ex_bw5aa2z2zwiy",0.8288,"200"
"training_72","tk_qr1ky1h6pcwc","BOE_with_VAE_IMDB_200","ex_bw5aa2z2zwiy",0.8286,"200"
"training_59","tk_6ujajuj1je0v","BOE_with_VAE_IMDB_200","ex_bw5aa2z2zwiy",0.8284,"200"
"training_17","tk_g0bvwd4ekpu5","BOE_with_VAE_IMDB_200","ex_bw5aa2z2zwiy",0.828,"200"
"training_8","tk_qzpi98pmetd7","BOE_with_VAE_IMDB_200","ex_bw5aa2z2zwiy",0.828,"200"
"training_68","tk_l0dz3pxwi3qw","BOE_with_VAE_IMDB_200","ex_bw5aa2z2zwiy",0.8278,"200"
"training_27","tk_8ov983vnwmab","BOE_with_VAE_IMDB_200","ex_bw5aa2z2zwiy",0.8268,"200"
"training_25","tk_x2vhidgca0lc","BOE_with_VAE_IMDB_200","ex_bw5aa2z2zwiy",0.8262,"200"
"training_29","tk_rav7af8rvth7","BOE_with_VAE_IMDB_200","ex_bw5aa2z2zwiy",0.826,"200"
"training_57","tk_e6j9bb09136t","BOE_with_VAE_IMDB_200","ex_bw5aa2z2zwiy",0.8258,"200"
"training_64","tk_4nmjsldscmcb","BOE_with_VAE_IMDB_200","ex_bw5aa2z2zwiy",0.8256,"200"
"training_47","tk_ptyjc5y42zac","BOE_with_VAE_IMDB_200","ex_bw5aa2z2zwiy",0.8242,"200"
"training_49","tk_v9fuxhpkkjet","BOE_with_VAE_IMDB_200","ex_bw5aa2z2zwiy",0.8226,"200"
"training_20","tk_iinz8ejgo8ki","BOE_with_VAE_IMDB_200","ex_bw5aa2z2zwiy",0.8214,"200"
"training_0","tk_w18ru4rpa4zl","BOE_with_VAE_IMDB_500","ex_0cqakv94q2a3",0.8202,"500"
"training_30","tk_tb4ktckplefb","BOE_with_VAE_IMDB_500","ex_0cqakv94q2a3",0.8198,"500"
"training_37","tk_tlds218lqwh4","BOE_with_VAE_IMDB_200","ex_bw5aa2z2zwiy",0.8196,"200"
"training_62","tk_wetg775oudkv","BOE_with_VAE_IMDB_200","ex_bw5aa2z2zwiy",0.8194,"200"
"training_70","tk_oqfp45i133m4","BOE_with_VAE_IMDB_200","ex_bw5aa2z2zwiy",0.8194,"200"
"training_80","tk_4v65z9tveg3i","BOE_with_VAE_IMDB_200","ex_bw5aa2z2zwiy",0.8188,"200"
"training_28","tk_uwzftly2bqzx","BOE_with_VAE_IMDB_200","ex_bw5aa2z2zwiy",0.8182,"200"
"training_39","tk_pfv87vvymq4g","BOE_with_VAE_IMDB_200","ex_bw5aa2z2zwiy",0.818,"200"
"training_45","tk_nvuclkeato8a","BOE_with_VAE_IMDB_200","ex_bw5aa2z2zwiy",0.8174,"200"
"training_50","tk_j7t891c04fx9","BOE_with_VAE_IMDB_200","ex_bw5aa2z2zwiy",0.8172,"200"
"training_6","tk_n9aert9ipc2f","BOE_with_VAE_IMDB_200","ex_bw5aa2z2zwiy",0.8168,"200"
"training_92","tk_dagbragvoecn","BOE_with_VAE_IMDB_200","ex_bw5aa2z2zwiy",0.8158,"200"
"training_48","tk_oa6cdnib1er1","BOE_with_VAE_IMDB_200","ex_bw5aa2z2zwiy",0.8154,"200"
"training_87","tk_odtfmfuzbbj4","BOE_with_VAE_IMDB_200","ex_bw5aa2z2zwiy",0.8148,"200"
"training_2","tk_1tf7fvn1ibo9","BOE_with_VAE_IMDB_200","ex_bw5aa2z2zwiy",0.8146,"200"
"training_0","tk_1q6gchgq579l","BOE_with_VAE_IMDB_200","ex_bw5aa2z2zwiy",0.8146,"200"
"training_75","tk_kuwadq3fk60h","BOE_with_VAE_IMDB_200","ex_bw5aa2z2zwiy",0.8146,"200"
"training_23","tk_5kk30me4kzj4","BOE_with_VAE_IMDB_200","ex_bw5aa2z2zwiy",0.8144,"200"
"training_60","tk_jbohgx5l88ia","BOE_with_VAE_IMDB_200","ex_bw5aa2z2zwiy",0.8132,"200"
"training_76","tk_s3izfsj31j1f","BOE_with_VAE_IMDB_200","ex_bw5aa2z2zwiy",0.8124,"200"
"training_41","tk_ha8un05ylnf0","BOE_with_VAE_IMDB_200","ex_bw5aa2z2zwiy",0.8116,"200"
"training_5","tk_shm2q9tgo8go","BOE_with_VAE_IMDB_200","ex_bw5aa2z2zwiy",0.8116,"200"
"training_56","tk_fw7kskrg127t","BOE_with_VAE_IMDB_200","ex_bw5aa2z2zwiy",0.8106,"200"
"training_89","tk_sqvlg4tajpzz","BOE_with_VAE_IMDB_200","ex_bw5aa2z2zwiy",0.81,"200"
"training_84","tk_lz694i6l6hux","BOE_with_VAE_IMDB_200","ex_bw5aa2z2zwiy",0.81,"200"
"training_51","tk_3wam2itbjodz","BOE_with_VAE_IMDB_500","ex_0cqakv94q2a3",0.8082,"500"
"training_39","tk_ajhp2ojp3esq","BOE_IMDB_500","ex_fbbel5m04iqm",0.8036,"500"
"training_7","tk_s9sntbfuwzza","BOE_IMDB_500","ex_fbbel5m04iqm",0.8032,"500"
"training_17","tk_p3cab4pnpkpl","BOE_IMDB_500","ex_fbbel5m04iqm",0.8032,"500"
"training_13","tk_zxqbj9xo9fuj","BOE_IMDB_500","ex_fbbel5m04iqm",0.8026,"500"
"training_85","tk_qz5vpr7sp2p3","BOE_IMDB_500","ex_fbbel5m04iqm",0.8022,"500"
"training_14","tk_61t5tkwkaje9","BOE_with_VAE_IMDB_200","ex_bw5aa2z2zwiy",0.8018,"200"
"training_60","tk_ay7m37fzddeh","BOE_IMDB_500","ex_fbbel5m04iqm",0.8014,"500"
"training_42","tk_39fosebzqln7","BOE_IMDB_500","ex_fbbel5m04iqm",0.8014,"500"
"training_51","tk_yrk7mkpg8yqp","BOE_IMDB_500","ex_fbbel5m04iqm",0.8014,"500"
"training_88","tk_hpfk4yrqsp9x","BOE_IMDB_500","ex_fbbel5m04iqm",0.8012,"500"
"training_54","tk_vn4p84oun2j9","BOE_IMDB_500","ex_fbbel5m04iqm",0.8008,"500"
"training_79","tk_4zu2uaegdeo8","BOE_IMDB_500","ex_fbbel5m04iqm",0.8,"500"
"training_43","tk_0y6gdv6esekx","BOE_IMDB_500","ex_fbbel5m04iqm",0.8,"500"
"training_57","tk_zup0x0qeh8df","BOE_IMDB_500","ex_fbbel5m04iqm",0.8,"500"
"training_4","tk_jyx7cmbjf9e9","BOE_IMDB_500","ex_fbbel5m04iqm",0.7998,"500"
"training_42","tk_8mmugenxuqal","BOE_with_VAE_IMDB_200","ex_bw5aa2z2zwiy",0.7986,"200"
"training_97","tk_nc294y6hvid4","BOE_IMDB_500","ex_fbbel5m04iqm",0.7984,"500"
"training_68","tk_m1x7md0nl3ck","BOE_IMDB_500","ex_fbbel5m04iqm",0.7982,"500"
"training_1","tk_tcag5hvcvjwi","BOE_IMDB_500","ex_fbbel5m04iqm",0.798,"500"
"training_99","tk_z2k7ao2ehzba","BOE_IMDB_500","ex_fbbel5m04iqm",0.798,"500"
"training_35","tk_om1som8qhdmb","BOE_IMDB_500","ex_fbbel5m04iqm",0.7978,"500"
"training_80","tk_fzfewutog3th","BOE_IMDB_500","ex_fbbel5m04iqm",0.7976,"500"
"training_0","tk_te4klit7ki7a","BOE_IMDB_500","ex_fbbel5m04iqm",0.7972,"500"
"training_3","tk_2oq1282t9s9t","BOE_IMDB_500","ex_fbbel5m04iqm",0.7966,"500"
"training_59","tk_g4zqm2syic45","BOE_IMDB_500","ex_fbbel5m04iqm",0.7964,"500"
"training_75","tk_j58jd8enut46","BOE_IMDB_500","ex_fbbel5m04iqm",0.7964,"500"
"training_48","tk_4gaqt3eo1mi8","BOE_IMDB_500","ex_fbbel5m04iqm",0.7962,"500"
"training_12","tk_lmpbtznatvfu","BOE_IMDB_500","ex_fbbel5m04iqm",0.7962,"500"
"training_25","tk_izzm1er0ppgy","BOE_IMDB_500","ex_fbbel5m04iqm",0.7962,"500"
"training_56","tk_phw3emm2b6uf","BOE_IMDB_500","ex_fbbel5m04iqm",0.7958,"500"
"training_71","tk_f1l73m8ees1w","BOE_IMDB_500","ex_fbbel5m04iqm",0.7954,"500"
"training_41","tk_1segjbqybsmt","BOE_IMDB_500","ex_fbbel5m04iqm",0.7952,"500"
"training_96","tk_dgxkhxetpz2u","BOE_IMDB_500","ex_fbbel5m04iqm",0.7952,"500"
"training_15","tk_4b3hrglpr4av","BOE_IMDB_500","ex_fbbel5m04iqm",0.7952,"500"
"training_21","tk_qoy26k1ccmt5","BOE_IMDB_500","ex_fbbel5m04iqm",0.7948,"500"
"training_55","tk_m5k4l83ytwmw","BOE_IMDB_500","ex_fbbel5m04iqm",0.7944,"500"
"training_5","tk_9yexolfd372d","BOE_IMDB_500","ex_fbbel5m04iqm",0.7938,"500"
"training_91","tk_xzh0qb2qe6y5","BOE_IMDB_500","ex_fbbel5m04iqm",0.7936,"500"
"training_8","tk_1431qnrc831e","BOE_IMDB_500","ex_fbbel5m04iqm",0.7934,"500"
"training_32","tk_ygifycpxbl3w","BOE_IMDB_500","ex_fbbel5m04iqm",0.7934,"500"
"training_58","tk_tincv8ghavtd","BOE_IMDB_500","ex_fbbel5m04iqm",0.7932,"500"
"training_37","tk_s8dasgzaemq3","BOE_IMDB_500","ex_fbbel5m04iqm",0.7932,"500"
"training_66","tk_dmi7vu72zyz5","BOE_IMDB_500","ex_fbbel5m04iqm",0.7932,"500"
"training_53","tk_1tzq4qojk4ii","BOE_IMDB_500","ex_fbbel5m04iqm",0.7928,"500"
"training_6","tk_qmg0ewh4olov","BOE_IMDB_500","ex_fbbel5m04iqm",0.7924,"500"
"training_46","tk_dianclbaji09","BOE_IMDB_500","ex_fbbel5m04iqm",0.7922,"500"
"training_63","tk_qbdl8wq8lqs7","BOE_IMDB_500","ex_fbbel5m04iqm",0.7922,"500"
"training_76","tk_j1vunzg5k18c","BOE_IMDB_500","ex_fbbel5m04iqm",0.792,"500"
"training_61","tk_gq23v2jjlqe4","BOE_with_VAE_IMDB_500","ex_0cqakv94q2a3",0.7888,"500"
"training_14","tk_uxn96id033tr","BOE_IMDB_500","ex_fbbel5m04iqm",0.7886,"500"
"training_62","tk_ydkj2qtrfcwv","BOE_IMDB_500","ex_fbbel5m04iqm",0.7884,"500"
"training_30","tk_cwfnhnaqlqdj","BOE_IMDB_500","ex_fbbel5m04iqm",0.7884,"500"
"training_94","tk_fklrci0mwjuz","BOE_IMDB_500","ex_fbbel5m04iqm",0.7878,"500"
"training_78","tk_6l7y02h52e1w","BOE_IMDB_500","ex_fbbel5m04iqm",0.7878,"500"
"training_81","tk_ticujxe3r6qo","BOE_IMDB_500","ex_fbbel5m04iqm",0.7878,"500"
"training_90","tk_kcybqsvekuns","BOE_IMDB_500","ex_fbbel5m04iqm",0.7876,"500"
"training_86","tk_mc9yxynsbrgx","BOE_IMDB_500","ex_fbbel5m04iqm",0.7876,"500"
"training_65","tk_73typyvm2gw2","BOE_IMDB_500","ex_fbbel5m04iqm",0.7874,"500"
"training_77","tk_bw981ehicpg0","BOE_IMDB_500","ex_fbbel5m04iqm",0.787,"500"
"training_34","tk_3q4unh8p8jj6","BOE_IMDB_500","ex_fbbel5m04iqm",0.7868,"500"
"training_27","tk_cp0csd4mmmdr","BOE_IMDB_500","ex_fbbel5m04iqm",0.7838,"500"
"training_2","tk_ja3p5h3hv8pd","BOE_IMDB_500","ex_fbbel5m04iqm",0.7838,"500"
"training_28","tk_ged4yezowh7x","BOE_IMDB_500","ex_fbbel5m04iqm",0.7826,"500"
"training_44","tk_1fsfwbvuq7li","BOE_IMDB_500","ex_fbbel5m04iqm",0.7826,"500"
"training_9","tk_0eodycbc6jv0","BOE_IMDB_500","ex_fbbel5m04iqm",0.7826,"500"
"training_73","tk_bx40hikdtq1z","BOE_IMDB_500","ex_fbbel5m04iqm",0.7822,"500"
"training_26","tk_r4y4pa9nprbk","BOE_IMDB_500","ex_fbbel5m04iqm",0.7822,"500"
"training_47","tk_0mfzth4o17e9","BOE_IMDB_500","ex_fbbel5m04iqm",0.7822,"500"
"training_16","tk_xcbaplevj2ph","BOE_IMDB_500","ex_fbbel5m04iqm",0.7822,"500"
"training_95","tk_pnhsz3771pxy","BOE_IMDB_500","ex_fbbel5m04iqm",0.7818,"500"
"training_36","tk_f0uyzqhrdv77","BOE_IMDB_500","ex_fbbel5m04iqm",0.7816,"500"
"training_11","tk_fqbsj9qk5kh8","BOE_IMDB_500","ex_fbbel5m04iqm",0.7814,"500"
"training_82","tk_82g89rh0a2kl","BOE_IMDB_500","ex_fbbel5m04iqm",0.7814,"500"
"training_83","tk_j5jge2iug9a8","BOE_IMDB_500","ex_fbbel5m04iqm",0.781,"500"
"training_18","tk_tqjo0nzya6ws","BOE_IMDB_500","ex_fbbel5m04iqm",0.7806,"500"
"training_61","tk_qiggglup7yu3","BOE_IMDB_500","ex_fbbel5m04iqm",0.7804,"500"
"training_49","tk_3khakw61ws31","BOE_IMDB_500","ex_fbbel5m04iqm",0.7804,"500"
"training_33","tk_qhul6xlkazdu","BOE_IMDB_500","ex_fbbel5m04iqm",0.7804,"500"
"training_84","tk_4y6jdzsqw0jh","BOE_IMDB_500","ex_fbbel5m04iqm",0.7802,"500"
"training_69","tk_hynu0v6zwnvi","BOE_IMDB_500","ex_fbbel5m04iqm",0.7774,"500"
"training_23","tk_ki1e1tgnp4ev","BOE_IMDB_500","ex_fbbel5m04iqm",0.7774,"500"
"training_70","tk_sxa640zjet3x","BOE_IMDB_500","ex_fbbel5m04iqm",0.7774,"500"
"training_64","tk_yj0gyk4ucu6n","BOE_IMDB_500","ex_fbbel5m04iqm",0.773,"500"
"training_92","tk_irab9im5y5ja","BOE_IMDB_500","ex_fbbel5m04iqm",0.7708,"500"
"training_31","tk_gh6m7akrvhrp","BOE_IMDB_500","ex_fbbel5m04iqm",0.7708,"500"
"training_29","tk_o5ljklh9uu5a","BOE_IMDB_500","ex_fbbel5m04iqm",0.765,"500"
"training_19","tk_se9qhj95u90s","BOE_IMDB_500","ex_fbbel5m04iqm",0.765,"500"
"training_23","tk_vjlsfithuhri","BOE_IMDB_200","ex_7uubto7hmr3q",0.7478,"200"
"training_4","tk_d699f01hiwn3","BOE_IMDB_200","ex_7uubto7hmr3q",0.7472,"200"
"training_51","tk_mgu11yulzq23","BOE_IMDB_200","ex_7uubto7hmr3q",0.7462,"200"
"training_88","tk_zob10f7jtn5z","BOE_IMDB_200","ex_7uubto7hmr3q",0.7462,"200"
"training_53","tk_x7w2vtgnx97j","BOE_IMDB_200","ex_7uubto7hmr3q",0.7462,"200"
"training_24","tk_madaumtxtkup","BOE_IMDB_200","ex_7uubto7hmr3q",0.7444,"200"
"training_5","tk_m08043cjc6bz","BOE_IMDB_200","ex_7uubto7hmr3q",0.7444,"200"
"training_87","tk_2493nxoaa8e2","BOE_IMDB_500","ex_fbbel5m04iqm",0.7436,"500"
"training_40","tk_3k9u03ea5vvw","BOE_IMDB_500","ex_fbbel5m04iqm",0.7436,"500"
"training_65","tk_e7srqcn1nd21","BOE_IMDB_200","ex_7uubto7hmr3q",0.7434,"200"
"training_49","tk_zii1l42qo046","BOE_IMDB_200","ex_7uubto7hmr3q",0.7426,"200"
"training_13","tk_g3ff25aoxv2y","BOE_IMDB_200","ex_7uubto7hmr3q",0.741,"200"
"training_55","tk_ljk0xjklbhwe","BOE_with_VAE_IMDB_200","ex_bw5aa2z2zwiy",0.7398,"200"
"training_90","tk_jdq1r1ja6xzc","BOE_IMDB_200","ex_7uubto7hmr3q",0.7386,"200"
"training_76","tk_6871gxdmt30a","BOE_IMDB_200","ex_7uubto7hmr3q",0.7382,"200"
"training_2","tk_gvvd8qmisvu9","BOE_IMDB_200","ex_7uubto7hmr3q",0.738,"200"
"training_68","tk_bh8efmlp745t","BOE_IMDB_200","ex_7uubto7hmr3q",0.7376,"200"
"training_27","tk_t8jxkexofo8n","BOE_IMDB_200","ex_7uubto7hmr3q",0.7376,"200"
"training_75","tk_2tjgjix01a6q","BOE_IMDB_200","ex_7uubto7hmr3q",0.7376,"200"
"training_25","tk_qqxd6n1opcul","BOE_IMDB_200","ex_7uubto7hmr3q",0.7376,"200"
"training_31","tk_4l5zfrn92oqk","BOE_IMDB_200","ex_7uubto7hmr3q",0.7374,"200"
"training_6","tk_qjleamr4t8ph","BOE_IMDB_200","ex_7uubto7hmr3q",0.7366,"200"
"training_80","tk_f6aiir89ozn2","BOE_IMDB_200","ex_7uubto7hmr3q",0.7364,"200"
"training_32","tk_dob9q2rbkg0j","BOE_IMDB_200","ex_7uubto7hmr3q",0.7364,"200"
"training_62","tk_8y8qte8zdk7n","BOE_IMDB_200","ex_7uubto7hmr3q",0.736,"200"
"training_82","tk_0v1ixryg1y2b","BOE_IMDB_200","ex_7uubto7hmr3q",0.735,"200"
"training_89","tk_nqiv7fjv2nw8","BOE_IMDB_200","ex_7uubto7hmr3q",0.7348,"200"
"training_20","tk_oqr3znd5pnzw","BOE_IMDB_200","ex_7uubto7hmr3q",0.7344,"200"
"training_73","tk_2bcnb6oqcd89","BOE_IMDB_200","ex_7uubto7hmr3q",0.7334,"200"
"training_38","tk_nt9tfwm4ew2l","BOE_IMDB_200","ex_7uubto7hmr3q",0.7326,"200"
"training_91","tk_ag5vuxekliqu","BOE_IMDB_200","ex_7uubto7hmr3q",0.7326,"200"
"training_19","tk_hz2fy39r9h6q","BOE_IMDB_200","ex_7uubto7hmr3q",0.7318,"200"
"training_37","tk_6g1x7xv6xx9w","BOE_IMDB_200","ex_7uubto7hmr3q",0.7314,"200"
"training_0","tk_guzr0ded1ug9","BOE_IMDB_200","ex_7uubto7hmr3q",0.7314,"200"
"training_64","tk_hhjoxodfgp2i","BOE_IMDB_200","ex_7uubto7hmr3q",0.7312,"200"
"training_57","tk_r5rhfes5j9vv","BOE_IMDB_200","ex_7uubto7hmr3q",0.7312,"200"
"training_81","tk_d0de5snm1gdf","BOE_IMDB_200","ex_7uubto7hmr3q",0.7308,"200"
"training_63","tk_exxmgqts6eob","BOE_IMDB_200","ex_7uubto7hmr3q",0.7308,"200"
"training_7","tk_xoocabkk27y4","BOE_IMDB_200","ex_7uubto7hmr3q",0.7302,"200"
"training_40","tk_ogetdca29rtw","BOE_IMDB_200","ex_7uubto7hmr3q",0.7284,"200"
"training_72","tk_ojf5he8fusbr","BOE_IMDB_200","ex_7uubto7hmr3q",0.7284,"200"
"training_46","tk_95ja1k4rjkqr","BOE_IMDB_200","ex_7uubto7hmr3q",0.7274,"200"
"training_83","tk_s8r62yc29ivd","BOE_IMDB_200","ex_7uubto7hmr3q",0.7272,"200"
"training_86","tk_sn7i459q7sm0","BOE_IMDB_200","ex_7uubto7hmr3q",0.7272,"200"
"training_78","tk_16m6ncnngba4","BOE_IMDB_200","ex_7uubto7hmr3q",0.7268,"200"
"training_74","tk_dwvvrbeyp79p","BOE_with_VAE_IMDB_200","ex_bw5aa2z2zwiy",0.7254,"200"
"training_97","tk_xiz1749myp57","BOE_IMDB_200","ex_7uubto7hmr3q",0.7226,"200"
"training_26","tk_06ky21tue9ow","BOE_IMDB_200","ex_7uubto7hmr3q",0.7224,"200"
"training_99","tk_57hz0rckzcuc","BOE_IMDB_200","ex_7uubto7hmr3q",0.7202,"200"
"training_36","tk_ta4vmyqzg3l3","BOE_IMDB_200","ex_7uubto7hmr3q",0.7202,"200"
"training_98","tk_goz7s0w57hks","BOE_IMDB_200","ex_7uubto7hmr3q",0.7198,"200"
"training_17","tk_1ug3uihwzvqp","BOE_IMDB_200","ex_7uubto7hmr3q",0.7198,"200"
"training_79","tk_4vfpovzu0zdt","BOE_IMDB_200","ex_7uubto7hmr3q",0.7198,"200"
"training_92","tk_txg5phkucwyd","BOE_IMDB_200","ex_7uubto7hmr3q",0.7198,"200"
"training_8","tk_eerscvjb9bug","BOE_IMDB_200","ex_7uubto7hmr3q",0.719,"200"
"training_50","tk_2xuatnoetmi9","BOE_IMDB_200","ex_7uubto7hmr3q",0.7186,"200"
"training_84","tk_nrfer4jxt2xx","BOE_IMDB_200","ex_7uubto7hmr3q",0.7186,"200"
"training_74","tk_s9jqd7tq1u64","BOE_IMDB_200","ex_7uubto7hmr3q",0.718,"200"
"training_1","tk_q9ovfifq8ul7","BOE_IMDB_200","ex_7uubto7hmr3q",0.718,"200"
"training_39","tk_cv7ketiulivo","BOE_IMDB_200","ex_7uubto7hmr3q",0.7174,"200"
"training_21","tk_i9qv0jyezy0z","BOE_IMDB_200","ex_7uubto7hmr3q",0.7174,"200"
"training_34","tk_ih7v95n9vgin","BOE_IMDB_200","ex_7uubto7hmr3q",0.7174,"200"
"training_16","tk_2x0datcjlcmf","BOE_IMDB_200","ex_7uubto7hmr3q",0.7166,"200"
"training_42","tk_6qds1z6bevks","BOE_IMDB_200","ex_7uubto7hmr3q",0.7162,"200"
"training_33","tk_k2o56qwehanb","BOE_IMDB_200","ex_7uubto7hmr3q",0.7114,"200"
"training_55","tk_xga483jfghwc","BOE_IMDB_200","ex_7uubto7hmr3q",0.7114,"200"
"training_15","tk_zrw56zf4d22q","BOE_IMDB_200","ex_7uubto7hmr3q",0.7114,"200"
"training_43","tk_ofpvr6qql021","BOE_IMDB_200","ex_7uubto7hmr3q",0.71,"200"
"training_35","tk_wehrvem33gl7","BOE_IMDB_200","ex_7uubto7hmr3q",0.7086,"200"
"training_67","tk_sa1fl2yikc6d","BOE_IMDB_500","ex_fbbel5m04iqm",0.7038,"500"
"training_72","tk_49lybft15y69","BOE_IMDB_500","ex_fbbel5m04iqm",0.7032,"500"
"training_98","tk_ix2b8lwfhw9c","BOE_IMDB_500","ex_fbbel5m04iqm",0.7032,"500"
"training_74","tk_s2ucsk0beqku","BOE_IMDB_500","ex_fbbel5m04iqm",0.7032,"500"
"training_93","tk_48ptqpaajilh","BOE_IMDB_500","ex_fbbel5m04iqm",0.7028,"500"
"training_3","tk_vptsj1mc6b4j","BOE_IMDB_200","ex_7uubto7hmr3q",0.7024,"200"
"training_44","tk_25ocj0kfh9o5","BOE_IMDB_200","ex_7uubto7hmr3q",0.7014,"200"
"training_22","tk_bpd917tcxpfg","BOE_IMDB_500","ex_fbbel5m04iqm",0.7,"500"
"training_48","tk_xv4zj72vpdrt","BOE_IMDB_200","ex_7uubto7hmr3q",0.6962,"200"
"training_94","tk_c1o8zw6imxgi","BOE_IMDB_200","ex_7uubto7hmr3q",0.6936,"200"
"training_93","tk_ng4qf7yiomgk","BOE_IMDB_200","ex_7uubto7hmr3q",0.6936,"200"
"training_52","tk_hmnw49pmb0ih","BOE_IMDB_500","ex_fbbel5m04iqm",0.6936,"500"
"training_29","tk_kv30np83wyg1","BOE_IMDB_200","ex_7uubto7hmr3q",0.6916,"200"
"training_96","tk_2edno9jaypma","BOE_IMDB_200","ex_7uubto7hmr3q",0.6904,"200"
"training_41","tk_dw2liufyco9x","BOE_IMDB_200","ex_7uubto7hmr3q",0.6904,"200"
"training_85","tk_errgq5mk0t5j","BOE_IMDB_200","ex_7uubto7hmr3q",0.6896,"200"
"training_28","tk_vklm6tf7e9qa","BOE_IMDB_200","ex_7uubto7hmr3q",0.6886,"200"
"training_14","tk_ulynmc2nm4yo","BOE_IMDB_200","ex_7uubto7hmr3q",0.6886,"200"
"training_18","tk_mfkx3s12tio3","BOE_IMDB_200","ex_7uubto7hmr3q",0.688,"200"
"training_10","tk_0gbmsu9v2lh0","BOE_IMDB_200","ex_7uubto7hmr3q",0.6874,"200"
"training_56","tk_oikqrhjc581q","BOE_IMDB_200","ex_7uubto7hmr3q",0.6874,"200"
"training_70","tk_mevroonetusd","BOE_IMDB_200","ex_7uubto7hmr3q",0.6872,"200"
"training_24","tk_r2qrv7xtjg0s","BOE_IMDB_500","ex_fbbel5m04iqm",0.6866,"500"
"training_66","tk_q9mxq490178w","BOE_IMDB_200","ex_7uubto7hmr3q",0.6862,"200"
"training_11","tk_44jecln0xno7","BOE_IMDB_200","ex_7uubto7hmr3q",0.685,"200"
"training_67","tk_f46bp85mzlox","BOE_IMDB_200","ex_7uubto7hmr3q",0.6844,"200"
"training_61","tk_2kf0pizxlw07","BOE_IMDB_200","ex_7uubto7hmr3q",0.6788,"200"
"training_20","tk_hxplqutc8o5z","BOE_IMDB_500","ex_fbbel5m04iqm",0.6748,"500"
"training_45","tk_w0w6mm9e8i0q","BOE_IMDB_500","ex_fbbel5m04iqm",0.6748,"500"
"training_69","tk_gpmc2rz7st50","BOE_IMDB_200","ex_7uubto7hmr3q",0.6662,"200"
"training_30","tk_90jv8rtltz06","BOE_IMDB_200","ex_7uubto7hmr3q",0.6602,"200"
"training_38","tk_4hzs8qogrxmw","BOE_IMDB_500","ex_fbbel5m04iqm",0.653,"500"
"training_89","tk_mct3tmfn9mwz","BOE_IMDB_500","ex_fbbel5m04iqm",0.648,"500"
"training_71","tk_ydgf9xycdjz1","BOE_IMDB_200","ex_7uubto7hmr3q",0.5,"200"
"training_77","tk_zarlu89pkqs1","BOE_IMDB_200","ex_7uubto7hmr3q",0.5,"200"
"training_59","tk_0i2c8rimdm3h","BOE_IMDB_200","ex_7uubto7hmr3q",0.5,"200"
"training_58","tk_q5qa1356v4b3","BOE_IMDB_200","ex_7uubto7hmr3q",0.5,"200"
"training_45","tk_khsdpfqmbl27","BOE_IMDB_200","ex_7uubto7hmr3q",0.5,"200"
"training_47","tk_v5avnnji44i8","BOE_IMDB_200","ex_7uubto7hmr3q",0.5,"200"
"training_60","tk_vfm7kwew8sir","BOE_IMDB_200","ex_7uubto7hmr3q",0.5,"200"
"training_9","tk_19e7c14dx16o","BOE_IMDB_200","ex_7uubto7hmr3q",0.5,"200"
"training_95","tk_eq3j1owdf0ei","BOE_IMDB_200","ex_7uubto7hmr3q",0.5,"200"
"training_12","tk_svtsbqb52dls","BOE_IMDB_200","ex_7uubto7hmr3q",0.5,"200"
"training_22","tk_xu16heudng2v","BOE_IMDB_200","ex_7uubto7hmr3q",0.5,"200"
"training_87","tk_31qt2j9eyoxu","BOE_IMDB_200","ex_7uubto7hmr3q",0.5,"200"
"training_54","tk_n07qi1f5g3bk","BOE_IMDB_200","ex_7uubto7hmr3q",0.5,"200"
"training_52","tk_cvhfcbnt4l8q","BOE_IMDB_200","ex_7uubto7hmr3q",0.5,"200"
"training_10","tk_j81nrebet1vt","BOE_IMDB_500","ex_fbbel5m04iqm",0.5,"500"
"training_50","tk_d7w0h49r0pj2","BOE_IMDB_500","ex_fbbel5m04iqm",0.5,"500"