Experiment_ID,Experiment_Name,Task_ID,Task_Name,env_AGGREGATIONS,env_CLASSIFIER,env_CLF_HIDDEN_DIM,env_DROPOUT,env_EMBEDDING_DIM,env_ENCODER_ADDITIONAL_DIM,env_LEARNING_RATE,env_MAX_FILTER_SIZE,env_NUM_ENCODER_LAYERS,env_NUM_FILTERS,env_SEED,env_THROTTLE,env_VOCAB_SIZE,metric_best_validation_accuracy
ex_purwi1dphvle,,tk_hgl7ot96uw5c,training_3,final_state,cnn,64,5,512,,1,5,1,156,12759954,200,30000,0.8346
ex_purwi1dphvle,,tk_flw4am60cxl2,training_14,"attention,final_state,meanpool,maxpool",cnn,1024,5,512,,10,7,3,156,15581716,200,30000,0.8276
ex_purwi1dphvle,,tk_unj6zr1mb02e,training_38,maxpool,cnn,2048,2,50,,1,5,1,156,11116553,200,30000,0.8266
ex_purwi1dphvle,,tk_ey5sqvzbp6df,training_26,"meanpool,final_state,maxpool,attention",lr,2048,0,512,,5,5,1,128,19315988,200,30000,0.7764
ex_purwi1dphvle,,tk_ndlez2o4dzct,training_30,"attention,meanpool,maxpool",boe,512,5,512,,10,7,2,512,17025061,200,30000,0.8094
ex_purwi1dphvle,,tk_o3w60vesnykp,training_7,"final_state,maxpool",boe,1024,0,300,,5,7,1,512,19412012,200,30000,0.7382
ex_purwi1dphvle,,tk_wsaev5gipg7m,training_45,"meanpool,final_state",lr,64,0,128,,10,5,1,512,1044742,200,30000,0.7744
ex_purwi1dphvle,,tk_jmd3rb31e3oq,training_9,final_state,cnn,128,5,128,,1,7,1,128,19279763,200,30000,0.843
ex_purwi1dphvle,,tk_rduobjqh27gs,training_0,"maxpool,attention",boe,2048,0,128,,5,7,2,156,19250485,200,30000,0.7224
ex_purwi1dphvle,,tk_m3bnfc6qb334,training_22,"final_state,meanpool,maxpool,attention",lstm,64,0,300,,5,10,3,128,3285725,200,30000,0.8318
ex_purwi1dphvle,,tk_s3fggv0cz48d,training_17,"final_state,maxpool",boe,128,5,300,,10,5,1,128,6568-05-15T07:00:00.000Z,200,30000,0.784
ex_purwi1dphvle,,tk_kszvaw9yhp4b,training_32,"maxpool,meanpool",boe,128,2,300,,5,7,1,512,12642724,200,30000,0.7574
ex_purwi1dphvle,,tk_1b19irdnoxk0,training_28,"meanpool,maxpool,attention,final_state",boe,1024,5,50,,1,5,2,512,16872395,200,30000,0.6312
ex_purwi1dphvle,,tk_v7ner5anu7fp,training_19,"attention,meanpool",boe,2048,2,128,,10,7,1,156,11779586,200,30000,0.8056
ex_purwi1dphvle,,tk_w5ctde46odvf,training_20,"meanpool,maxpool,attention",cnn,64,0,128,,5,7,2,156,10495056,200,30000,0.8208
ex_purwi1dphvle,,tk_7uf6eku3g960,training_44,attention,cnn,512,0,50,,10,5,2,128,15080066,200,30000,0.8236
ex_purwi1dphvle,,tk_c3efox202y7b,training_21,"meanpool,maxpool",cnn,128,2,512,,5,7,3,128,7442747,200,30000,0.8364
ex_purwi1dphvle,,tk_pz55mmroywn3,training_25,"attention,meanpool",lr,1024,5,128,,1,5,1,128,4437875,200,30000,0.7806
ex_purwi1dphvle,,tk_hh65tmkkqsjn,training_12,"final_state,meanpool",lstm,64,2,50,,1,7,1,156,2392-12-07T08:00:00.000Z,200,30000,0.8276
ex_purwi1dphvle,,tk_jrqjghhactu2,training_13,attention,lr,64,5,128,,10,10,1,156,7944695,200,30000,0.782
ex_purwi1dphvle,,tk_8mju632l8x4o,training_48,"maxpool,attention,final_state",lstm,2048,2,512,,1,7,3,128,16584402,200,30000,0.8494
ex_purwi1dphvle,,tk_88l78pcpxxpm,training_4,"attention,meanpool,final_state,maxpool",lstm,2048,0,128,,10,7,3,512,15328963,200,30000,0.6924
ex_purwi1dphvle,,tk_xbwrc563l19g,training_36,"attention,final_state,meanpool",boe,64,5,128,,5,7,1,512,1295819,200,30000,0.8016
ex_purwi1dphvle,,tk_0dcvjzuhb6uy,training_24,"attention,meanpool",boe,512,5,300,,10,10,1,128,9441-03-10T08:00:00.000Z,200,30000,0.8028
ex_purwi1dphvle,,tk_jvcxsn9ws116,training_1,"final_state,meanpool,maxpool,attention",cnn,64,0,128,,1,5,2,512,5542660,200,30000,0.8440000000000001
ex_purwi1dphvle,,tk_7hrw2p681r0s,training_2,attention,lstm,128,2,300,,5,7,3,156,7015753,200,30000,0.8286
ex_purwi1dphvle,,tk_yql86ttx9xoq,training_10,final_state,lr,128,5,512,,10,7,3,156,15985997,200,30000,0.758
ex_purwi1dphvle,,tk_ezv241adys4y,training_41,"attention,meanpool,maxpool",lr,128,0,128,,5,7,3,128,8686867,200,30000,0.7794
ex_purwi1dphvle,,tk_hvu1u5snfqvo,training_15,"maxpool,meanpool,attention",lstm,128,5,300,,1,7,1,156,7499853,200,30000,0.8314
ex_purwi1dphvle,,tk_75p1oe7vswc4,training_47,"maxpool,attention",boe,512,2,50,,10,7,1,512,10180195,200,30000,0.7916
ex_purwi1dphvle,,tk_w5ctde46odvf,training_20,"meanpool,maxpool,attention",cnn,64,0,128,,5,7,2,156,10495056,200,30000,0.8208
ex_purwi1dphvle,,tk_7uf6eku3g960,training_44,attention,cnn,512,0,50,,10,5,2,128,15080066,200,30000,0.8236
ex_purwi1dphvle,,tk_ocrngavkrqpe,training_11,"maxpool,final_state,meanpool,attention",lr,512,0,512,,1,7,3,128,17909327,200,30000,0.7842
ex_purwi1dphvle,,tk_oawhu2fm3x4m,training_46,"attention,maxpool,final_state",cnn,2048,2,300,,10,7,1,512,15110674,200,30000,0.8244
ex_purwi1dphvle,,tk_eis2afwhgpd2,training_31,final_state,boe,512,0,300,,1,10,3,128,11473879,200,30000,0.6354
ex_purwi1dphvle,,tk_ey5sqvzbp6df,training_26,"meanpool,final_state,maxpool,attention",lr,2048,0,512,,5,5,1,128,19315988,200,30000,0.7764
ex_purwi1dphvle,,tk_hgl7ot96uw5c,training_3,final_state,cnn,64,5,512,,1,5,1,156,12759954,200,30000,0.8346
ex_purwi1dphvle,,tk_34xac8789n10,training_16,"attention,meanpool,maxpool",lr,64,0,512,,5,5,2,128,12227408,200,30000,0.7929999999999999
ex_purwi1dphvle,,tk_ndlez2o4dzct,training_30,"attention,meanpool,maxpool",boe,512,5,512,,10,7,2,512,17025061,200,30000,0.8094
ex_purwi1dphvle,,tk_1b19irdnoxk0,training_28,"meanpool,maxpool,attention,final_state",boe,1024,5,50,,1,5,2,512,16872395,200,30000,0.6312
ex_purwi1dphvle,,tk_hh65tmkkqsjn,training_12,"final_state,meanpool",lstm,64,2,50,,1,7,1,156,2392-12-07T08:00:00.000Z,200,30000,0.8276
ex_purwi1dphvle,,tk_dr55s7e8pmms,training_37,"maxpool,final_state",lr,64,2,300,,1,7,2,512,11816064,200,30000,0.7956
ex_purwi1dphvle,,tk_6el7vueaayzu,training_40,"maxpool,final_state,meanpool",lstm,512,0,300,,1,10,3,512,3959420,200,30000,0.8342
ex_purwi1dphvle,,tk_o3w60vesnykp,training_7,"final_state,maxpool",boe,1024,0,300,,5,7,1,512,19412012,200,30000,0.7382
ex_purwi1dphvle,,tk_1bvum5p89aij,training_33,"final_state,meanpool,maxpool",lr,1024,2,300,,1,10,1,156,12901459,200,30000,0.7974
ex_purwi1dphvle,,tk_jyr2zikifbz3,training_42,"final_state,attention",lstm,512,0,512,,10,10,3,512,50841,200,30000,0.8016
ex_purwi1dphvle,,tk_flw4am60cxl2,training_14,"attention,final_state,meanpool,maxpool",cnn,1024,5,512,,10,7,3,156,15581716,200,30000,0.8276
ex_purwi1dphvle,,tk_e0kbkxt1l9le,training_23,"attention,maxpool,final_state,meanpool",lstm,128,0,512,,10,10,2,156,6827793,200,30000,0.8168
ex_purwi1dphvle,,tk_46w53rzsnqej,training_34,"final_state,attention,meanpool",lstm,2048,2,50,,10,10,1,512,12120296,200,30000,0.825
ex_purwi1dphvle,,tk_88l78pcpxxpm,training_4,"attention,meanpool,final_state,maxpool",lstm,2048,0,128,,10,7,3,512,15328963,200,30000,0.6924
ex_onjwhfvfj2rt,,tk_hxf8y5uvmimy,training_25,"attention,final_state",lstm,2048,5,300,,10,5,3,512,1649-04-22T07:52:58.000Z,200,30000,0.5294
ex_onjwhfvfj2rt,,tk_5p889rd9ewia,training_20,"attention,maxpool,final_state",cnn,512,5,50,,1,10,1,128,13436356,200,30000,0.8298
ex_onjwhfvfj2rt,,tk_vtmto8o8fb2t,training_22,attention,lstm,2048,0,512,,10,7,3,128,10531498,200,30000,
ex_onjwhfvfj2rt,,tk_grqczjmnr4dj,training_15,meanpool,lstm,1024,0,512,,1,10,3,156,16948760,200,30000,0.8408
ex_onjwhfvfj2rt,,tk_7y1cxkeagnt0,training_4,"attention,meanpool,final_state,maxpool",boe,2048,0,512,,10,7,2,128,4866846,200,30000,0.7724
ex_onjwhfvfj2rt,,tk_bw0129hkdmg7,training_16,attention,cnn,64,2,50,,10,5,2,156,4283-06-30T07:00:00.000Z,200,30000,0.8352
ex_onjwhfvfj2rt,,tk_aqc7dwsgtlzy,training_29,"meanpool,final_state",boe,128,2,128,,1,7,1,156,18097207,200,30000,0.4994
ex_onjwhfvfj2rt,,tk_2hgdadqvroq9,training_45,"final_state,maxpool,meanpool,attention",cnn,64,0,50,,10,7,1,128,5703-08-09T07:00:00.000Z,200,30000,0.8322
ex_onjwhfvfj2rt,,tk_kbryn9f36fxk,training_30,"final_state,attention,maxpool",cnn,128,2,50,,5,7,3,512,4725639,200,30000,0.8390000000000001
ex_onjwhfvfj2rt,,tk_gf6q375r86nb,training_0,"final_state,attention",boe,128,5,128,,10,10,2,128,7727376,200,30000,0.7964
ex_onjwhfvfj2rt,,tk_0njtylqws88q,training_12,meanpool,lstm,512,0,50,,10,7,1,512,12415179,200,30000,0.8290000000000001
ex_onjwhfvfj2rt,,tk_lnhxvhp2yuwc,training_44,"meanpool,maxpool,attention",cnn,2048,5,50,,5,5,3,128,19580763,200,30000,0.8302
ex_onjwhfvfj2rt,,tk_n8sy4mocx2e0,training_31,meanpool,cnn,128,0,512,,5,5,2,128,16194574,200,30000,0.8216
ex_onjwhfvfj2rt,,tk_m1q8lfex0wti,training_42,final_state,cnn,512,5,50,,1,5,3,156,18960652,200,30000,0.831
ex_onjwhfvfj2rt,,tk_3hdck4ldsm2z,training_38,maxpool,boe,1024,2,128,,10,5,1,512,9791389,200,30000,0.7759999999999999
ex_onjwhfvfj2rt,,tk_mtqazcvsxw78,training_33,"final_state,maxpool",lstm,64,5,300,,5,10,2,156,8741-02-25T08:00:00.000Z,200,30000,0.826
ex_onjwhfvfj2rt,,tk_8iil0a28ay8e,training_46,"attention,meanpool,maxpool,final_state",lr,64,5,512,,5,7,2,512,13766671,200,30000,0.7832
ex_onjwhfvfj2rt,,tk_p54hq9mzg0zm,training_3,"attention,meanpool",cnn,2048,2,512,,1,5,3,128,3613818,200,30000,0.8308
ex_onjwhfvfj2rt,,tk_x2rphp3y5jhg,training_40,"meanpool,attention,maxpool,final_state",cnn,128,5,512,,5,5,1,156,4134716,200,30000,0.8264
ex_onjwhfvfj2rt,,tk_xzuv8gu6ceex,training_7,final_state,boe,512,0,300,,5,10,2,156,13581507,200,30000,0.6834
ex_onjwhfvfj2rt,,tk_6xgtze4uyt6q,training_21,"maxpool,final_state,attention",cnn,512,2,512,,1,7,3,156,18569717,200,30000,0.8396
ex_onjwhfvfj2rt,,tk_9a6grtvl0m3o,training_1,"final_state,attention",lr,128,0,300,,10,5,1,512,3442-03-15T07:00:00.000Z,200,30000,0.7882
ex_onjwhfvfj2rt,,tk_hgdgupu1qeps,training_24,meanpool,lstm,64,0,50,,1,5,3,156,4490368,200,30000,0.8442
ex_onjwhfvfj2rt,,tk_4ebo14r78hi2,training_5,"maxpool,meanpool,attention,final_state",boe,512,0,300,,1,5,2,156,8535795,200,30000,0.6696
ex_onjwhfvfj2rt,,tk_46z6ozh4lfx2,training_14,"maxpool,attention",lr,1024,2,128,,5,10,2,128,9190474,200,30000,0.7734
ex_onjwhfvfj2rt,,tk_0m92dti94qiq,training_35,"maxpool,attention,final_state",lstm,128,5,50,,1,10,2,156,1183504,200,30000,0.83
ex_onjwhfvfj2rt,,tk_x717x83w2eat,training_36,"final_state,meanpool,maxpool",lr,1024,2,50,,5,7,2,128,19943369,200,30000,0.7874
ex_onjwhfvfj2rt,,tk_bz8715bcqehd,training_37,"maxpool,final_state,attention",lr,128,2,50,,10,5,2,156,11278464,200,30000,0.7672
ex_onjwhfvfj2rt,,tk_4qhx5gmai1ec,training_39,"maxpool,final_state,meanpool",lr,128,2,128,,5,7,3,156,1709424,200,30000,0.7776
ex_onjwhfvfj2rt,,tk_7k2e85j5qi1j,training_6,"attention,final_state,meanpool,maxpool",boe,2048,5,512,,5,10,1,128,7788492,200,30000,0.8096
ex_onjwhfvfj2rt,,tk_v22r1hgm3r9j,training_2,"maxpool,meanpool,final_state,attention",boe,64,2,512,,5,7,2,156,6241431,200,30000,0.7744
ex_onjwhfvfj2rt,,tk_5o8n3xdcur4v,training_23,"meanpool,maxpool",lstm,512,2,128,,5,7,3,512,9312876,200,30000,0.8364
ex_onjwhfvfj2rt,,tk_x9an5tmxxjev,training_11,attention,cnn,2048,0,512,,1,10,1,128,5595473,200,30000,0.8414
ex_onjwhfvfj2rt,,tk_9088t17mghc7,training_28,"attention,meanpool,maxpool",cnn,512,2,512,,10,10,3,128,14679193,200,30000,0.8354
ex_onjwhfvfj2rt,,tk_og6wullj53s7,training_41,"maxpool,attention,meanpool,final_state",lstm,512,5,300,,5,10,3,512,17217531,200,30000,0.8132
ex_onjwhfvfj2rt,,tk_sqwxkvohtfmx,training_8,attention,boe,64,5,300,,1,7,1,156,2913-01-08T08:00:00.000Z,200,30000,0.7768
ex_onjwhfvfj2rt,,tk_rzwd148xxiju,training_49,final_state,lstm,512,2,50,,10,10,3,156,7919868,200,30000,0.8226
ex_onjwhfvfj2rt,,tk_x79hf5fd6gqe,training_34,"final_state,meanpool,attention",lr,1024,2,300,,10,10,2,512,16722696,200,30000,0.795
ex_onjwhfvfj2rt,,tk_1em5mue887qa,training_27,"final_state,attention,maxpool,meanpool",lr,64,2,512,,10,5,3,128,2781952,200,30000,0.7928
ex_onjwhfvfj2rt,,tk_fc1s5swoo5c9,training_13,maxpool,boe,1024,2,50,,1,7,2,128,19461702,200,30000,0.7866
ex_onjwhfvfj2rt,,tk_8ncuxftdz4bn,training_48,"final_state,attention,maxpool,meanpool",lr,2048,2,50,,10,7,1,512,16912965,200,30000,0.7909999999999999
ex_onjwhfvfj2rt,,tk_ccy740octklp,training_18,"attention,meanpool,final_state,maxpool",lr,128,0,50,,1,10,2,512,3769-09-22T07:00:00.000Z,200,30000,0.7738
ex_onjwhfvfj2rt,,tk_63aifce6wzgj,training_10,"attention,meanpool,final_state,maxpool",lr,1024,2,512,,5,10,3,512,10059666,200,30000,0.7786
ex_onjwhfvfj2rt,,tk_yfrom83rat4k,training_9,final_state,lr,64,2,512,,10,7,2,156,9054741,200,30000,0.8012
ex_onjwhfvfj2rt,,tk_rkaryqw2r71w,training_47,"attention,final_state",lr,2048,2,128,,1,10,2,128,19084558,200,30000,0.7732
ex_onjwhfvfj2rt,,tk_san3j0oosqq5,training_19,"maxpool,attention,meanpool",boe,64,5,300,,1,10,3,512,3592537,200,30000,0.7676
ex_onjwhfvfj2rt,,tk_ljimaatoxz7h,training_43,"maxpool,final_state,meanpool,attention",lr,1024,5,50,,1,7,2,128,3220842,200,30000,0.7916
ex_onjwhfvfj2rt,,tk_jaqo421cmx6n,training_32,meanpool,lr,1024,5,300,,1,7,3,512,15739650,200,30000,0.7768
ex_onjwhfvfj2rt,,tk_n8m52ucpypp1,training_17,"final_state,meanpool,maxpool",lr,64,5,300,,1,10,1,156,1201905,200,30000,0.7822
ex_onjwhfvfj2rt,,tk_0r4ffmm5ug0k,training_26,"maxpool,attention",lr,512,2,50,,5,5,3,156,11256422,200,30000,0.8009999999999999
ex_6tkfeani46kh,,tk_2adznud2nrvr,training_17,meanpool,boe,64,2,50,,10,5,1,156,2564-11-10T08:00:00.000Z,5000,30000,0.856
ex_6tkfeani46kh,,tk_a26p64dcpxab,training_36,"meanpool,maxpool,final_state,attention",lr,1024,2,50,,5,5,3,512,10005731,5000,30000,0.8718
ex_6tkfeani46kh,,tk_iz8y68tr6m34,training_47,attention,cnn,64,5,300,,5,7,1,512,16324440,5000,30000,0.857
ex_6tkfeani46kh,,tk_3y9pftt567jc,training_20,"meanpool,final_state,maxpool,attention",cnn,64,2,128,,10,5,1,156,15410092,5000,30000,0.8576
ex_6tkfeani46kh,,tk_d0acjg19smsl,training_2,"final_state,meanpool,attention",lstm,64,0,128,,5,7,1,512,19448076,5000,30000,0.8664
ex_6tkfeani46kh,,tk_au11ltsibpx4,training_16,"meanpool,attention,maxpool,final_state",cnn,128,2,300,,5,7,2,156,6534633,5000,30000,0.8638
ex_6tkfeani46kh,,tk_1jz5ah5g86oz,training_33,"meanpool,maxpool,attention,final_state",lr,512,2,50,,1,7,2,128,2852440,5000,30000,0.8722
ex_6tkfeani46kh,,tk_41gvw73uo3dc,training_9,meanpool,cnn,64,2,50,,10,5,1,156,15071776,5000,30000,0.8482
ex_6tkfeani46kh,,tk_dslzlx9e6hus,training_12,meanpool,lr,512,0,300,,10,10,3,128,12555841,5000,30000,0.8698
ex_6tkfeani46kh,,tk_tihyifqzxe0e,training_46,"final_state,maxpool",cnn,128,0,50,,10,5,1,512,9043-06-22T07:00:00.000Z,5000,30000,0.861
ex_6tkfeani46kh,,tk_qkgmu6uuq4xd,training_28,maxpool,boe,1024,5,512,,10,7,1,156,16245700,5000,30000,0.851
ex_6tkfeani46kh,,tk_qo6mtpwi93d7,training_27,"maxpool,attention,final_state",cnn,2048,0,50,,1,5,2,128,18014746,5000,30000,0.8606
ex_6tkfeani46kh,,tk_g3ddwuncstdq,training_24,final_state,cnn,128,5,50,,1,5,3,128,16109297,5000,30000,0.8692
ex_6tkfeani46kh,,tk_5esiqf2192bv,training_22,"attention,final_state",cnn,2048,0,300,,5,7,1,128,2584557,5000,30000,0.8668
ex_6tkfeani46kh,,tk_j94fiuti385y,training_26,"final_state,attention,maxpool",lstm,2048,2,300,,5,5,3,128,12412939,5000,30000,0.8558
ex_6tkfeani46kh,,tk_917nmojd8p6e,training_13,"meanpool,maxpool",lr,512,5,128,,5,7,3,512,18158690,5000,30000,0.8674
ex_6tkfeani46kh,,tk_eexqsfy8akzc,training_40,"final_state,meanpool",cnn,512,0,128,,10,10,3,128,5767844,5000,30000,0.8694
ex_6tkfeani46kh,,tk_xiphf3uz63f8,training_11,final_state,boe,1024,5,50,,5,5,2,128,4517716,5000,30000,0.8602
ex_6tkfeani46kh,,tk_fpdudb1wp7s4,training_32,"attention,meanpool,maxpool",boe,64,0,300,,5,10,3,128,12815866,5000,30000,0.8332
ex_6tkfeani46kh,,tk_m96z7jsx6giz,training_37,"attention,meanpool,maxpool,final_state",cnn,512,5,128,,5,5,2,156,5238598,5000,30000,0.8564
ex_6tkfeani46kh,,tk_wtnptbtbomm1,training_38,"meanpool,final_state,attention,maxpool",lr,2048,0,50,,5,7,1,128,3525465,5000,30000,0.8752
ex_6tkfeani46kh,,tk_w6ei9j4vkouv,training_1,"final_state,meanpool,maxpool",boe,512,0,300,,10,7,2,512,19025946,5000,30000,0.8390000000000001
ex_6tkfeani46kh,,tk_h417rsn22tso,training_18,"meanpool,final_state,attention",boe,1024,2,300,,10,5,2,156,4378515,5000,30000,0.8514
ex_6tkfeani46kh,,tk_kndmmscizk3m,training_15,maxpool,cnn,2048,2,128,,1,5,2,128,1659-01-31T07:52:58.000Z,5000,30000,0.8658
ex_6tkfeani46kh,,tk_xxnwzctmucqc,training_43,"maxpool,final_state",lr,1024,0,50,,10,7,3,128,16391943,5000,30000,0.8764
ex_6tkfeani46kh,,tk_y2166tvbup4h,training_44,"final_state,maxpool,meanpool",cnn,1024,0,300,,10,5,2,156,18916982,5000,30000,0.8602
ex_6tkfeani46kh,,tk_aptuu9k5f6wi,training_7,"maxpool,attention",lr,2048,0,512,,10,10,3,512,18736377,5000,30000,0.8666
ex_6tkfeani46kh,,tk_dctpztj2e4sc,training_23,maxpool,lr,1024,0,128,,5,7,3,128,1588-11-06T07:52:58.000Z,5000,30000,0.8708
ex_6tkfeani46kh,,tk_2uoa5hxdlfal,training_0,attention,cnn,512,2,50,,1,5,2,128,3553-05-27T07:00:00.000Z,5000,30000,0.87
ex_6tkfeani46kh,,tk_elqwjyi20q1a,training_3,"final_state,maxpool,attention",cnn,128,2,50,,5,10,1,512,10862746,5000,30000,0.8612
ex_6tkfeani46kh,,tk_elqwjyi20q1a,training_3,"final_state,maxpool,attention",cnn,128,2,50,,5,10,1,512,10862746,5000,30000,0.8612
ex_6tkfeani46kh,,tk_5pxupdg18l1b,training_4,"attention,meanpool,maxpool",lr,64,0,128,,5,5,1,156,4508403,5000,30000,0.8756
ex_6tkfeani46kh,,tk_dd5vmencuh4j,training_6,"maxpool,attention,meanpool,final_state",boe,1024,5,512,,1,10,1,156,14188031,5000,30000,0.8612
ex_6tkfeani46kh,,tk_0stkrx625ze0,training_34,"maxpool,meanpool,final_state,attention",cnn,1024,2,128,,5,10,2,156,1915-06-20T08:00:00.000Z,5000,30000,0.8684
ex_6tkfeani46kh,,tk_oiiribco30o0,training_29,"attention,maxpool,meanpool",boe,1024,5,50,,1,10,3,512,12879558,5000,30000,0.8596
ex_6tkfeani46kh,,tk_2kkhdc1s7cav,training_35,attention,boe,1024,2,50,,1,7,1,512,14860951,5000,30000,0.8608
ex_6tkfeani46kh,,tk_30yypkxg7aan,training_45,"final_state,attention,meanpool",boe,128,0,300,,5,5,3,512,15658453,5000,30000,0.8254
ex_6tkfeani46kh,,tk_uwhl23kncbrg,training_49,attention,cnn,2048,5,128,,1,7,2,156,13579129,5000,30000,0.8624
ex_6tkfeani46kh,,tk_2p85vrztpo4b,training_5,"maxpool,final_state",lr,1024,0,300,,5,5,2,128,7634706,5000,30000,0.8736
ex_6tkfeani46kh,,tk_n36neoyhrce3,training_25,"maxpool,meanpool,attention",lr,64,0,300,,5,10,2,156,8502-04-25T07:00:00.000Z,5000,30000,0.8706
ex_6tkfeani46kh,,tk_kunqdq927d9o,training_8,final_state,cnn,64,5,128,,10,10,1,512,525624,5000,30000,0.8464
ex_6tkfeani46kh,,tk_erlh6tynsmfo,training_21,"maxpool,meanpool,final_state,attention",lstm,1024,5,128,,1,10,1,512,10777189,5000,30000,0.8674
ex_6tkfeani46kh,,tk_0ljw9tosu2p1,training_42,"final_state,meanpool",lstm,1024,2,512,,10,7,1,512,10811929,5000,30000,0.867
ex_6tkfeani46kh,,tk_6caqeuf9ufmf,training_41,"final_state,maxpool,meanpool,attention",lstm,1024,5,50,,10,10,1,128,8313-10-10T07:00:00.000Z,5000,30000,0.8706
ex_6tkfeani46kh,,tk_ya3bgbndac99,training_10,"final_state,meanpool,maxpool,attention",lr,512,0,300,,1,10,3,512,7947807,5000,30000,0.8706
ex_6tkfeani46kh,,tk_5dlc8yga2hv5,training_19,"meanpool,maxpool,attention,final_state",boe,64,0,512,,10,7,2,512,17339293,5000,30000,0.8418
ex_6tkfeani46kh,,tk_pq5siegj7yq4,training_14,"maxpool,attention,meanpool,final_state",lstm,512,2,128,,1,5,2,156,12475352,5000,30000,0.8722
ex_6tkfeani46kh,,tk_4tjim6h4q1mc,training_48,"final_state,maxpool",lstm,1024,5,50,,1,5,2,512,8379932,5000,30000,0.8618
ex_6tkfeani46kh,,tk_9b463m8g7bii,training_31,"meanpool,maxpool",boe,64,0,300,,1,5,1,156,3570832,5000,30000,0.8342
ex_6tkfeani46kh,,tk_8ys08y5udpei,training_30,final_state,lstm,2048,5,512,,1,5,2,128,10783647,5000,30000,0.86
ex_07t7zzaluvvv,,tk_v7y23o4tasvy,training_17,"attention,maxpool,final_state,meanpool",cnn,128,5,50,,5,7,1,156,4819-01-18T08:00:00.000Z,200,30000,0.8266
ex_07t7zzaluvvv,,tk_mi83zboim9o2,training_20,"maxpool,attention",cnn,1024,0,128,,10,5,3,128,3660-08-09T07:00:00.000Z,200,30000,0.81
ex_07t7zzaluvvv,,tk_wy35xswi3o4c,training_27,"maxpool,meanpool,final_state,attention",cnn,512,0,128,,10,5,1,156,9448627,200,30000,0.8306
ex_07t7zzaluvvv,,tk_hqustpsq1qw7,training_14,meanpool,boe,128,0,50,,10,10,1,128,10503016,200,30000,0.7626
ex_07t7zzaluvvv,,tk_6qcay9khi614,training_23,"attention,final_state,meanpool",lstm,128,2,512,,1,7,2,128,8546939,200,30000,0.8148
ex_07t7zzaluvvv,,tk_7ffxpdnly13m,training_25,"attention,final_state,meanpool",lstm,128,2,512,,1,7,2,128,17765547,200,30000,0.8246
ex_07t7zzaluvvv,,tk_ash5ii1410xi,training_19,"maxpool,meanpool",cnn,2048,5,300,,1,5,3,128,3725720,200,30000,0.8226
ex_07t7zzaluvvv,,tk_j9e94l9usg2i,training_40,"meanpool,attention,final_state",cnn,2048,0,128,,5,7,2,512,18087320,200,30000,0.8302
ex_07t7zzaluvvv,,tk_tn3gl2xhrjke,training_0,"maxpool,attention,final_state",lstm,64,2,50,,10,10,1,128,1689-03-04T07:52:58.000Z,200,30000,0.807
ex_07t7zzaluvvv,,tk_0vw637zd56oy,training_33,"maxpool,meanpool",cnn,512,5,512,,5,7,2,128,8839-06-05T07:00:00.000Z,200,30000,0.838
ex_07t7zzaluvvv,,tk_c0heb2tk2p0h,training_15,"maxpool,attention",cnn,512,2,512,,10,5,2,128,2839-09-27T07:00:00.000Z,200,30000,0.8208
ex_07t7zzaluvvv,,tk_drg847is57vk,training_44,"maxpool,meanpool,attention",boe,512,0,512,,10,7,1,128,7926555,200,30000,0.794
ex_07t7zzaluvvv,,tk_jsxxr8yji31i,training_10,attention,boe,64,2,50,,10,7,1,156,9144557,200,30000,0.7822
ex_07t7zzaluvvv,,tk_0sb03t0cu5eh,training_21,"maxpool,attention,meanpool",cnn,1024,5,512,,10,10,3,156,12019012,200,30000,0.8056
ex_07t7zzaluvvv,,tk_3us4yxilxoaq,training_3,meanpool,cnn,64,2,300,,10,5,1,128,6088-05-21T07:00:00.000Z,200,30000,0.8158
ex_07t7zzaluvvv,,tk_5rvf1veorv75,training_11,"attention,maxpool",cnn,2048,5,50,,1,5,3,128,15032722,200,30000,0.8186
ex_07t7zzaluvvv,,tk_6xqlu0ff4ior,training_18,"final_state,meanpool",cnn,128,0,128,,5,5,3,512,6769-08-21T07:00:00.000Z,200,30000,0.8274
ex_07t7zzaluvvv,,tk_glc46dm0xbcu,training_12,"maxpool,meanpool,attention,final_state",lstm,64,5,50,,5,5,1,156,19733889,200,30000,0.8258
ex_07t7zzaluvvv,,tk_n8p3gkee8npq,training_49,"meanpool,attention,final_state,maxpool",boe,64,5,512,,5,10,2,128,16979472,200,30000,0.8140000000000001
ex_07t7zzaluvvv,,tk_v3z4n0i5gcx7,training_31,"maxpool,meanpool,attention",cnn,128,2,50,,1,7,2,512,15127856,200,30000,0.8364
ex_07t7zzaluvvv,,tk_6454uuw3cqgp,training_2,final_state,boe,512,5,128,,10,7,2,128,12272577,200,30000,0.8066
ex_07t7zzaluvvv,,tk_8lprqu16o6ng,training_43,"meanpool,final_state,maxpool",lr,512,2,50,,10,10,1,128,3219-09-11T07:00:00.000Z,200,30000,0.8248
ex_07t7zzaluvvv,,tk_h4mwfpqfz43v,training_1,"final_state,meanpool",lr,512,2,512,,5,5,3,156,5290416,200,30000,0.8148
ex_07t7zzaluvvv,,tk_lwh2z0c4mdf8,training_41,"final_state,meanpool,maxpool,attention",lr,64,5,128,,10,5,2,156,10792372,200,30000,0.8248
ex_07t7zzaluvvv,,tk_mklnf9jub0ry,training_47,final_state,lr,512,2,512,,10,10,2,156,14726481,200,30000,0.8166
ex_07t7zzaluvvv,,tk_74r1x79cg38i,training_42,"maxpool,meanpool,attention",lr,2048,5,50,,10,10,2,128,617059,200,30000,0.8029999999999999
ex_07t7zzaluvvv,,tk_8k4d9yvp7i8d,training_48,"final_state,attention",lr,512,2,128,,5,5,3,156,8656-12-31T08:00:00.000Z,200,30000,0.8176
ex_07t7zzaluvvv,,tk_t349e074d0um,training_13,"meanpool,final_state",lstm,64,2,128,,5,10,1,156,12574237,200,30000,0.8204
ex_07t7zzaluvvv,,tk_3j60jkbimr0x,training_26,"attention,meanpool",boe,128,5,300,,10,10,3,512,17453805,200,30000,0.8232
ex_07t7zzaluvvv,,tk_nvmxcs0iub6c,training_22,meanpool,lstm,2048,2,50,,5,7,1,512,12307285,200,30000,0.816
ex_07t7zzaluvvv,,tk_r18yv9jyqdzc,training_32,"meanpool,maxpool,attention,final_state",lstm,512,0,50,,1,7,3,128,3393435,200,30000,0.8188
ex_07t7zzaluvvv,,tk_1l9i41ycq4dx,training_28,"final_state,attention",lstm,512,5,300,,1,7,3,128,8185706,200,30000,0.8282
ex_07t7zzaluvvv,,tk_8r8x0rjikx8n,training_30,"attention,maxpool",lstm,128,2,300,,1,7,3,512,17618834,200,30000,0.8182
ex_07t7zzaluvvv,,tk_ous97nj5gs25,training_34,"maxpool,meanpool,attention",cnn,2048,5,300,,10,7,1,512,15770090,200,30000,0.8172
ex_07t7zzaluvvv,,tk_u95myphmws0u,training_38,"maxpool,final_state,attention",lstm,1024,5,128,,1,10,2,156,3887-06-16T07:00:00.000Z,200,30000,0.8136
ex_07t7zzaluvvv,,tk_03m1hzfqbgp1,training_7,"meanpool,attention,final_state,maxpool",lr,512,2,512,,5,10,2,512,4462399,200,30000,0.8224
ex_07t7zzaluvvv,,tk_iqgszd72gxck,training_46,"attention,maxpool,final_state",boe,64,2,50,,1,5,2,512,16724716,200,30000,0.7752
ex_07t7zzaluvvv,,tk_edb60zbm4faq,training_4,"attention,meanpool",cnn,1024,5,512,,10,5,1,156,5296-11-02T07:00:00.000Z,200,30000,0.7964
ex_07t7zzaluvvv,,tk_s5odxsh4o8t1,training_35,"meanpool,final_state,maxpool,attention",boe,512,0,300,,1,5,3,128,16055985,200,30000,0.7642
ex_07t7zzaluvvv,,tk_81rkqurb8e16,training_6,"maxpool,final_state,meanpool",lr,2048,5,512,,5,10,3,128,5871866,200,30000,0.8216
ex_07t7zzaluvvv,,tk_vidyitkdnrqq,training_24,"maxpool,final_state,meanpool,attention",lr,64,0,128,,1,10,2,512,15635870,200,30000,0.821
ex_07t7zzaluvvv,,tk_a9omfhosi8t2,training_45,"meanpool,attention,maxpool,final_state",cnn,128,2,512,,1,10,3,128,4586723,200,30000,0.8262
ex_07t7zzaluvvv,,tk_0mcat85zdcz2,training_39,"final_state,maxpool",lr,1024,5,300,,5,10,3,128,10745049,200,30000,0.8104
ex_07t7zzaluvvv,,tk_nv6d14kpelu9,training_8,"attention,final_state,maxpool,meanpool",lr,512,2,128,,1,7,2,128,16618381,200,30000,0.804
ex_07t7zzaluvvv,,tk_0nds9fp574fl,training_5,"final_state,attention,maxpool,meanpool",lstm,2048,5,50,,1,5,3,156,617881,200,30000,0.8174
ex_07t7zzaluvvv,,tk_tcgoe473sz47,training_37,"maxpool,attention,meanpool",lstm,2048,2,512,,1,10,3,128,8446-10-03T07:00:00.000Z,200,30000,0.8188
ex_07t7zzaluvvv,,tk_jy3uuiuaroj9,training_36,maxpool,lstm,1024,5,512,,1,5,2,512,18721064,200,30000,0.8126
ex_07t7zzaluvvv,,tk_2b3et6yosg1c,training_29,"final_state,attention",cnn,1024,2,512,,5,10,3,512,4469873,200,30000,0.8254
ex_07t7zzaluvvv,,tk_vqs0k1pcm344,training_16,attention,cnn,1024,0,512,,5,5,2,512,7158-05-01T07:00:00.000Z,200,30000,0.8154
ex_07t7zzaluvvv,,tk_nn5x5e557k27,training_9,"attention,meanpool,maxpool",boe,128,0,50,,10,7,2,128,18254564,200,30000,0.7528
ex_przygmxu0r2u,,tk_i7rl9dqbjqlw,training_45,meanpool,lstm,2048,0,512,64.0,10,10,3,156,13583345,500,30000,0.501
ex_przygmxu0r2u,,tk_1b1agcxqy5cz,training_29,"final_state,maxpool,attention,meanpool",lr,64,5,300,64.0,10,10,2,512,5985-10-06T07:00:00.000Z,500,30000,0.8054
ex_przygmxu0r2u,,tk_cv3rm0eimted,training_37,attention,lr,2048,0,50,64.0,10,7,1,512,2697428,500,30000,0.8302
ex_przygmxu0r2u,,tk_y3hcb20z7fda,training_34,"final_state,meanpool",lr,2048,0,512,64.0,10,5,3,156,7119721,500,30000,0.8344
ex_przygmxu0r2u,,tk_61t2oiayrsv6,training_28,"maxpool,final_state,attention",boe,1024,5,512,64.0,1,7,3,512,4816584,500,30000,0.7792
ex_przygmxu0r2u,,tk_5lke1pnw9nim,training_36,"final_state,attention,meanpool",cnn,64,2,50,64.0,10,10,2,512,11329260,500,30000,0.8420000000000001
ex_przygmxu0r2u,,tk_ya1itltqgu96,training_15,maxpool,cnn,1024,0,512,64.0,1,10,2,128,2017-10-19T07:00:00.000Z,500,30000,0.8468
ex_przygmxu0r2u,,tk_dilj6h3c1yys,training_11,meanpool,cnn,1024,0,128,64.0,1,10,2,512,705503,500,30000,0.848
ex_przygmxu0r2u,,tk_ys8otpy4ljat,training_17,"final_state,meanpool,maxpool,attention",cnn,2048,2,512,64.0,5,7,2,156,19352724,500,30000,0.8434
ex_przygmxu0r2u,,tk_ojr7jiwmtyik,training_44,final_state,boe,64,5,50,64.0,5,7,3,128,1293-01-05T07:52:58.000Z,500,30000,0.8220000000000001
ex_przygmxu0r2u,,tk_wc1mg0dvggg3,training_12,attention,cnn,2048,0,512,64.0,5,5,3,156,11630993,500,30000,0.8292
ex_przygmxu0r2u,,tk_jwom0lde20s7,training_18,meanpool,boe,1024,5,128,64.0,1,7,1,512,16127920,500,30000,0.7686
ex_przygmxu0r2u,,tk_mwwdctyo6hz5,training_40,"final_state,attention,maxpool",lr,2048,0,128,64.0,5,7,2,156,1209-11-30T07:52:58.000Z,500,30000,0.8232
ex_przygmxu0r2u,,tk_z47gbnst339c,training_4,"attention,final_state",boe,1024,5,300,64.0,10,5,2,512,3524969,500,30000,0.8078
ex_przygmxu0r2u,,tk_lga1n814zitd,training_24,"final_state,attention",boe,512,5,50,64.0,5,7,1,128,11336886,500,30000,0.8184
ex_przygmxu0r2u,,tk_a8r50mmgk9ko,training_2,"attention,final_state",boe,512,2,50,64.0,10,7,1,128,19185661,500,30000,0.8290000000000001
ex_przygmxu0r2u,,tk_ov7oghpg34h5,training_32,attention,cnn,512,0,300,64.0,10,7,3,156,12132031,500,30000,0.8442
ex_przygmxu0r2u,,tk_e4zdbuurzsk2,training_5,"maxpool,final_state,attention,meanpool",boe,1024,2,50,64.0,10,7,2,128,6989-05-14T07:00:00.000Z,500,30000,0.8234
ex_przygmxu0r2u,,tk_q4klejajmx98,training_31,meanpool,boe,512,2,300,64.0,10,5,2,156,12438632,500,30000,0.8156
ex_przygmxu0r2u,,tk_3ufya0gsf4mf,training_1,meanpool,cnn,1024,5,300,64.0,10,5,3,128,6820-02-01T08:00:00.000Z,500,30000,0.8340000000000001
ex_przygmxu0r2u,,tk_58stxd8c4hgf,training_46,"meanpool,final_state",cnn,128,0,50,64.0,10,10,3,128,18902172,500,30000,0.8412
ex_przygmxu0r2u,,tk_bpqitbr994uj,training_39,"maxpool,final_state,meanpool,attention",cnn,512,0,50,64.0,5,5,3,156,8252-10-24T07:00:00.000Z,500,30000,0.8394
ex_przygmxu0r2u,,tk_o1fv9s9bdxhg,training_47,attention,lstm,64,0,300,64.0,1,10,1,128,4306551,500,30000,0.838
ex_przygmxu0r2u,,tk_pmiz6ojcyrno,training_22,final_state,cnn,2048,0,50,64.0,1,5,1,128,16065394,500,30000,0.8476
ex_przygmxu0r2u,,tk_xrn5z3uhpjia,training_19,"attention,maxpool",lstm,64,0,50,64.0,1,10,1,156,4273894,500,30000,0.8362
ex_przygmxu0r2u,,tk_d6fdz23e8ljp,training_33,maxpool,lr,64,5,300,64.0,10,5,2,512,7347-02-25T08:00:00.000Z,500,30000,0.8296
ex_przygmxu0r2u,,tk_gjt6qzdedi1x,training_13,final_state,boe,128,5,512,64.0,10,10,1,128,5427402,500,30000,0.815
ex_przygmxu0r2u,,tk_mal83dd86d8j,training_7,"meanpool,maxpool,attention",boe,1024,0,300,64.0,5,10,3,512,6168-01-10T08:00:00.000Z,500,30000,0.769
ex_przygmxu0r2u,,tk_s1a3ihlmr2k6,training_14,"maxpool,attention,final_state,meanpool",cnn,2048,5,512,64.0,1,10,3,156,12507933,500,30000,0.838
ex_przygmxu0r2u,,tk_xta92c0ttsx9,training_38,"final_state,meanpool,attention,maxpool",boe,64,0,512,64.0,1,5,3,128,3287-10-04T07:00:00.000Z,500,30000,0.716
ex_przygmxu0r2u,,tk_xta92c0ttsx9,training_38,"final_state,meanpool,attention,maxpool",boe,64,0,512,64.0,1,5,3,128,3287-10-04T07:00:00.000Z,500,30000,0.716
ex_przygmxu0r2u,,tk_4xwb0zjib0ej,training_21,"final_state,maxpool,meanpool,attention",cnn,1024,0,50,64.0,5,10,2,128,12627377,500,30000,0.8424
ex_przygmxu0r2u,,tk_3gdm6wibge9a,training_10,"final_state,maxpool,meanpool,attention",cnn,64,2,512,64.0,5,10,3,156,19777082,500,30000,0.8292
ex_przygmxu0r2u,,tk_d1u7czsudnju,training_27,"meanpool,final_state",cnn,128,5,512,64.0,1,5,1,156,19932297,500,30000,0.8438
ex_przygmxu0r2u,,tk_qhqr3dn4l7ux,training_9,"maxpool,meanpool,attention",cnn,512,0,512,64.0,1,10,2,156,507667,500,30000,0.8402
ex_przygmxu0r2u,,tk_0zq7hs4afmdi,training_35,"meanpool,final_state",cnn,128,0,128,64.0,1,10,2,512,9489914,500,30000,0.8466
ex_przygmxu0r2u,,tk_qrgyuy1lccpy,training_3,meanpool,cnn,128,2,128,64.0,1,10,3,512,16954843,500,30000,0.8398
ex_przygmxu0r2u,,tk_w9r4tllkoesg,training_41,"meanpool,final_state,maxpool",lr,1024,5,512,64.0,10,7,3,128,12106580,500,30000,0.8254
ex_przygmxu0r2u,,tk_auf8gqcpstc6,training_16,"final_state,meanpool,attention",lr,128,0,300,64.0,5,10,1,156,3727-05-20T07:00:00.000Z,500,30000,0.8366
ex_przygmxu0r2u,,tk_t5jp3inb6tjp,training_20,final_state,boe,2048,5,512,64.0,1,10,2,128,17289182,500,30000,0.8194
ex_przygmxu0r2u,,tk_wa8oo2jl8wss,training_23,"maxpool,final_state,meanpool",lstm,512,0,128,64.0,5,5,1,156,18695074,500,30000,0.8462
ex_przygmxu0r2u,,tk_q60fsuaym7pw,training_0,"meanpool,maxpool",cnn,512,2,300,64.0,10,10,1,156,15223164,500,30000,0.843
ex_przygmxu0r2u,,tk_3b3llmadw0qa,training_8,"attention,meanpool",boe,64,2,300,64.0,1,5,1,156,11294798,500,30000,0.7979999999999999
ex_przygmxu0r2u,,tk_7k2iwbhzr82w,training_25,"maxpool,meanpool,final_state,attention",lstm,64,0,300,64.0,10,7,3,512,13357638,500,30000,0.8484
ex_przygmxu0r2u,,tk_b6su222l5blv,training_42,"final_state,maxpool,meanpool",lstm,512,5,50,64.0,1,7,2,156,11168539,500,30000,0.8526
ex_przygmxu0r2u,,tk_0whhvjct1f35,training_30,"maxpool,meanpool,attention,final_state",boe,512,5,128,64.0,1,7,2,512,16590290,500,30000,0.7898
ex_przygmxu0r2u,,tk_ff3wxi6l6k40,training_43,final_state,lr,2048,2,50,64.0,1,10,1,128,6391-03-05T08:00:00.000Z,500,30000,0.8212
ex_przygmxu0r2u,,tk_bvh37tvolgji,training_48,"attention,final_state,meanpool,maxpool",lr,1024,2,512,64.0,1,5,3,512,2948631,500,30000,0.8262
ex_przygmxu0r2u,,tk_q6ymblc6835b,training_26,"attention,final_state,meanpool,maxpool",lstm,1024,5,128,64.0,1,7,3,128,11338313,500,30000,0.8444
ex_przygmxu0r2u,,tk_i7rl9dqbjqlw,training_45,meanpool,lstm,2048,0,512,64.0,10,10,3,156,13583345,500,30000,0.501
ex_o59kd3iou7hh,,tk_zlmollwo15yq,training_34,"final_state,meanpool,attention,maxpool",lr,2048,5,128,64.0,1,5,3,156,13183257,500,30000,0.8184
ex_o59kd3iou7hh,,tk_6ch4isobaysp,training_26,maxpool,lr,1024,0,512,64.0,10,7,2,156,9657640,500,30000,0.8314
ex_o59kd3iou7hh,,tk_yoi6318htofc,training_1,"final_state,attention",lstm,2048,0,128,64.0,10,10,3,128,8139784,500,30000,
ex_o59kd3iou7hh,,tk_esdohb53tvdx,training_44,"meanpool,final_state",lstm,2048,0,300,64.0,5,10,3,156,18582303,500,30000,0.8308
ex_o59kd3iou7hh,,tk_mye9357mkqic,training_2,final_state,cnn,2048,5,512,64.0,1,10,2,512,4280-03-09T08:00:00.000Z,500,30000,0.8514
ex_o59kd3iou7hh,,tk_upgnu0qq160j,training_21,"final_state,attention,meanpool,maxpool",cnn,1024,2,50,64.0,5,10,3,156,9412490,500,30000,0.8394
ex_o59kd3iou7hh,,tk_15xwa7rmaoo1,training_23,"meanpool,final_state,maxpool,attention",lstm,1024,5,300,64.0,1,5,3,512,8654-04-06T07:00:00.000Z,500,30000,0.857
ex_o59kd3iou7hh,,tk_w7xd1fytfwyj,training_9,"attention,meanpool",lstm,512,5,300,64.0,5,10,3,512,7827966,500,30000,0.8496
ex_o59kd3iou7hh,,tk_jabw6afp8fbp,training_8,final_state,lstm,512,5,512,64.0,10,5,1,156,6162-08-30T07:00:00.000Z,500,30000,0.833
ex_o59kd3iou7hh,,tk_m7uo3lbj1v2w,training_20,"maxpool,attention",boe,128,0,50,64.0,5,5,2,512,12641624,500,30000,0.718
ex_o59kd3iou7hh,,tk_ce1yxbdd0ob4,training_24,attention,boe,2048,0,512,64.0,5,10,3,128,1571-06-20T07:52:58.000Z,500,30000,0.7776
ex_o59kd3iou7hh,,tk_l6thqgl6gxw3,training_25,maxpool,boe,2048,2,128,64.0,5,10,2,156,6284706,500,30000,0.8298
ex_o59kd3iou7hh,,tk_t7zxbs8kgft0,training_45,"final_state,attention,maxpool",cnn,512,2,50,64.0,1,7,3,128,17429141,500,30000,0.8478
ex_o59kd3iou7hh,,tk_8mte551xwdrz,training_49,attention,cnn,128,5,512,64.0,5,10,2,512,14081977,500,30000,0.8356
ex_o59kd3iou7hh,,tk_6xl66papbizq,training_37,"meanpool,final_state,attention",lstm,64,5,50,64.0,1,10,1,128,2865686,500,30000,0.8378
ex_o59kd3iou7hh,,tk_85qzjqnresq3,training_5,meanpool,cnn,2048,2,300,64.0,5,7,2,128,16431702,500,30000,0.8420000000000001
ex_o59kd3iou7hh,,tk_1fzolq6lwx73,training_36,"meanpool,attention",lr,64,0,512,64.0,10,7,1,156,14896544,500,30000,0.8298
ex_o59kd3iou7hh,,tk_exgioc7r0jd2,training_38,"final_state,attention",lr,2048,0,50,64.0,5,10,2,156,10222895,500,30000,0.8268
ex_o59kd3iou7hh,,tk_fnb1tt023ksl,training_30,"attention,final_state,meanpool,maxpool",cnn,2048,2,50,64.0,10,7,1,512,7884382,500,30000,0.8446
ex_o59kd3iou7hh,,tk_v0pwxdfb1odr,training_42,"meanpool,maxpool,attention,final_state",cnn,64,2,50,64.0,5,10,2,512,11848041,500,30000,0.8416
ex_o59kd3iou7hh,,tk_k9tdssvnbov8,training_18,"meanpool,maxpool,final_state,attention",boe,128,0,128,64.0,5,10,1,512,10091367,500,30000,0.7566
ex_o59kd3iou7hh,,tk_r02qma99pl84,training_41,final_state,cnn,2048,2,512,64.0,1,10,3,128,13801144,500,30000,0.847
ex_o59kd3iou7hh,,tk_82hkj6n0xad8,training_39,"final_state,attention,maxpool",boe,512,5,512,64.0,10,10,3,128,13726219,500,30000,0.8218
ex_o59kd3iou7hh,,tk_cmy7fxirngv5,training_6,"maxpool,attention,meanpool",lstm,64,5,512,64.0,10,5,2,156,7925646,500,30000,0.8364
ex_o59kd3iou7hh,,tk_koihxf4qfbaz,training_43,maxpool,boe,64,5,50,64.0,5,10,1,156,17757540,500,30000,0.8198
ex_o59kd3iou7hh,,tk_boh2zgmprwaz,training_29,"final_state,maxpool",lr,512,0,300,64.0,5,7,3,128,9030-05-10T07:00:00.000Z,500,30000,0.8128
ex_o59kd3iou7hh,,tk_osjefnaiopx3,training_4,"meanpool,final_state,maxpool",lr,64,0,300,64.0,5,5,3,156,3905909,500,30000,0.8196
ex_o59kd3iou7hh,,tk_kv310smkc3i3,training_17,"final_state,attention,maxpool",cnn,512,0,128,64.0,5,7,3,128,1726723,500,30000,0.8434
ex_o59kd3iou7hh,,tk_1idu3xuzz33y,training_33,"maxpool,final_state",lstm,64,5,512,64.0,5,10,1,156,5325779,500,30000,0.8448
ex_o59kd3iou7hh,,tk_uby7ueqnfnf4,training_14,"maxpool,attention",lstm,64,0,300,64.0,5,5,3,156,432683,500,30000,0.8394
ex_o59kd3iou7hh,,tk_8d2jnlzs7s65,training_0,"attention,meanpool,maxpool,final_state",lr,2048,2,300,64.0,10,7,2,156,15636130,500,30000,0.8302
ex_o59kd3iou7hh,,tk_watedbx57sbm,training_7,"final_state,meanpool,maxpool",lstm,64,2,300,64.0,10,7,3,156,15164577,500,30000,0.8488
ex_o59kd3iou7hh,,tk_xu4j9qh4zyi0,training_27,"attention,final_state,maxpool",lr,1024,0,128,64.0,5,10,2,512,17249057,500,30000,0.8274
ex_o59kd3iou7hh,,tk_yi3r5ooxeo21,training_3,"meanpool,attention,final_state,maxpool",lstm,512,2,50,64.0,10,5,2,128,10806964,500,30000,0.8462
ex_o59kd3iou7hh,,tk_hmj3w3xj0045,training_46,attention,lstm,64,0,50,64.0,5,10,2,512,10735301,500,30000,0.8358
ex_o59kd3iou7hh,,tk_ny6n5i6aji5g,training_22,attention,lr,128,0,300,64.0,5,7,1,512,2787517,500,30000,0.8262
ex_o59kd3iou7hh,,tk_k8pl9iqk95wb,training_11,"maxpool,meanpool",boe,64,5,300,64.0,1,10,3,156,1050-05-27T07:52:58.000Z,500,30000,0.8172
ex_o59kd3iou7hh,,tk_hrpeo6tntn4l,training_48,"attention,maxpool",lr,64,2,128,64.0,10,10,3,156,11959799,500,30000,0.8402
ex_o59kd3iou7hh,,tk_oty6ljkoxgq6,training_13,"meanpool,final_state,attention",boe,1024,2,128,64.0,1,7,3,128,4551370,500,30000,0.8134
ex_o59kd3iou7hh,,tk_kvje69ivh6r9,training_40,"attention,final_state",lstm,64,5,300,64.0,1,5,2,128,2344724,500,30000,0.8420000000000001
ex_o59kd3iou7hh,,tk_w7s9gkl1qvhw,training_16,"final_state,attention",boe,128,2,300,64.0,1,10,1,512,872994,500,30000,0.8102
ex_o59kd3iou7hh,,tk_flasupjyxqyh,training_47,"final_state,meanpool,attention",boe,64,2,128,64.0,1,10,3,156,16418234,500,30000,0.7932
ex_o59kd3iou7hh,,tk_j7ervn5m0u99,training_35,"maxpool,attention",lr,2048,2,128,64.0,1,5,2,128,2277901,500,30000,0.8186
ex_o59kd3iou7hh,,tk_0avho8har55k,training_12,"maxpool,final_state,meanpool,attention",lstm,128,2,300,64.0,1,5,2,512,9149-02-07T08:00:00.000Z,500,30000,0.847
ex_o59kd3iou7hh,,tk_i41217lda0sg,training_32,attention,lr,2048,2,300,64.0,10,5,1,128,12474784,500,30000,0.8352
ex_o59kd3iou7hh,,tk_62prejmcyohp,training_10,maxpool,boe,2048,0,512,64.0,10,5,2,128,19250978,500,30000,0.7838
ex_o59kd3iou7hh,,tk_9vttesadz87i,training_15,"attention,meanpool,maxpool",lr,2048,0,300,64.0,10,7,3,156,18497341,500,30000,0.8192
ex_o59kd3iou7hh,,tk_i012l1st5u9m,training_31,"final_state,maxpool",cnn,2048,5,512,64.0,1,5,3,512,7775403,500,30000,0.8406
ex_o59kd3iou7hh,,tk_the16jm03x9r,training_28,final_state,lr,1024,2,50,64.0,1,10,1,128,17589324,500,30000,0.8158
ex_o59kd3iou7hh,,tk_xbrnlnrgep3w,training_19,"meanpool,final_state,attention",lstm,2048,0,512,64.0,10,7,3,156,3163798,500,30000,0.8186
ex_zpx5p1me85qu,,tk_wlijhecz6l8s,training_3,final_state,lstm,64,2,128,,5,10,2,512,11537722,2500,30000,0.8418
ex_zpx5p1me85qu,,tk_yfcfav5md7f6,training_27,"meanpool,attention,maxpool,final_state",boe,1024,5,300,,5,10,3,512,2952-07-05T07:00:00.000Z,2500,30000,0.8528
ex_zpx5p1me85qu,,tk_jxeeul9afoct,training_2,maxpool,cnn,2048,2,300,,1,7,1,512,2129-08-10T07:00:00.000Z,2500,30000,0.851
ex_zpx5p1me85qu,,tk_5gnqo83jy1pa,training_44,"maxpool,attention,final_state",lstm,512,5,300,,10,10,2,156,12548845,2500,30000,0.8444
ex_zpx5p1me85qu,,tk_88tp1p723xyk,training_31,final_state,boe,2048,5,50,,1,7,3,156,7145540,2500,30000,0.8592
ex_zpx5p1me85qu,,tk_t9mvn2qn98nu,training_39,"maxpool,final_state,meanpool,attention",lr,1024,2,128,,1,10,2,156,16071169,2500,30000,0.8608
ex_zpx5p1me85qu,,tk_vmneovn3b1qc,training_10,"attention,meanpool,final_state",lr,512,2,512,,5,10,3,512,14436735,2500,30000,0.8576
ex_zpx5p1me85qu,,tk_row6felp07df,training_14,"meanpool,attention,final_state",boe,512,0,512,,5,5,1,128,7492873,2500,30000,0.8226
ex_zpx5p1me85qu,,tk_1d6h5h6cya1y,training_21,meanpool,cnn,128,0,128,,1,10,2,512,4043986,2500,30000,0.8548
ex_zpx5p1me85qu,,tk_4mezefum383m,training_35,"attention,meanpool,final_state,maxpool",cnn,2048,5,128,,5,5,2,512,6691767,2500,30000,0.8632
ex_zpx5p1me85qu,,tk_d01qlxt22w82,training_41,"final_state,meanpool,attention,maxpool",boe,1024,5,50,,1,7,3,156,2154402,2500,30000,0.8446
ex_zpx5p1me85qu,,tk_meg060isgc2j,training_1,"meanpool,maxpool,attention",cnn,2048,2,50,,1,7,3,128,4122-01-03T08:00:00.000Z,2500,30000,0.8574
ex_zpx5p1me85qu,,tk_dax3qxjry6bd,training_40,"maxpool,final_state,meanpool,attention",lr,2048,2,300,,10,10,2,128,13574761,2500,30000,0.8672
ex_zpx5p1me85qu,,tk_trj758iqk05j,training_25,maxpool,lstm,128,2,300,,1,5,1,512,6622775,2500,30000,0.8532
ex_zpx5p1me85qu,,tk_ocy0g9qjiysy,training_12,"final_state,meanpool,maxpool",lstm,64,5,512,,5,7,1,156,19969488,2500,30000,0.855
ex_zpx5p1me85qu,,tk_1siyzd7aeifg,training_24,"meanpool,final_state,maxpool",lr,1024,2,128,,5,10,3,128,17118374,2500,30000,0.8586
ex_zpx5p1me85qu,,tk_hutdatk1giuf,training_26,"final_state,maxpool,attention,meanpool",lstm,64,0,300,,1,10,1,512,2626758,2500,30000,0.856
ex_zpx5p1me85qu,,tk_zrjndx1zq9l9,training_0,"maxpool,meanpool,attention",cnn,64,2,50,,10,10,3,156,13131984,2500,30000,0.853
ex_zpx5p1me85qu,,tk_9hxhf5re8q44,training_11,"attention,final_state",lr,2048,2,128,,10,10,3,128,4230-04-10T07:00:00.000Z,2500,30000,0.8656
ex_zpx5p1me85qu,,tk_cfvh7ubk7ng4,training_38,"final_state,attention",lr,512,2,300,,10,10,2,128,8033983,2500,30000,0.8646
ex_zpx5p1me85qu,,tk_m2z1e879znm1,training_7,maxpool,lr,512,2,50,,5,10,2,128,16522052,2500,30000,0.8608
ex_zpx5p1me85qu,,tk_2isy4brqtp8t,training_34,maxpool,boe,128,2,128,,10,10,1,512,3181701,2500,30000,0.8468
ex_zpx5p1me85qu,,tk_wpgdhn4d2gab,training_49,"meanpool,final_state,attention",boe,128,2,512,,5,5,2,156,16571326,2500,30000,0.847
ex_zpx5p1me85qu,,tk_za67aqy5nlf0,training_46,"meanpool,maxpool,final_state,attention",boe,512,2,50,,5,7,1,156,8493660,2500,30000,0.8502
ex_zpx5p1me85qu,,tk_7yckippdtt3s,training_5,"final_state,maxpool,attention,meanpool",cnn,1024,2,300,,10,5,2,128,14661833,2500,30000,0.857
ex_zpx5p1me85qu,,tk_9lrvpctu9f5z,training_6,"final_state,meanpool,maxpool,attention",cnn,512,0,512,,10,5,1,512,6202-01-09T08:00:00.000Z,2500,30000,0.8558
ex_zpx5p1me85qu,,tk_bvuh67ne2p0z,training_37,"meanpool,maxpool,final_state,attention",boe,128,0,512,,10,10,2,512,562031,2500,30000,0.8308
ex_zpx5p1me85qu,,tk_4jetdf36b80u,training_42,"attention,final_state,meanpool",cnn,64,0,50,,1,5,1,156,16944212,2500,30000,0.8592
ex_zpx5p1me85qu,,tk_mq2vt68g4hux,training_18,"attention,meanpool,final_state",cnn,2048,5,128,,1,5,3,512,18281233,2500,30000,0.855
ex_zpx5p1me85qu,,tk_redg8qrwg2wm,training_29,"attention,final_state",boe,64,0,128,,1,7,2,156,16261510,2500,30000,0.7864
ex_zpx5p1me85qu,,tk_4mezefum383m,training_35,"attention,meanpool,final_state,maxpool",cnn,2048,5,128,,5,5,2,512,6691767,2500,30000,0.8632
ex_zpx5p1me85qu,,tk_zrjndx1zq9l9,training_0,"maxpool,meanpool,attention",cnn,64,2,50,,10,10,3,156,13131984,2500,30000,0.853
ex_zpx5p1me85qu,,tk_9hxhf5re8q44,training_11,"attention,final_state",lr,2048,2,128,,10,10,3,128,4230-04-10T07:00:00.000Z,2500,30000,0.8656
ex_zpx5p1me85qu,,tk_5gnqo83jy1pa,training_44,"maxpool,attention,final_state",lstm,512,5,300,,10,10,2,156,12548845,2500,30000,0.8444
ex_zpx5p1me85qu,,tk_dax3qxjry6bd,training_40,"maxpool,final_state,meanpool,attention",lr,2048,2,300,,10,10,2,128,13574761,2500,30000,0.8672
ex_zpx5p1me85qu,,tk_m2z1e879znm1,training_7,maxpool,lr,512,2,50,,5,10,2,128,16522052,2500,30000,0.8608
ex_zpx5p1me85qu,,tk_wlijhecz6l8s,training_3,final_state,lstm,64,2,128,,5,10,2,512,11537722,2500,30000,0.8418
ex_zpx5p1me85qu,,tk_d01qlxt22w82,training_41,"final_state,meanpool,attention,maxpool",boe,1024,5,50,,1,7,3,156,2154402,2500,30000,0.8446
ex_zpx5p1me85qu,,tk_1siyzd7aeifg,training_24,"meanpool,final_state,maxpool",lr,1024,2,128,,5,10,3,128,17118374,2500,30000,0.8586
ex_zpx5p1me85qu,,tk_row6felp07df,training_14,"meanpool,attention,final_state",boe,512,0,512,,5,5,1,128,7492873,2500,30000,0.8226
ex_zpx5p1me85qu,,tk_meg060isgc2j,training_1,"meanpool,maxpool,attention",cnn,2048,2,50,,1,7,3,128,4122-01-03T08:00:00.000Z,2500,30000,0.8574
ex_zpx5p1me85qu,,tk_88tp1p723xyk,training_31,final_state,boe,2048,5,50,,1,7,3,156,7145540,2500,30000,0.8592
ex_zpx5p1me85qu,,tk_cfvh7ubk7ng4,training_38,"final_state,attention",lr,512,2,300,,10,10,2,128,8033983,2500,30000,0.8646
ex_zpx5p1me85qu,,tk_ni0e2l7bn0jd,training_23,"attention,final_state,maxpool",cnn,512,0,512,,10,5,2,512,1624693,2500,30000,0.8552
ex_zpx5p1me85qu,,tk_fvejazlg05si,training_13,attention,boe,128,0,512,,1,10,3,512,11379267,2500,30000,0.8228
ex_zpx5p1me85qu,,tk_qauk8catr79t,training_20,"attention,maxpool,meanpool",cnn,512,5,300,,1,7,2,512,2264-06-24T07:00:00.000Z,2500,30000,0.8572
ex_zpx5p1me85qu,,tk_n32wz7ymqpxa,training_36,maxpool,lstm,2048,0,512,,5,5,2,128,2280716,2500,30000,0.8586
ex_zpx5p1me85qu,,tk_9ob803zhllqe,training_17,attention,lstm,2048,0,512,,5,7,1,156,9885-12-07T08:00:00.000Z,2500,30000,0.8324
ex_zpx5p1me85qu,,tk_ffrbnahp18dw,training_15,"final_state,meanpool,attention",lstm,64,0,50,,10,10,2,128,3571898,2500,30000,0.8576
ex_zpx5p1me85qu,,tk_96afm6mj9oo1,training_9,"meanpool,attention,final_state",lstm,1024,5,50,,5,10,3,128,1878-11-10T07:52:58.000Z,2500,30000,0.8556
ex_m366e226ntg8,,tk_ogli7q8ftnbu,training_19,"attention,final_state,meanpool,maxpool",cnn,2048,5,300,,1,10,1,512,16626098,2500,30000,0.855
ex_m366e226ntg8,,tk_105lw2ix7xcc,training_12,"attention,final_state",boe,512,2,50,,10,10,1,156,3355-08-31T07:00:00.000Z,2500,30000,0.8444
ex_m366e226ntg8,,tk_9bz15fkpzcd0,training_41,maxpool,boe,128,5,128,,5,5,3,128,17489122,2500,30000,0.8420000000000001
ex_m366e226ntg8,,tk_7fmrlvjq3wpd,training_38,"maxpool,meanpool,final_state",cnn,1024,0,50,,5,10,1,128,18276695,2500,30000,0.8508
ex_m366e226ntg8,,tk_15b1catadmmy,training_21,"meanpool,maxpool,final_state,attention",cnn,512,5,50,,5,7,2,156,16204320,2500,30000,0.8402
ex_m366e226ntg8,,tk_u5qze7ba5wvz,training_28,maxpool,lr,2048,5,512,,10,5,3,512,8029537,2500,30000,0.857
ex_m366e226ntg8,,tk_h4n4hjdj4wpy,training_5,"maxpool,meanpool,attention",cnn,2048,0,50,,10,5,1,512,18712169,2500,30000,0.8578
ex_m366e226ntg8,,tk_qvwi0jsbphdb,training_48,"maxpool,final_state",lstm,64,5,128,,1,5,1,512,1965-10-03T07:00:00.000Z,2500,30000,0.8614
ex_m366e226ntg8,,tk_4tpc3sqn6nfs,training_35,"attention,meanpool,final_state",lstm,128,5,300,,10,5,2,512,2371-07-06T07:00:00.000Z,2500,30000,0.865
ex_m366e226ntg8,,tk_lt2aquaeve7o,training_25,"final_state,attention",lstm,128,2,50,,1,7,1,128,18521425,2500,30000,0.8646
ex_m366e226ntg8,,tk_n9j36enb2yk0,training_42,"meanpool,maxpool,final_state,attention",cnn,64,0,50,,10,5,1,512,6454588,2500,30000,0.8502
ex_m366e226ntg8,,tk_51hgalpgn3v4,training_10,"attention,meanpool,maxpool,final_state",cnn,1024,0,50,,1,5,1,512,5648487,2500,30000,0.8506
ex_m366e226ntg8,,tk_f16gjkpvsx4k,training_6,attention,cnn,1024,2,512,,1,5,2,156,12328850,2500,30000,0.8540000000000001
ex_m366e226ntg8,,tk_aah28kb0tec6,training_34,"final_state,attention,meanpool",lr,1024,5,300,,10,7,1,128,1408832,2500,30000,0.8552
ex_m366e226ntg8,,tk_mlng09f3jjwe,training_14,"meanpool,final_state",lr,512,0,512,,10,10,2,512,16482945,2500,30000,0.8666
ex_m366e226ntg8,,tk_i5se790flld9,training_11,"meanpool,final_state,maxpool",boe,1024,0,128,,10,10,1,128,7564-04-20T07:00:00.000Z,2500,30000,0.8192
ex_m366e226ntg8,,tk_u9cdd95rd7s1,training_9,"meanpool,attention,final_state,maxpool",lr,2048,5,50,,10,7,2,156,12057844,2500,30000,0.862
ex_m366e226ntg8,,tk_ra9u9838v861,training_45,"maxpool,final_state,meanpool,attention",boe,128,2,128,,10,10,2,128,14423384,2500,30000,0.8566
ex_m366e226ntg8,,tk_p11imaesanvi,training_17,"meanpool,maxpool,final_state,attention",cnn,2048,5,300,,1,5,2,512,208548,2500,30000,0.852
ex_m366e226ntg8,,tk_22mqigb6evhf,training_26,meanpool,boe,2048,5,128,,1,7,3,128,1786-12-25T07:52:58.000Z,2500,30000,0.85
ex_m366e226ntg8,,tk_cycg1xfyzhze,training_15,"meanpool,final_state,maxpool",lr,512,5,50,,5,5,2,512,1801398,2500,30000,0.8618
ex_m366e226ntg8,,tk_tyi8p36likoj,training_23,"attention,meanpool",cnn,1024,2,300,,1,10,3,128,13651246,2500,30000,0.8548
ex_m366e226ntg8,,tk_x2gocdj9lcfo,training_49,meanpool,boe,128,5,50,,1,5,1,156,786639,2500,30000,0.8502
ex_m366e226ntg8,,tk_iyqxcax9l2g2,training_2,"attention,final_state",lr,512,2,300,,1,5,3,156,17423184,2500,30000,0.8602
ex_m366e226ntg8,,tk_16p3asa9bnl0,training_22,final_state,cnn,2048,0,128,,10,5,2,128,1124-03-24T07:52:58.000Z,2500,30000,0.8578
ex_m366e226ntg8,,tk_4ufbx9d8h9e3,training_43,"maxpool,meanpool",cnn,1024,2,512,,5,10,3,512,2715974,2500,30000,0.8566
ex_m366e226ntg8,,tk_1f43wuekkaji,training_32,"final_state,attention,maxpool",boe,512,2,300,,5,10,3,128,11367548,2500,30000,0.852
ex_m366e226ntg8,,tk_abqskqg5sa69,training_20,"maxpool,meanpool,final_state,attention",lstm,64,5,128,,1,10,2,512,13159013,2500,30000,0.8606
ex_m366e226ntg8,,tk_8ytjy5iznrru,training_0,meanpool,lr,2048,2,512,,1,7,2,128,5564683,2500,30000,0.8704
ex_m366e226ntg8,,tk_wpoubnqz49yw,training_13,"meanpool,final_state",cnn,64,2,300,,5,10,1,156,15903365,2500,30000,0.857
ex_m366e226ntg8,,tk_kg47ipgijj9r,training_24,maxpool,boe,512,2,512,,10,7,3,128,10111284,2500,30000,0.8522
ex_m366e226ntg8,,tk_hr09vj3g25sk,training_8,"attention,final_state,maxpool",lstm,128,2,512,,1,10,3,512,10074608,2500,30000,0.8702
ex_m366e226ntg8,,tk_jw861klevq6n,training_44,"meanpool,attention",boe,512,2,512,,10,5,3,156,8339892,2500,30000,0.843
ex_m366e226ntg8,,tk_hi65e29zxoop,training_30,meanpool,boe,64,0,512,,1,5,2,128,4975-04-19T07:00:00.000Z,2500,30000,0.8162
ex_m366e226ntg8,,tk_kljhjitmrhs6,training_18,meanpool,cnn,2048,2,512,,1,7,3,512,10624538,2500,30000,0.8596
ex_m366e226ntg8,,tk_k0e3ide35zol,training_37,meanpool,lstm,2048,2,128,,5,10,1,128,18259927,2500,30000,0.848
ex_m366e226ntg8,,tk_j24526yu2h09,training_27,"maxpool,final_state,meanpool,attention",lstm,2048,2,128,,1,5,2,128,17288662,2500,30000,0.8658
ex_m366e226ntg8,,tk_v0gge0mknbhk,training_39,"meanpool,final_state,attention",lstm,128,2,128,,1,5,1,512,3176498,2500,30000,0.8572
ex_m366e226ntg8,,tk_e22uq7mgc36i,training_4,"final_state,meanpool",cnn,2048,0,50,,10,10,2,156,17652052,2500,30000,0.8536
ex_m366e226ntg8,,tk_avvfm6gfzzev,training_16,meanpool,lstm,64,0,300,,1,5,3,128,13052346,2500,30000,0.8586
ex_m366e226ntg8,,tk_ag1ka7r9dr9y,training_3,"meanpool,maxpool",cnn,512,0,512,,1,7,1,156,5228880,2500,30000,0.8504
ex_m366e226ntg8,,tk_q8li8x6fhm6a,training_29,"final_state,attention",lstm,64,2,50,,1,5,2,512,2022-05-13T07:00:00.000Z,2500,30000,0.8604
ex_m366e226ntg8,,tk_f1sepu1hmr50,training_33,"attention,meanpool,final_state",cnn,128,2,128,,1,7,3,156,2482516,2500,30000,0.8582
ex_m366e226ntg8,,tk_i1ef7w9rtwq9,training_46,"meanpool,attention,maxpool,final_state",boe,64,2,50,,1,5,3,156,9042570,2500,30000,0.8502
ex_m366e226ntg8,,tk_modk5vxgtlrk,training_1,"meanpool,maxpool",lr,2048,2,50,,10,5,1,156,6036833,2500,30000,0.8642
ex_m366e226ntg8,,tk_rub3phcn9u4k,training_47,final_state,lr,1024,2,300,,10,10,1,128,1513-11-17T07:52:58.000Z,2500,30000,0.8562
ex_m366e226ntg8,,tk_di44g9fwti7f,training_7,"final_state,maxpool,attention",boe,2048,0,512,,10,10,2,512,8813712,2500,30000,0.8332
ex_m366e226ntg8,,tk_z3c2bx5oc7k1,training_36,"meanpool,maxpool,attention",lstm,1024,5,512,,1,10,3,156,3115769,2500,30000,0.8576
ex_m366e226ntg8,,tk_4dwoxjjt6bi4,training_31,attention,lr,2048,5,128,,5,10,2,128,7655-08-09T07:00:00.000Z,2500,30000,0.8604
ex_m366e226ntg8,,tk_e563knqbs85a,training_40,attention,lr,1024,5,300,,10,5,1,156,19868286,2500,30000,0.8626
ex_ddecaahnt78c,,tk_2718clqdfi1o,training_17,"meanpool,attention,maxpool",cnn,2048,0,128,,5,7,3,128,4230793,10000,30000,0.867
ex_ddecaahnt78c,,tk_mj9jsx4n0sk5,training_26,maxpool,boe,64,5,300,,10,5,2,156,2563-05-19T07:00:00.000Z,10000,30000,0.8456
ex_ddecaahnt78c,,tk_i65zboehrry2,training_30,meanpool,cnn,512,5,50,,5,7,2,156,19071296,10000,30000,0.857
ex_ddecaahnt78c,,tk_glski3qymejt,training_41,"final_state,attention",lr,2048,2,128,,10,7,3,156,10578333,10000,30000,0.8796
ex_ddecaahnt78c,,tk_eitxi4aob9no,training_5,attention,lr,2048,5,300,,10,10,2,512,6700631,10000,30000,0.8752
ex_ddecaahnt78c,,tk_jeqfmvurhox5,training_32,"maxpool,final_state,meanpool",boe,512,5,300,,1,5,3,156,18423851,10000,30000,0.8678
ex_ddecaahnt78c,,tk_s1zjsrfio0eu,training_37,"attention,maxpool",boe,2048,0,128,,5,7,1,156,3303-09-14T07:00:00.000Z,10000,30000,0.8428
ex_ddecaahnt78c,,tk_5xp8z7ypk7yf,training_45,maxpool,boe,128,2,512,,10,5,2,128,14693827,10000,30000,0.856
ex_ddecaahnt78c,,tk_8vmlc0hzqmqb,training_24,"meanpool,final_state,attention,maxpool",cnn,1024,2,50,,5,5,2,156,12255394,10000,30000,0.8694
ex_ddecaahnt78c,,tk_clkm9kr5lsnb,training_43,"final_state,meanpool,maxpool,attention",cnn,512,2,128,,10,5,2,512,5953402,10000,30000,0.8718
ex_ddecaahnt78c,,tk_qayladp2w31f,training_49,"attention,final_state,maxpool",lr,64,0,50,,5,7,1,512,13951876,10000,30000,0.877
ex_ddecaahnt78c,,tk_tk12nm9as4fc,training_15,final_state,cnn,128,0,128,,1,5,1,128,16455655,10000,30000,0.8684
ex_ddecaahnt78c,,tk_vk65hyoeo2wg,training_13,"meanpool,attention,maxpool,final_state",lr,64,0,128,,10,7,3,156,10748781,10000,30000,0.877
ex_ddecaahnt78c,,tk_kewsbedth934,training_47,"attention,final_state,maxpool,meanpool",boe,2048,0,50,,1,10,3,156,1019-05-08T07:52:58.000Z,10000,30000,0.8324
ex_ddecaahnt78c,,tk_eudq45kelh9h,training_8,"attention,maxpool,meanpool",boe,2048,2,128,,5,5,2,128,3274-09-10T07:00:00.000Z,10000,30000,0.8562
ex_ddecaahnt78c,,tk_fyp6fao8v9lt,training_21,"meanpool,final_state,maxpool",boe,1024,2,512,,5,5,3,156,10303240,10000,30000,0.8496
ex_ddecaahnt78c,,tk_54f0ldk7yuoe,training_18,"attention,final_state,maxpool",boe,2048,5,128,,10,7,2,156,3467526,10000,30000,0.8568
ex_ddecaahnt78c,,tk_n2ipnuhfz3ud,training_31,maxpool,lr,1024,2,50,,10,5,1,156,16000968,10000,30000,0.8686
ex_ddecaahnt78c,,tk_02jixu285tii,training_38,"meanpool,maxpool,final_state,attention",boe,128,2,512,,5,10,3,512,9498683,10000,30000,0.853
ex_ddecaahnt78c,,tk_bh70cobmmvtp,training_23,"meanpool,attention,maxpool,final_state",lr,512,0,128,,10,10,3,128,6409596,10000,30000,0.8762
ex_ddecaahnt78c,,tk_mve7fuuhc0ys,training_29,"final_state,maxpool",lr,512,2,512,,10,10,3,512,8595822,10000,30000,0.8726
ex_ddecaahnt78c,,tk_vo1cp3z1ken8,training_7,"attention,maxpool",cnn,64,0,50,,1,5,3,512,227167,10000,30000,0.8744
ex_ddecaahnt78c,,tk_hcs50g087g8k,training_34,meanpool,lstm,512,0,128,,10,5,3,156,14973343,10000,30000,0.8488
ex_ddecaahnt78c,,tk_jzl198id08iw,training_14,"meanpool,maxpool,final_state,attention",cnn,128,5,50,,10,7,2,512,569386,10000,30000,0.8682
ex_ddecaahnt78c,,tk_ghfjk1f5eazo,training_22,"final_state,meanpool,maxpool,attention",lr,128,2,512,,1,5,2,128,17058911,10000,30000,0.875
ex_ddecaahnt78c,,tk_5hodszz75kya,training_1,"maxpool,final_state,meanpool",cnn,1024,2,300,,5,5,1,128,1500-04-22T07:52:58.000Z,10000,30000,0.8692
ex_ddecaahnt78c,,tk_dq07erjnbno5,training_42,"maxpool,meanpool,final_state,attention",boe,2048,0,128,,5,10,1,512,13964252,10000,30000,0.8372
ex_ddecaahnt78c,,tk_ya802vcp1jfa,training_10,"final_state,maxpool,meanpool,attention",cnn,64,2,128,,5,7,1,128,12348481,10000,30000,0.8686
ex_ddecaahnt78c,,tk_a31q074iwlvd,training_6,"attention,final_state,meanpool,maxpool",lr,512,5,300,,10,5,2,156,1286-08-19T07:52:58.000Z,10000,30000,0.8746
ex_ddecaahnt78c,,tk_ls3l4r3glbyz,training_16,"maxpool,meanpool",cnn,64,5,512,,5,7,2,156,15039276,10000,30000,0.8652
ex_ddecaahnt78c,,tk_mj9jsx4n0sk5,training_26,maxpool,boe,64,5,300,,10,5,2,156,2563-05-19T07:00:00.000Z,10000,30000,0.8456
ex_ddecaahnt78c,,tk_nwbyyr65zscp,training_28,maxpool,cnn,2048,0,300,,5,10,1,128,2986946,10000,30000,0.8682
ex_ddecaahnt78c,,tk_tdrf0ej29z0f,training_2,"maxpool,attention,meanpool",cnn,2048,2,128,,10,7,1,512,14085485,10000,30000,0.8686
ex_ddecaahnt78c,,tk_5rn4tx2laxti,training_4,"final_state,meanpool",boe,1024,5,50,,1,10,2,128,17559143,10000,30000,0.8608
ex_ddecaahnt78c,,tk_kl0zymta28xn,training_39,"meanpool,maxpool,attention,final_state",boe,128,2,128,,1,5,3,156,3952902,10000,30000,0.8634
ex_ddecaahnt78c,,tk_crlcuh920w7r,training_48,maxpool,cnn,512,0,300,,10,10,3,128,10123330,10000,30000,0.8682
ex_ddecaahnt78c,,tk_dqavn8bfphwx,training_36,"final_state,meanpool,attention,maxpool",cnn,1024,5,512,,10,5,2,512,17461728,10000,30000,0.8692
ex_ddecaahnt78c,,tk_7h2j7s3v2ot4,training_44,"meanpool,final_state",lr,128,5,300,,10,7,3,156,3417548,10000,30000,0.8708
ex_ddecaahnt78c,,tk_5y0bt2v3ywm0,training_11,"attention,maxpool",cnn,2048,2,512,,1,10,2,128,6934428,10000,30000,0.8652
ex_ddecaahnt78c,,tk_lxpia6k35npg,training_25,"maxpool,meanpool",cnn,512,0,512,,5,10,2,156,18342611,10000,30000,0.8702
ex_ddecaahnt78c,,tk_7h38vbrp3ze1,training_12,meanpool,lstm,64,5,50,,5,5,1,512,1968500,10000,30000,0.8688
ex_ddecaahnt78c,,tk_hwju265z9hvx,training_3,maxpool,lstm,128,5,128,,1,7,1,128,16251167,10000,30000,0.8776
ex_ddecaahnt78c,,tk_oq9lp9mc86wa,training_27,"meanpool,maxpool,final_state,attention",lstm,128,2,300,,10,10,3,512,1540422,10000,30000,0.8736
ex_ddecaahnt78c,,tk_htxvihqc366h,training_46,attention,cnn,2048,0,512,,1,10,2,156,5066696,10000,30000,0.8634
ex_ddecaahnt78c,,tk_1b1trnivt514,training_20,"meanpool,maxpool",cnn,64,2,512,,10,10,2,512,12071419,10000,30000,0.875
ex_ddecaahnt78c,,tk_nd7btyb65bxe,training_9,"final_state,maxpool",lstm,512,0,50,,5,5,2,512,10509009,10000,30000,0.8584
ex_ddecaahnt78c,,tk_3f32hqm1npop,training_19,maxpool,boe,1024,0,128,,1,5,3,156,5277-06-08T07:00:00.000Z,10000,30000,0.841
ex_ddecaahnt78c,,tk_bvs190khf5lr,training_0,"attention,meanpool",boe,512,0,50,,5,10,2,512,19473696,10000,30000,0.8420000000000001
ex_ddecaahnt78c,,tk_hc5uj05halwj,training_35,"meanpool,final_state",lstm,512,2,300,,10,7,3,512,11893042,10000,30000,0.866
ex_ddecaahnt78c,,tk_7ve5fd8kgp46,training_40,"meanpool,final_state,attention",lstm,512,0,512,,10,5,3,512,3159717,10000,30000,0.8688
ex_awilfdjhav3v,,tk_anaim2q1b0h4,training_45,"maxpool,attention,final_state",lstm,1024,2,128,,5,7,1,512,6649546,10000,30000,0.8718
ex_awilfdjhav3v,,tk_s22pg8m3g4ql,training_22,"maxpool,meanpool",lstm,512,5,512,,1,7,2,512,7299-01-25T08:00:00.000Z,10000,30000,0.8756
ex_awilfdjhav3v,,tk_ne3dkvy9q09e,training_19,"attention,maxpool,final_state",lstm,2048,0,128,,10,10,3,128,2765434,10000,30000,
ex_awilfdjhav3v,,tk_brnzxryfsso3,training_12,"attention,meanpool",lr,64,2,512,,5,5,1,128,4558-02-18T08:00:00.000Z,10000,30000,0.8736
ex_awilfdjhav3v,,tk_wqaxo4v7bcan,training_38,"maxpool,attention,final_state,meanpool",lr,128,2,50,,5,5,3,156,13535895,10000,30000,0.8744
ex_awilfdjhav3v,,tk_jz23lsgn1lyf,training_17,final_state,lr,2048,5,128,,10,7,2,512,5054-07-16T07:00:00.000Z,10000,30000,0.8706
ex_awilfdjhav3v,,tk_o2szqb9n7ht4,training_8,"final_state,meanpool",cnn,64,5,128,,5,5,2,156,5901720,10000,30000,0.8708
ex_awilfdjhav3v,,tk_qlh645lo0ha4,training_10,"attention,meanpool",lstm,128,5,300,,10,10,2,512,14104383,10000,30000,0.8574
ex_awilfdjhav3v,,tk_3g0dfyfe73go,training_4,"attention,maxpool",lstm,2048,2,300,,1,7,3,156,5199-02-14T08:00:00.000Z,10000,30000,
ex_awilfdjhav3v,,tk_kq5w42lsxz8k,training_7,"maxpool,attention,meanpool",lr,1024,5,50,,10,7,2,128,4960769,10000,30000,0.8752
ex_awilfdjhav3v,,tk_chdlkqzj81wu,training_33,"final_state,meanpool,attention,maxpool",cnn,2048,2,512,,10,10,2,512,1491-06-22T07:52:58.000Z,10000,30000,0.8654
ex_awilfdjhav3v,,tk_md5vbrlhju8m,training_46,maxpool,cnn,128,0,128,,5,10,2,512,19620555,10000,30000,0.8678
ex_awilfdjhav3v,,tk_8c7bphxjmry0,training_37,attention,cnn,128,2,50,,10,10,1,512,1843-04-29T07:52:58.000Z,10000,30000,0.8696
ex_awilfdjhav3v,,tk_u1flo9piaqc6,training_18,"final_state,attention,meanpool,maxpool",lstm,128,5,300,,10,7,3,128,14766177,10000,30000,
ex_awilfdjhav3v,,tk_yaog1xtx163i,training_16,"meanpool,maxpool,final_state",cnn,512,5,128,,1,10,3,128,15525335,10000,30000,0.86
ex_awilfdjhav3v,,tk_wggmtf34z9gr,training_1,"final_state,meanpool,attention",cnn,128,0,300,,5,7,1,512,11865944,10000,30000,0.8692
ex_awilfdjhav3v,,tk_9sfq1q00m4uw,training_21,attention,boe,512,0,512,,10,10,2,156,14348219,10000,30000,0.838
ex_awilfdjhav3v,,tk_s4kw2dzwyd6d,training_36,"attention,maxpool",lr,512,5,300,,1,10,3,512,871055,10000,30000,0.8742
ex_awilfdjhav3v,,tk_g5tjwgnw7wmf,training_31,final_state,lr,64,0,128,,1,7,2,156,944879,10000,30000,0.8776
ex_awilfdjhav3v,,tk_7xmnjuvmf6v3,training_47,"maxpool,attention,final_state,meanpool",lr,128,2,512,,1,7,2,128,17895250,10000,30000,0.8786
ex_awilfdjhav3v,,tk_fy9sygwrpww6,training_48,"final_state,attention",boe,2048,2,128,,1,5,3,512,13851651,10000,30000,0.8596
ex_awilfdjhav3v,,tk_kc59mvwd1lyn,training_41,"final_state,meanpool,attention",lr,1024,2,128,,5,10,3,156,3857-04-01T07:00:00.000Z,10000,30000,0.8756
ex_awilfdjhav3v,,tk_6ikjvw74aurb,training_5,"maxpool,final_state,meanpool",lr,1024,0,300,,5,7,1,156,8782-04-03T07:00:00.000Z,10000,30000,0.8796
ex_awilfdjhav3v,,tk_ungn58ytekf3,training_25,"meanpool,final_state",boe,128,5,300,,10,7,2,128,3952770,10000,30000,0.843
ex_awilfdjhav3v,,tk_yj26p4krsgri,training_23,attention,boe,2048,2,300,,1,10,1,156,11875428,10000,30000,0.863
ex_awilfdjhav3v,,tk_znt8ig1wtsbd,training_26,meanpool,boe,1024,2,50,,1,7,1,156,5323528,10000,30000,0.8592
ex_awilfdjhav3v,,tk_un88jwmwgl4i,training_32,"final_state,attention",cnn,128,0,300,,1,10,2,128,1651-01-07T07:52:58.000Z,10000,30000,0.8656
ex_awilfdjhav3v,,tk_y24s4r8vbz3d,training_43,"final_state,attention",lr,512,0,512,,5,10,2,512,7237-03-17T07:00:00.000Z,10000,30000,0.8759999999999999
ex_awilfdjhav3v,,tk_bzvxoj7x07ia,training_9,"final_state,attention,maxpool",boe,64,0,512,,1,7,1,128,9921918,10000,30000,0.8312
ex_awilfdjhav3v,,tk_141f1i022f8n,training_30,"attention,final_state,maxpool",lstm,2048,0,300,,10,7,1,156,19149288,10000,30000,0.8728
ex_awilfdjhav3v,,tk_1oxqgzz0ntnv,training_40,"attention,meanpool,maxpool",cnn,128,2,512,,10,7,1,156,7160889,10000,30000,0.8712
ex_awilfdjhav3v,,tk_n62c319tbdw1,training_20,final_state,boe,64,5,128,,1,7,1,128,13907580,10000,30000,0.8474
ex_awilfdjhav3v,,tk_8i8ez31dix66,training_14,"maxpool,final_state",boe,1024,5,512,,10,7,3,128,9565769,10000,30000,0.8568
ex_awilfdjhav3v,,tk_5d8wcf2jxauh,training_6,"final_state,attention",cnn,1024,5,300,,10,7,1,512,18415103,10000,30000,0.8696
ex_awilfdjhav3v,,tk_eqfg4fzf9e8q,training_49,attention,lstm,512,5,128,,5,7,2,156,3380589,10000,30000,0.8744
ex_awilfdjhav3v,,tk_71jkiuauwtn3,training_2,"attention,maxpool",boe,64,0,300,,5,7,2,156,10092385,10000,30000,0.8324
ex_awilfdjhav3v,,tk_9hld0it3bbt6,training_44,"maxpool,meanpool,final_state",lstm,128,0,128,,1,5,2,156,18041715,10000,30000,0.8682
ex_awilfdjhav3v,,tk_6706titnf2jf,training_0,"attention,final_state,maxpool,meanpool",lstm,64,0,50,,10,7,3,128,16919428,10000,30000,0.8588
ex_awilfdjhav3v,,tk_i31g8f8nkq9m,training_27,meanpool,boe,512,2,128,,5,10,3,512,7627706,10000,30000,0.8508
ex_awilfdjhav3v,,tk_ltbynv1bm2ab,training_13,"attention,final_state,meanpool,maxpool",boe,128,0,300,,10,10,2,128,7069428,10000,30000,0.8354
ex_awilfdjhav3v,,tk_nulecj0dxg39,training_11,"final_state,meanpool,maxpool",lr,2048,5,50,,10,10,3,128,3634580,10000,30000,0.8664
ex_awilfdjhav3v,,tk_e5rko30vhvvi,training_28,"maxpool,final_state",boe,64,0,50,,10,5,3,512,17700639,10000,30000,0.8462
ex_awilfdjhav3v,,tk_jee4l0mxv1om,training_34,final_state,boe,128,0,128,,10,5,1,512,19060947,10000,30000,0.843
ex_awilfdjhav3v,,tk_qu2ufphqjq16,training_42,"attention,maxpool",boe,2048,5,50,,10,10,1,128,6184-07-05T07:00:00.000Z,10000,30000,0.8542
ex_awilfdjhav3v,,tk_uv8aa241ahi7,training_15,"maxpool,attention,final_state",boe,64,5,50,,5,7,1,156,811389,10000,30000,0.8564
ex_awilfdjhav3v,,tk_xgxefnhn4rnc,training_29,"attention,meanpool,final_state",lr,1024,2,128,,10,7,1,128,7487536,10000,30000,0.8712
ex_awilfdjhav3v,,tk_6kpaigtcclg1,training_39,"maxpool,meanpool,final_state,attention",lstm,64,0,50,,5,10,1,156,10217775,10000,30000,0.8702
ex_awilfdjhav3v,,tk_771jplh3lmco,training_35,"attention,meanpool,final_state,maxpool",cnn,64,0,300,,10,10,1,128,1260-09-23T07:52:58.000Z,10000,30000,0.8666
ex_awilfdjhav3v,,tk_sk68omjvyj6y,training_24,"maxpool,meanpool",lstm,64,2,128,,5,5,1,512,15226589,10000,30000,0.8746
ex_awilfdjhav3v,,tk_15bn8c5t4kbn,training_3,"final_state,meanpool",lstm,64,2,512,,5,7,2,512,1310694,10000,30000,0.8692
