Unnamed: 0,Task_Name,Task_ID,Experiment_Name,Experiment_ID,metric_best_validation_accuracy,env_AGGREGATIONS,env_CLASSIFIER,env_CLF_HIDDEN_DIM,env_DROPOUT,env_EMBEDDING_DIM,env_LEARNING_RATE,env_MAX_FILTER_SIZE,env_NUM_ENCODER_LAYERS,env_NUM_FILTERS,env_SEED,env_THROTTLE,env_VOCAB_SIZE
0,training_27,tk_3drvsukmdb64,CLASSIFIER_SEARCH_1,ex_xslwqxi8ejnu,0.4288,"attention,final_state,meanpool",cnn,2048,2,512,5,10,1,512,1004506748,200,30000
1,training_80,tk_07smszn81w4t,CLASSIFIER_SEARCH_1,ex_xslwqxi8ejnu,0.6762,"attention,meanpool,maxpool,final_state",lr,64,0,512,1,7,2,128,4076792239,200,30000
2,training_60,tk_8forw9ndc0rz,CLASSIFIER_SEARCH_1,ex_xslwqxi8ejnu,0.4042,"meanpool,final_state",lstm,1024,5,300,10,10,2,128,4076792239,200,30000
3,training_49,tk_xaz0bjt3j6hg,CLASSIFIER_SEARCH_1,ex_xslwqxi8ejnu,0.5016,"meanpool,final_state,maxpool",lstm,2048,2,50,10,7,1,156,1989894904,200,30000
4,training_95,tk_dpq2q4gcv2lq,CLASSIFIER_SEARCH_1,ex_xslwqxi8ejnu,0.544,"attention,meanpool,final_state",lstm,1024,2,50,5,7,2,156,2002866410,200,30000
5,training_88,tk_5jnmai2mctos,CLASSIFIER_SEARCH_1,ex_xslwqxi8ejnu,0.4566,attention,lstm,1024,0,50,5,7,1,512,2002866410,200,30000
6,training_34,tk_gzvx3rapfz2w,CLASSIFIER_SEARCH_1,ex_xslwqxi8ejnu,0.4034,"final_state,meanpool,attention",lstm,512,0,50,1,5,2,512,2294922467,200,30000
7,training_98,tk_6w0uzcrv81bf,CLASSIFIER_SEARCH_1,ex_xslwqxi8ejnu,0.6944,"final_state,attention",lr,512,5,512,10,5,3,156,2294922467,200,30000
8,training_62,tk_kz0es0mvc8po,CLASSIFIER_SEARCH_1,ex_xslwqxi8ejnu,0.6512,"meanpool,attention,final_state",lr,1024,0,512,1,7,1,128,1004506748,200,30000
9,training_31,tk_fon8w77sx5lo,CLASSIFIER_SEARCH_1,ex_xslwqxi8ejnu,0.6472,meanpool,cnn,64,2,128,1,5,2,512,4076792239,200,30000
10,training_7,tk_pkg6bwc55rhe,CLASSIFIER_SEARCH_1,ex_xslwqxi8ejnu,0.6798,"maxpool,meanpool,attention,final_state",boe,512,0,512,5,5,3,128,2294922467,200,30000
11,training_48,tk_owuczbq0tv3h,CLASSIFIER_SEARCH_1,ex_xslwqxi8ejnu,0.6902,"attention,final_state,meanpool,maxpool",lr,512,0,50,5,7,1,128,2002866410,200,30000
12,training_11,tk_intkastw1so2,CLASSIFIER_SEARCH_1,ex_xslwqxi8ejnu,0.6924,"final_state,attention,maxpool,meanpool",boe,2048,2,128,5,10,3,128,2294922467,200,30000
13,training_15,tk_dim19q7ww96j,CLASSIFIER_SEARCH_1,ex_xslwqxi8ejnu,0.6729999999999999,"attention,maxpool,meanpool",lr,512,0,50,5,7,1,156,1989894904,200,30000
14,training_59,tk_nc02b6jghq51,CLASSIFIER_SEARCH_1,ex_xslwqxi8ejnu,0.66,attention,lr,128,2,300,5,5,3,128,1004506748,200,30000
15,training_44,tk_cq4h83ohrfz9,CLASSIFIER_SEARCH_1,ex_xslwqxi8ejnu,0.6532,final_state,boe,2048,5,128,10,5,1,156,1989894904,200,30000
16,training_0,tk_orony4plpssr,CLASSIFIER_SEARCH_1,ex_xslwqxi8ejnu,0.5978,"final_state,attention",cnn,64,0,50,5,10,2,128,2002866410,200,30000
17,training_53,tk_gdlh112kmhbl,CLASSIFIER_SEARCH_1,ex_xslwqxi8ejnu,0.6932,attention,lr,128,5,300,10,10,3,156,4076792239,200,30000
18,training_8,tk_skh0hgstwr9z,CLASSIFIER_SEARCH_1,ex_xslwqxi8ejnu,0.6886,"attention,final_state,meanpool,maxpool",boe,128,0,50,5,10,2,128,2294922467,200,30000
19,training_89,tk_itwvs5x01cmb,CLASSIFIER_SEARCH_1,ex_xslwqxi8ejnu,0.6516,"attention,final_state,maxpool",boe,128,5,128,5,7,1,512,1989894904,200,30000
20,training_74,tk_vhjoop5989os,CLASSIFIER_SEARCH_1,ex_xslwqxi8ejnu,0.6236,maxpool,cnn,1024,0,512,10,7,1,128,2002866410,200,30000
21,training_1,tk_1adpb5u3lg41,CLASSIFIER_SEARCH_1,ex_xslwqxi8ejnu,0.6762,meanpool,boe,2048,0,300,5,7,3,156,2294922467,200,30000
22,training_85,tk_qz6825uz6s0e,CLASSIFIER_SEARCH_1,ex_xslwqxi8ejnu,0.6594,"meanpool,attention",boe,128,0,50,5,7,3,512,4076792239,200,30000
23,training_22,tk_usvzpg906hax,CLASSIFIER_SEARCH_1,ex_xslwqxi8ejnu,0.616,"attention,final_state",boe,2048,5,50,5,7,3,512,1989894904,200,30000
24,training_63,tk_b96d25avg68w,CLASSIFIER_SEARCH_1,ex_xslwqxi8ejnu,0.5472,final_state,lstm,128,2,50,10,10,2,128,2294922467,200,30000
25,training_65,tk_0ybvk87v6hrh,CLASSIFIER_SEARCH_1,ex_xslwqxi8ejnu,0.627,"maxpool,final_state,meanpool",cnn,64,0,50,5,10,2,128,4076792239,200,30000
26,training_26,tk_kfd3qd3wbbgu,CLASSIFIER_SEARCH_1,ex_xslwqxi8ejnu,0.6648,"maxpool,attention",boe,128,5,50,10,7,2,156,2002866410,200,30000
27,training_30,tk_2kivgxhhwybb,CLASSIFIER_SEARCH_1,ex_xslwqxi8ejnu,0.675,"meanpool,final_state,maxpool",cnn,64,5,512,5,5,2,128,4076792239,200,30000
28,training_20,tk_x7vd227vtvkl,CLASSIFIER_SEARCH_1,ex_xslwqxi8ejnu,0.2472,"maxpool,meanpool",lstm,128,0,50,1,7,2,128,1004506748,200,30000
29,training_90,tk_i2934ata9812,CLASSIFIER_SEARCH_1,ex_xslwqxi8ejnu,0.6524,"maxpool,attention,meanpool",boe,64,0,128,10,5,2,128,1989894904,200,30000
30,training_90,tk_i2934ata9812,CLASSIFIER_SEARCH_1,ex_xslwqxi8ejnu,0.6524,"maxpool,attention,meanpool",boe,64,0,128,10,5,2,128,1989894904,200,30000
31,training_94,tk_0xbim67mrfzk,CLASSIFIER_SEARCH_1,ex_xslwqxi8ejnu,0.67,"maxpool,meanpool",cnn,1024,2,300,1,5,2,512,4076792239,200,30000
32,training_25,tk_1vwjhbmvbddx,CLASSIFIER_SEARCH_1,ex_xslwqxi8ejnu,0.5094,"meanpool,final_state,maxpool",lstm,128,0,128,5,5,1,156,1004506748,200,30000
33,training_14,tk_ano72ohafkzl,CLASSIFIER_SEARCH_1,ex_xslwqxi8ejnu,0.6738,"attention,maxpool",cnn,128,2,300,10,7,1,156,2294922467,200,30000
34,training_9,tk_ixbki1s616bh,CLASSIFIER_SEARCH_1,ex_xslwqxi8ejnu,0.6192,"attention,meanpool",cnn,128,0,128,1,10,1,128,4076792239,200,30000
35,training_69,tk_85qf2pqstu9w,CLASSIFIER_SEARCH_1,ex_xslwqxi8ejnu,0.6284,final_state,cnn,64,2,50,10,7,2,156,1004506748,200,30000
36,training_79,tk_8xqsn4gt98dd,CLASSIFIER_SEARCH_1,ex_xslwqxi8ejnu,0.6702,"final_state,maxpool",boe,64,0,128,5,5,2,156,4076792239,200,30000
37,training_84,tk_hpmu8vtpf1y3,CLASSIFIER_SEARCH_1,ex_xslwqxi8ejnu,0.6242,final_state,boe,64,5,50,10,10,3,128,1989894904,200,30000
38,training_76,tk_p00ewbartf79,CLASSIFIER_SEARCH_1,ex_xslwqxi8ejnu,0.6166,"attention,final_state",boe,1024,0,50,5,7,2,156,1989894904,200,30000
39,training_54,tk_bpnuayos738x,CLASSIFIER_SEARCH_1,ex_xslwqxi8ejnu,0.4516,"maxpool,attention,meanpool",lstm,1024,5,128,1,5,3,156,4076792239,200,30000
40,training_23,tk_zdb1hgwcff41,CLASSIFIER_SEARCH_1,ex_xslwqxi8ejnu,0.6818,"maxpool,attention,meanpool",lr,2048,2,128,5,7,3,156,4076792239,200,30000
41,training_58,tk_qrmhug0lvdup,CLASSIFIER_SEARCH_1,ex_xslwqxi8ejnu,0.6888,"maxpool,meanpool,attention,final_state",boe,1024,5,50,1,7,2,156,2294922467,200,30000
42,training_12,tk_27vdtj4zxxqt,CLASSIFIER_SEARCH_1,ex_xslwqxi8ejnu,0.5138,maxpool,lstm,1024,2,300,10,7,2,512,2002866410,200,30000
43,training_19,tk_pq6qki7v8qc7,CLASSIFIER_SEARCH_1,ex_xslwqxi8ejnu,0.6908,attention,boe,2048,2,50,1,5,2,128,2294922467,200,30000
44,training_42,tk_aqtjf59k2pj2,CLASSIFIER_SEARCH_1,ex_xslwqxi8ejnu,0.6892,maxpool,boe,1024,2,50,5,5,3,156,2294922467,200,30000
45,training_81,tk_3s8csyk1gaw9,CLASSIFIER_SEARCH_1,ex_xslwqxi8ejnu,0.6544,"attention,maxpool",boe,512,2,128,5,5,3,156,1004506748,200,30000
46,training_41,tk_zfuual5d7j7u,CLASSIFIER_SEARCH_1,ex_xslwqxi8ejnu,0.542,"attention,maxpool,final_state,meanpool",lstm,128,0,300,10,5,1,512,4076792239,200,30000
47,training_91,tk_2pefx5r0u091,CLASSIFIER_SEARCH_1,ex_xslwqxi8ejnu,0.607,"maxpool,attention",cnn,2048,5,512,5,10,2,128,2002866410,200,30000
48,training_75,tk_mrsbslmbl1to,CLASSIFIER_SEARCH_1,ex_xslwqxi8ejnu,0.6579999999999999,"meanpool,maxpool,attention",cnn,128,5,300,10,5,3,156,1004506748,200,30000
49,training_55,tk_3bwjsurojghv,CLASSIFIER_SEARCH_1,ex_xslwqxi8ejnu,0.4804,attention,lstm,1024,2,512,1,7,3,156,1989894904,200,30000
50,training_3,tk_e3g3hpwzgr66,CLASSIFIER_SEARCH_1,ex_xslwqxi8ejnu,0.6468,"maxpool,attention,meanpool,final_state",boe,64,2,128,1,7,1,512,2002866410,200,30000
51,training_70,tk_xr14ux75z53v,CLASSIFIER_SEARCH_1,ex_xslwqxi8ejnu,0.5986,"maxpool,meanpool",lstm,2048,5,512,10,7,2,512,2294922467,200,30000
52,training_92,tk_2li1e8x4unm2,CLASSIFIER_SEARCH_1,ex_xslwqxi8ejnu,0.6598,"meanpool,attention",boe,128,0,512,1,10,3,156,4076792239,200,30000
53,training_56,tk_6v7wmqkxakgf,CLASSIFIER_SEARCH_1,ex_xslwqxi8ejnu,0.3236,"meanpool,attention,final_state",lstm,64,0,300,1,7,1,512,2294922467,200,30000
54,training_87,tk_0725hsp0cc0f,CLASSIFIER_SEARCH_1,ex_xslwqxi8ejnu,0.5398,"final_state,maxpool",lstm,128,2,512,5,7,2,512,1989894904,200,30000
55,training_46,tk_5htzxzatg30d,CLASSIFIER_SEARCH_1,ex_xslwqxi8ejnu,0.6724,attention,boe,64,5,512,5,10,3,512,2002866410,200,30000
56,training_5,tk_quepixgdq5py,CLASSIFIER_SEARCH_1,ex_xslwqxi8ejnu,0.4076,"attention,maxpool",lstm,128,0,300,1,10,2,128,1989894904,200,30000
57,training_38,tk_2ucypk0ja0o1,CLASSIFIER_SEARCH_1,ex_xslwqxi8ejnu,0.2472,"maxpool,final_state,meanpool",cnn,64,5,50,1,5,1,512,1004506748,200,30000
58,training_73,tk_kgk69382kp7s,CLASSIFIER_SEARCH_1,ex_xslwqxi8ejnu,0.6158,"final_state,attention,meanpool,maxpool",cnn,1024,2,50,5,5,2,128,4076792239,200,30000
59,training_52,tk_4pd20arvtf1c,CLASSIFIER_SEARCH_1,ex_xslwqxi8ejnu,0.545,attention,lstm,512,5,300,1,7,1,512,1004506748,200,30000
60,training_10,tk_2dy6gl0rt10f,CLASSIFIER_SEARCH_1,ex_xslwqxi8ejnu,0.5306,"meanpool,maxpool,attention,final_state",cnn,1024,2,128,10,10,3,512,2294922467,200,30000
61,training_16,tk_dsiboksv8n0q,CLASSIFIER_SEARCH_1,ex_xslwqxi8ejnu,0.6694,"maxpool,meanpool",boe,64,0,300,5,10,1,128,1004506748,200,30000
62,training_86,tk_ktjjt8cpdwdh,CLASSIFIER_SEARCH_1,ex_xslwqxi8ejnu,0.4744,meanpool,lstm,2048,5,300,5,7,2,512,2002866410,200,30000
63,training_32,tk_ddcmzb6cssx2,CLASSIFIER_SEARCH_1,ex_xslwqxi8ejnu,0.6118,meanpool,boe,1024,2,512,5,7,1,512,1004506748,200,30000
64,training_40,tk_lv9fxrbplpsj,CLASSIFIER_SEARCH_1,ex_xslwqxi8ejnu,0.6354,"meanpool,maxpool,final_state,attention",cnn,512,2,128,1,5,1,128,1989894904,200,30000
65,training_37,tk_550sd3t8eac5,CLASSIFIER_SEARCH_1,ex_xslwqxi8ejnu,0.4626,"meanpool,maxpool,attention,final_state",lstm,128,0,300,1,7,3,128,1989894904,200,30000
66,training_13,tk_7ah7o9bdmt0p,CLASSIFIER_SEARCH_1,ex_xslwqxi8ejnu,0.6226,final_state,boe,1024,2,50,5,5,2,512,1004506748,200,30000
67,training_35,tk_juljvm7zxo51,CLASSIFIER_SEARCH_1,ex_xslwqxi8ejnu,0.6706,"meanpool,maxpool,final_state",boe,1024,2,300,10,7,2,512,4076792239,200,30000
68,training_51,tk_g7619cqihtpp,CLASSIFIER_SEARCH_1,ex_xslwqxi8ejnu,0.5088,"final_state,maxpool,attention",lstm,128,0,128,10,5,3,128,1004506748,200,30000
69,training_24,tk_i502o6nu1jf9,CLASSIFIER_SEARCH_1,ex_xslwqxi8ejnu,0.5224,"meanpool,attention,final_state",lstm,64,2,300,5,10,2,156,1989894904,200,30000
70,training_33,tk_g74phgup8xrb,CLASSIFIER_SEARCH_1,ex_xslwqxi8ejnu,0.6754,"meanpool,attention",boe,1024,5,128,10,5,3,156,4076792239,200,30000
71,training_67,tk_h0xy3mlk0s5i,CLASSIFIER_SEARCH_1,ex_xslwqxi8ejnu,0.4858,meanpool,lstm,64,2,128,10,5,3,128,4076792239,200,30000
72,training_39,tk_szoxe92p20nq,CLASSIFIER_SEARCH_1,ex_xslwqxi8ejnu,0.6536,"meanpool,final_state,maxpool,attention",boe,64,5,300,5,5,2,128,1989894904,200,30000
73,training_28,tk_7lpnyfec99ni,CLASSIFIER_SEARCH_1,ex_xslwqxi8ejnu,0.2994,"maxpool,final_state,meanpool",lstm,1024,5,50,1,5,1,512,1989894904,200,30000
74,training_68,tk_al7lqeryw7if,CLASSIFIER_SEARCH_1,ex_xslwqxi8ejnu,0.5374,"meanpool,final_state,maxpool",lstm,2048,2,512,10,7,1,128,1004506748,200,30000
75,training_45,tk_ocflbm7fhgsc,CLASSIFIER_SEARCH_1,ex_xslwqxi8ejnu,0.6418,"attention,maxpool,meanpool,final_state",cnn,1024,5,128,5,10,1,512,4076792239,200,30000
76,training_93,tk_n6hqfqf9xbgs,CLASSIFIER_SEARCH_1,ex_xslwqxi8ejnu,0.585,"final_state,attention",cnn,1024,0,50,1,10,3,128,2002866410,200,30000
77,training_50,tk_qb1egr8mrywe,CLASSIFIER_SEARCH_1,ex_xslwqxi8ejnu,0.5346,"maxpool,attention,meanpool",lstm,512,5,50,5,5,2,156,2002866410,200,30000
78,training_66,tk_agdwfi80odos,CLASSIFIER_SEARCH_1,ex_xslwqxi8ejnu,0.6342,"attention,maxpool",cnn,128,0,128,1,5,3,128,2294922467,200,30000
79,training_72,tk_buotn4eimuv0,CLASSIFIER_SEARCH_1,ex_xslwqxi8ejnu,0.6524,"meanpool,attention,final_state",cnn,2048,5,300,10,5,2,128,4076792239,200,30000
80,training_57,tk_jtolurgxtl1x,CLASSIFIER_SEARCH_1,ex_xslwqxi8ejnu,0.6932,"attention,meanpool,final_state,maxpool",lr,2048,5,50,10,10,1,128,4076792239,200,30000
81,training_82,tk_t7adcwxzo05w,CLASSIFIER_SEARCH_1,ex_xslwqxi8ejnu,0.6342,"attention,meanpool,maxpool,final_state",cnn,64,5,300,5,10,3,128,1989894904,200,30000
82,training_99,tk_mr44tdszn2td,CLASSIFIER_SEARCH_1,ex_xslwqxi8ejnu,0.5192,"attention,final_state",lstm,1024,5,50,10,7,2,512,2294922467,200,30000
83,training_83,tk_tcwfi55r8pz7,CLASSIFIER_SEARCH_1,ex_xslwqxi8ejnu,0.6876,maxpool,lr,512,2,512,10,5,1,128,2294922467,200,30000
84,training_36,tk_b5dot3ipdgoa,CLASSIFIER_SEARCH_1,ex_xslwqxi8ejnu,0.6812,"final_state,meanpool,maxpool,attention",lr,128,0,128,5,7,1,128,4076792239,200,30000
85,training_78,tk_qfn0tbviwjxf,CLASSIFIER_SEARCH_1,ex_xslwqxi8ejnu,0.6679999999999999,meanpool,lr,128,0,512,1,10,3,512,2294922467,200,30000
86,training_61,tk_yzx2b0qruer3,CLASSIFIER_SEARCH_1,ex_xslwqxi8ejnu,0.6854,"final_state,attention",boe,1024,5,128,1,7,1,512,2294922467,200,30000
87,training_29,tk_n8ew13out6g3,CLASSIFIER_SEARCH_1,ex_xslwqxi8ejnu,0.6536,"maxpool,final_state,meanpool",cnn,512,5,128,10,5,3,156,4076792239,200,30000
88,training_17,tk_965drpvswrqp,CLASSIFIER_SEARCH_1,ex_xslwqxi8ejnu,0.575,"meanpool,attention,maxpool,final_state",boe,2048,0,50,1,10,2,128,1989894904,200,30000
89,training_6,tk_gdzvyfrs1l9l,CLASSIFIER_SEARCH_1,ex_xslwqxi8ejnu,0.6564,"final_state,meanpool,attention,maxpool",boe,512,2,300,5,5,3,512,1989894904,200,30000
90,training_96,tk_ncpb6nbt0hrr,CLASSIFIER_SEARCH_1,ex_xslwqxi8ejnu,0.6868,"maxpool,meanpool,attention,final_state",lr,128,2,512,10,7,1,156,4076792239,200,30000
91,training_47,tk_g0olb2gmm7m0,CLASSIFIER_SEARCH_1,ex_xslwqxi8ejnu,0.682,"maxpool,final_state",boe,64,5,512,10,7,2,512,2294922467,200,30000
92,training_4,tk_lq24a9evqohe,CLASSIFIER_SEARCH_1,ex_xslwqxi8ejnu,0.6878,"maxpool,attention,meanpool,final_state",lr,512,0,50,10,7,1,156,2002866410,200,30000
93,training_77,tk_mkl0jwg1d701,CLASSIFIER_SEARCH_1,ex_xslwqxi8ejnu,0.5248,final_state,lstm,128,2,512,1,5,1,156,4076792239,200,30000
94,training_2,tk_u3vd6193kclt,CLASSIFIER_SEARCH_1,ex_xslwqxi8ejnu,0.6679999999999999,"meanpool,attention",lr,512,0,300,1,5,2,128,2294922467,200,30000
95,training_43,tk_85w4rug7gp10,CLASSIFIER_SEARCH_1,ex_xslwqxi8ejnu,0.6856,final_state,lr,128,5,300,5,5,2,512,2294922467,200,30000
96,training_71,tk_m1a64fylf2ki,CLASSIFIER_SEARCH_1,ex_xslwqxi8ejnu,0.6729999999999999,"final_state,meanpool,maxpool",lr,128,0,128,5,7,1,128,1989894904,200,30000
97,training_97,tk_td2dicqnp5q8,CLASSIFIER_SEARCH_1,ex_xslwqxi8ejnu,0.6832,"maxpool,attention,meanpool,final_state",lr,128,0,300,10,5,2,512,2294922467,200,30000
98,training_18,tk_axpqyaod463m,CLASSIFIER_SEARCH_1,ex_xslwqxi8ejnu,0.649,"meanpool,final_state,maxpool,attention",lr,1024,5,512,1,7,1,512,1989894904,200,30000
99,training_64,tk_o84ogkv32ud3,CLASSIFIER_SEARCH_1,ex_xslwqxi8ejnu,0.6758,meanpool,lr,128,2,128,1,10,3,156,4076792239,200,30000
0,training_0,tk_yyvuo3qtzziz,,ex_4wec8tivjr3w,0.7718,"final_state,meanpool",lstm,1024,5,128,10,10,3,512,1989894904,2500,30000
1,training_53,tk_0vhn8qiqx8bg,,ex_4wec8tivjr3w,0.6844,"final_state,meanpool",lstm,2048,0,50,1,7,1,156,4076792239,2500,30000
2,training_62,tk_8igapcm6goqy,,ex_4wec8tivjr3w,0.8208,maxpool,boe,2048,5,300,10,10,2,128,2294922467,2500,30000
3,training_27,tk_hyxly9vtl3s1,,ex_4wec8tivjr3w,0.8038,"meanpool,maxpool,attention",lstm,2048,5,128,5,5,2,512,1989894904,2500,30000
4,training_45,tk_5cvii9smv7hd,,ex_4wec8tivjr3w,0.7834,attention,lstm,128,2,300,1,10,3,512,2002866410,2500,30000
5,training_70,tk_29ejve6owuzq,,ex_4wec8tivjr3w,0.7552,"maxpool,final_state",lstm,512,0,50,5,7,3,128,2002866410,2500,30000
6,training_1,tk_4f27k04giyhh,,ex_4wec8tivjr3w,0.7874,"final_state,attention,maxpool,meanpool",lstm,128,2,512,10,10,3,512,1004506748,2500,30000
7,training_11,tk_byvkm6e0mrig,,ex_4wec8tivjr3w,0.8336,"meanpool,final_state,maxpool,attention",boe,64,2,512,5,7,2,512,1004506748,2500,30000
8,training_90,tk_obuf3l55h9nv,,ex_4wec8tivjr3w,0.8008,"final_state,maxpool",cnn,64,0,50,5,5,1,512,1004506748,2500,30000
9,training_64,tk_6udc9vu76ym0,,ex_4wec8tivjr3w,0.7878,"maxpool,final_state,attention",cnn,128,2,128,10,7,1,512,2002866410,2500,30000
10,training_13,tk_6cl7o4mme3gs,,ex_4wec8tivjr3w,0.7938,attention,lstm,128,5,512,5,5,2,512,1004506748,2500,30000
11,training_91,tk_4ma79sgkr9p2,,ex_4wec8tivjr3w,0.7824,maxpool,lstm,128,5,50,5,7,2,156,1989894904,2500,30000
12,training_34,tk_5m1rk3xr2x0u,,ex_4wec8tivjr3w,0.7964,final_state,cnn,512,2,128,10,10,2,156,2002866410,2500,30000
13,training_56,tk_x7a7s6d9oafj,,ex_4wec8tivjr3w,0.8246,"meanpool,attention,final_state,maxpool",lr,1024,2,50,5,7,3,156,2294922467,2500,30000
14,training_40,tk_33d7hcdz8ym4,,ex_4wec8tivjr3w,0.7412,"meanpool,maxpool,final_state",lstm,512,0,300,5,10,3,156,2294922467,2500,30000
15,training_23,tk_yxb1j49iqaag,,ex_4wec8tivjr3w,0.7204,"maxpool,final_state",lstm,1024,0,300,1,5,2,128,2002866410,2500,30000
16,training_17,tk_ylu69h89ucck,,ex_4wec8tivjr3w,0.8390000000000001,"maxpool,attention",lr,512,5,128,10,5,2,156,2002866410,2500,30000
17,training_73,tk_b9kzppmgdwff,,ex_4wec8tivjr3w,0.674,"meanpool,attention,maxpool",lstm,512,0,128,1,5,3,512,1989894904,2500,30000
18,training_22,tk_odfz5tosqdu8,,ex_4wec8tivjr3w,0.8398,"maxpool,meanpool,final_state,attention",lr,64,5,128,10,5,2,128,4076792239,2500,30000
19,training_9,tk_t4l0uhkznkp9,,ex_4wec8tivjr3w,0.8308,"attention,meanpool",lr,64,0,512,10,5,3,156,4076792239,2500,30000
20,training_93,tk_bqua33xvcjd4,,ex_4wec8tivjr3w,0.8396,"meanpool,attention",lr,2048,2,128,5,10,3,128,1004506748,2500,30000
21,training_14,tk_nb34t8jpfomr,,ex_4wec8tivjr3w,0.8394,"final_state,meanpool",lr,2048,5,512,1,7,3,512,2002866410,2500,30000
22,training_10,tk_8tq7cueyx7as,,ex_4wec8tivjr3w,0.8204,"maxpool,meanpool,attention",lr,128,0,300,5,10,1,156,2294922467,2500,30000
23,training_5,tk_sererigza44w,,ex_4wec8tivjr3w,0.8352,"attention,maxpool",lr,1024,5,128,5,7,3,128,1989894904,2500,30000
24,training_3,tk_sscd3nwmpd33,,ex_4wec8tivjr3w,0.8386,"attention,meanpool",lr,64,5,50,5,5,1,156,4076792239,2500,30000
25,training_18,tk_32bcs83zezf7,,ex_4wec8tivjr3w,0.8354,"meanpool,attention,maxpool",lr,512,2,300,1,7,2,512,2002866410,2500,30000
26,training_98,tk_njx7nape6u7p,,ex_4wec8tivjr3w,0.83,"maxpool,meanpool,final_state",lr,1024,0,50,5,10,3,128,2002866410,2500,30000
27,training_49,tk_3w7ui286inmk,,ex_4wec8tivjr3w,0.84,maxpool,lr,2048,2,128,1,7,2,156,1004506748,2500,30000
28,training_87,tk_2h0pi4j264uf,,ex_4wec8tivjr3w,0.805,"attention,meanpool",cnn,128,5,50,10,10,3,156,2002866410,2500,30000
29,training_89,tk_snabsgkw8dde,,ex_4wec8tivjr3w,0.8302,"final_state,meanpool,attention",lr,64,2,50,5,5,1,128,1989894904,2500,30000
30,training_89,tk_snabsgkw8dde,,ex_4wec8tivjr3w,0.8302,"final_state,meanpool,attention",lr,64,2,50,5,5,1,128,1989894904,2500,30000
31,training_21,tk_icqoxn3730d9,,ex_4wec8tivjr3w,0.8238,final_state,boe,128,0,50,10,10,3,512,2002866410,2500,30000
32,training_36,tk_mmxvbgyneuft,,ex_4wec8tivjr3w,0.833,"meanpool,final_state",boe,512,2,50,5,7,2,156,1989894904,2500,30000
33,training_25,tk_wcj00735h7li,,ex_4wec8tivjr3w,0.8302,"final_state,meanpool",lr,2048,2,512,5,7,2,128,1989894904,2500,30000
34,training_28,tk_9r3opeo00q03,,ex_4wec8tivjr3w,0.8288,final_state,boe,512,0,128,1,7,1,128,1989894904,2500,30000
35,training_99,tk_nxo0es8ljgz0,,ex_4wec8tivjr3w,0.8226,"attention,meanpool",boe,1024,0,300,10,10,2,512,2002866410,2500,30000
36,training_31,tk_cd5sj5mrch1w,,ex_4wec8tivjr3w,0.8286,"maxpool,meanpool,attention",boe,128,5,50,1,7,1,512,4076792239,2500,30000
37,training_26,tk_mdefakb4hre6,,ex_4wec8tivjr3w,0.8238,"maxpool,meanpool",boe,128,2,128,5,5,2,156,2294922467,2500,30000
38,training_29,tk_cd08zjkoy8an,,ex_4wec8tivjr3w,0.7918,"meanpool,maxpool,final_state",cnn,512,5,50,1,7,3,128,4076792239,2500,30000
39,training_47,tk_cnc98lvpa950,,ex_4wec8tivjr3w,0.8286,attention,boe,2048,5,50,1,7,1,156,4076792239,2500,30000
40,training_72,tk_eh1ig6ekh6gz,,ex_4wec8tivjr3w,0.7976,"maxpool,meanpool,attention",cnn,128,2,50,10,5,3,512,4076792239,2500,30000
41,training_75,tk_qnwzzoyyz7d5,,ex_4wec8tivjr3w,0.83,"attention,maxpool,final_state,meanpool",boe,64,5,300,10,7,3,128,1004506748,2500,30000
42,training_88,tk_h2uaj276ng2h,,ex_4wec8tivjr3w,0.8212,"maxpool,meanpool,attention,final_state",boe,2048,0,512,10,10,1,156,1989894904,2500,30000
43,training_79,tk_oxwpyqaiwhwl,,ex_4wec8tivjr3w,0.8286,"final_state,attention,meanpool",boe,2048,2,300,10,5,2,156,1004506748,2500,30000
44,training_43,tk_3zisa2knxnjk,,ex_4wec8tivjr3w,0.8282,"meanpool,final_state,maxpool,attention",lr,2048,0,300,5,10,1,512,4076792239,2500,30000
45,training_66,tk_bdwjugidknng,,ex_4wec8tivjr3w,0.8156,"final_state,meanpool,attention,maxpool",cnn,64,5,50,5,10,2,512,1004506748,2500,30000
46,training_52,tk_0u84i30vf34r,,ex_4wec8tivjr3w,0.8282,"maxpool,attention",lr,512,0,50,10,5,1,512,1989894904,2500,30000
47,training_19,tk_ggi4oivzw6i5,,ex_4wec8tivjr3w,0.8314,"maxpool,attention,final_state",boe,64,5,300,1,7,1,512,1989894904,2500,30000
48,training_6,tk_kwi036sfnebi,,ex_4wec8tivjr3w,0.8208,"maxpool,final_state",lr,512,0,50,10,10,3,156,2294922467,2500,30000
49,training_78,tk_b8xugfh7i94u,,ex_4wec8tivjr3w,0.8208,"attention,final_state,maxpool,meanpool",lr,128,0,300,10,7,3,156,2294922467,2500,30000
50,training_58,tk_nein389fz2rv,,ex_4wec8tivjr3w,0.8356,"attention,meanpool,final_state",lr,512,0,512,10,7,2,512,1004506748,2500,30000
51,training_83,tk_bkzr5qof6br6,,ex_4wec8tivjr3w,0.8320000000000001,"maxpool,attention,meanpool",lr,512,2,50,10,7,2,156,2002866410,2500,30000
52,training_15,tk_6zh5xetx0u23,,ex_4wec8tivjr3w,0.8282,"meanpool,attention",lr,1024,0,50,10,10,3,128,1989894904,2500,30000
53,training_38,tk_bd96nr6tp0hs,,ex_4wec8tivjr3w,0.8320000000000001,"attention,maxpool",lr,2048,2,50,10,7,3,512,2002866410,2500,30000
54,training_60,tk_78ozdu3hkyq5,,ex_4wec8tivjr3w,0.8282,"final_state,meanpool,maxpool,attention",lr,2048,0,512,5,5,2,156,4076792239,2500,30000
55,training_68,tk_un6d51ub41ub,,ex_4wec8tivjr3w,0.8298,attention,boe,512,5,128,10,7,1,128,1004506748,2500,30000
56,training_8,tk_t4szrx6p7k8c,,ex_4wec8tivjr3w,0.8268,"attention,maxpool,meanpool,final_state",lr,64,5,128,10,7,2,512,2294922467,2500,30000
57,training_7,tk_zond0qldbz4m,,ex_4wec8tivjr3w,0.7859999999999999,"maxpool,meanpool",lstm,64,2,128,10,5,1,156,2294922467,2500,30000
58,training_97,tk_9h5wxud2q7z9,,ex_4wec8tivjr3w,0.8168,"attention,meanpool,final_state,maxpool",lstm,64,5,300,5,5,1,156,2002866410,2500,30000
59,training_71,tk_mjrcj7797u0p,,ex_4wec8tivjr3w,0.8292,"meanpool,attention",boe,128,2,128,10,7,1,512,4076792239,2500,30000
60,training_44,tk_u2tvonhlzfkz,,ex_4wec8tivjr3w,0.8316,"final_state,attention,meanpool",boe,2048,5,128,5,7,3,512,1004506748,2500,30000
61,training_57,tk_b6so71uk0vg2,,ex_4wec8tivjr3w,0.8346,"maxpool,attention",lr,512,2,300,5,10,1,128,4076792239,2500,30000
62,training_92,tk_7ch61118lj2a,,ex_4wec8tivjr3w,0.8232,"attention,maxpool,meanpool",boe,1024,0,512,10,7,2,156,4076792239,2500,30000
63,training_55,tk_ec8qxdjc3h1t,,ex_4wec8tivjr3w,0.83,"attention,meanpool,final_state",lr,512,0,512,5,5,1,156,2002866410,2500,30000
64,training_48,tk_0qoh0hvym0ir,,ex_4wec8tivjr3w,0.8308,"attention,final_state",lr,2048,0,128,10,5,3,156,4076792239,2500,30000
65,training_20,tk_60r113pbv89k,,ex_4wec8tivjr3w,0.8298,attention,boe,512,2,128,1,5,3,156,1989894904,2500,30000
66,training_54,tk_vcs70rfnr9e5,,ex_4wec8tivjr3w,0.843,attention,lr,1024,5,300,5,10,1,156,1004506748,2500,30000
67,training_32,tk_i7rtjq72gdl8,,ex_4wec8tivjr3w,0.8292,"maxpool,final_state,meanpool,attention",boe,512,2,128,1,7,3,512,2002866410,2500,30000
68,training_41,tk_lcotti6ksuf2,,ex_4wec8tivjr3w,0.8044,"maxpool,final_state",cnn,128,0,512,10,7,3,128,2294922467,2500,30000
69,training_16,tk_50nv6h1hiln4,,ex_4wec8tivjr3w,0.8372,"meanpool,attention",lr,64,0,512,1,7,2,128,1004506748,2500,30000
70,training_30,tk_88w9bv6qef0l,,ex_4wec8tivjr3w,0.7402,attention,lstm,128,0,50,5,7,3,512,4076792239,2500,30000
71,training_81,tk_873dc65pwyrj,,ex_4wec8tivjr3w,0.7924,"attention,meanpool,final_state,maxpool",cnn,2048,0,512,5,7,2,128,2294922467,2500,30000
72,training_80,tk_cjsgzd7zcnat,,ex_4wec8tivjr3w,0.6528,"maxpool,attention",lstm,64,2,128,1,10,3,512,4076792239,2500,30000
73,training_82,tk_6ewjlblvjw3f,,ex_4wec8tivjr3w,0.8144,final_state,cnn,2048,2,50,1,10,2,128,1004506748,2500,30000
74,training_65,tk_hwg7hsmcbogv,,ex_4wec8tivjr3w,0.8208,"maxpool,meanpool,attention",boe,128,5,300,10,10,2,128,2294922467,2500,30000
75,training_76,tk_ko6o7ey5bw4e,,ex_4wec8tivjr3w,0.7782,attention,cnn,2048,5,50,5,10,1,512,2294922467,2500,30000
76,training_33,tk_7qeifzbvsj9h,,ex_4wec8tivjr3w,0.8372,final_state,lr,128,0,300,1,7,3,512,1004506748,2500,30000
77,training_84,tk_696qxnt3d2wt,,ex_4wec8tivjr3w,0.7986,"attention,meanpool,maxpool",cnn,512,2,512,10,7,1,156,2002866410,2500,30000
78,training_39,tk_8ov8wnwm36os,,ex_4wec8tivjr3w,0.8268,attention,boe,512,2,300,10,10,2,128,2002866410,2500,30000
79,training_86,tk_c5z0rl4haixx,,ex_4wec8tivjr3w,0.8324,meanpool,lr,512,5,128,1,7,2,156,1989894904,2500,30000
80,training_35,tk_fhy3m0cn9eg6,,ex_4wec8tivjr3w,0.7926,maxpool,cnn,2048,2,300,10,10,1,128,1989894904,2500,30000
81,training_2,tk_orqj4h69l73c,,ex_4wec8tivjr3w,0.8118,"maxpool,attention,final_state",cnn,512,0,300,1,5,1,156,1989894904,2500,30000
82,training_46,tk_agnpjik5szvu,,ex_4wec8tivjr3w,0.84,final_state,lr,64,2,50,1,10,1,156,1004506748,2500,30000
83,training_77,tk_mdlwcx88wq0f,,ex_4wec8tivjr3w,0.8166,"final_state,meanpool,attention,maxpool",cnn,2048,5,300,10,5,1,512,4076792239,2500,30000
84,training_42,tk_16wuu07utfg1,,ex_4wec8tivjr3w,0.7822,"final_state,meanpool,attention",cnn,2048,0,128,10,7,2,128,2002866410,2500,30000
85,training_96,tk_fmut2otn74f4,,ex_4wec8tivjr3w,0.7984,final_state,lstm,64,5,512,10,5,2,156,4076792239,2500,30000
86,training_85,tk_u7cf3h65s5m2,,ex_4wec8tivjr3w,0.8302,maxpool,lr,2048,0,512,1,5,1,512,1989894904,2500,30000
87,training_12,tk_d76pkai4ym8r,,ex_4wec8tivjr3w,0.8332,"maxpool,meanpool,attention,final_state",lr,2048,0,128,1,5,1,128,2002866410,2500,30000
88,training_94,tk_mwr9f57h265l,,ex_4wec8tivjr3w,0.7864,meanpool,lstm,1024,2,512,10,7,1,128,2294922467,2500,30000
89,training_67,tk_mrm142gucfzb,,ex_4wec8tivjr3w,0.7934,"attention,maxpool,final_state",cnn,512,2,50,1,10,3,512,1004506748,2500,30000
90,training_4,tk_6k8u55z776wi,,ex_4wec8tivjr3w,0.7986,attention,cnn,512,2,50,5,10,1,512,1989894904,2500,30000
91,training_95,tk_uofgdlhqt7bx,,ex_4wec8tivjr3w,0.8206,"meanpool,maxpool,attention",cnn,64,5,512,5,10,3,512,1004506748,2500,30000
92,training_51,tk_682vs7q11655,,ex_4wec8tivjr3w,0.7518,"attention,maxpool",lstm,128,0,512,1,5,1,512,1989894904,2500,30000
93,training_50,tk_2au4oodnqhsh,,ex_4wec8tivjr3w,0.7798,final_state,lstm,1024,2,300,5,5,2,512,1004506748,2500,30000
94,training_63,tk_c6kya8t1hjnt,,ex_4wec8tivjr3w,0.7174,final_state,lstm,1024,0,128,10,7,2,128,4076792239,2500,30000
95,training_59,tk_203ftod6c6y9,,ex_4wec8tivjr3w,0.7696,meanpool,lstm,2048,2,512,5,10,1,156,2002866410,2500,30000
96,training_69,tk_cycunyrttpgx,,ex_4wec8tivjr3w,0.7026,attention,lstm,1024,2,300,10,7,3,128,1989894904,2500,30000
97,training_24,tk_d0y0cor0612f,,ex_4wec8tivjr3w,0.7706,attention,lstm,2048,2,128,10,10,1,156,1989894904,2500,30000
98,training_74,tk_9vk76x173f46,,ex_4wec8tivjr3w,0.6358,"final_state,meanpool",lstm,2048,2,512,10,7,3,128,1989894904,2500,30000
99,training_37,tk_1lpirvfay4xl,,ex_4wec8tivjr3w,0.5716,"attention,maxpool,meanpool,final_state",lstm,2048,5,300,10,10,3,512,1004506748,2500,30000
0,training_63,tk_rr7fcoionz2r,,ex_5oi2fofpenyx,0.8436,"maxpool,meanpool",lstm,64,0,512,5,10,1,128,2002866410,10000,30000
1,training_84,tk_317dmqvdgbkd,,ex_5oi2fofpenyx,0.8240000000000001,"final_state,attention,meanpool,maxpool",cnn,1024,0,300,10,7,2,512,2294922467,10000,30000
2,training_64,tk_92c6nzqxxnuw,,ex_5oi2fofpenyx,0.8240000000000001,"meanpool,final_state,maxpool",cnn,64,2,128,5,7,2,512,2002866410,10000,30000
3,training_68,tk_wt0d0l57b1fs,,ex_5oi2fofpenyx,0.8124,final_state,lstm,512,0,512,10,10,2,128,2002866410,10000,30000
4,training_35,tk_v9766sqajdp5,,ex_5oi2fofpenyx,0.8268,maxpool,cnn,128,0,512,10,7,1,156,4076792239,10000,30000
5,training_83,tk_b907fx2pftn4,,ex_5oi2fofpenyx,0.8438,attention,boe,64,2,50,10,7,3,128,2294922467,10000,30000
6,training_46,tk_gsfwtfl5h24d,,ex_5oi2fofpenyx,0.8552,"meanpool,final_state,attention,maxpool",boe,2048,0,300,5,5,1,156,4076792239,10000,30000
7,training_55,tk_cybre7k7my24,,ex_5oi2fofpenyx,0.8234,"attention,meanpool,maxpool,final_state",cnn,128,2,300,5,10,2,128,2294922467,10000,30000
8,training_66,tk_4i5yk874leao,,ex_5oi2fofpenyx,0.8109999999999999,final_state,cnn,64,2,50,5,7,3,128,2294922467,10000,30000
9,training_60,tk_t0dervhkbwvp,,ex_5oi2fofpenyx,,maxpool,lstm,2048,2,50,1,5,2,156,2294922467,10000,30000
10,training_45,tk_w82273zs2lm3,,ex_5oi2fofpenyx,0.8186,"attention,maxpool",cnn,128,5,128,5,5,3,156,1004506748,10000,30000
11,training_18,tk_a9yjn4izvns2,,ex_5oi2fofpenyx,0.8188,maxpool,cnn,512,0,50,1,10,3,128,2294922467,10000,30000
12,training_57,tk_b5r0woxdr1s7,,ex_5oi2fofpenyx,0.8286,"maxpool,meanpool,attention,final_state",cnn,1024,2,128,10,10,2,512,4076792239,10000,30000
13,training_56,tk_ndf5sq01mb5d,,ex_5oi2fofpenyx,0.8526,"final_state,attention,meanpool",boe,64,2,128,5,7,2,512,1989894904,10000,30000
14,training_65,tk_g12o39tqx14f,,ex_5oi2fofpenyx,0.8440000000000001,meanpool,lstm,128,0,512,10,5,3,128,4076792239,10000,30000
15,training_33,tk_480ixw0cnicc,,ex_5oi2fofpenyx,0.8136,"final_state,attention,maxpool",lstm,64,2,50,1,10,1,512,4076792239,10000,30000
16,training_4,tk_n80ush4o35b6,,ex_5oi2fofpenyx,0.8312,"attention,maxpool,meanpool,final_state",lstm,512,2,50,10,5,1,128,2002866410,10000,30000
17,training_99,tk_br5ek82yo8m3,,ex_5oi2fofpenyx,0.8578,"attention,final_state",boe,2048,0,50,5,7,2,128,4076792239,10000,30000
18,training_31,tk_pi0ysmeinvbj,,ex_5oi2fofpenyx,0.8226,"meanpool,final_state,maxpool",lstm,512,0,512,5,10,2,512,1004506748,10000,30000
19,training_34,tk_t064ejus5tcp,,ex_5oi2fofpenyx,0.8178,"final_state,attention",lstm,1024,2,300,10,10,2,156,2002866410,10000,30000
20,training_85,tk_62nxn3ciqa1n,,ex_5oi2fofpenyx,0.8546,"attention,maxpool,final_state",boe,2048,5,128,10,7,2,156,1004506748,10000,30000
21,training_87,tk_e9ud4fwg4beo,,ex_5oi2fofpenyx,0.8444,"attention,meanpool,final_state",boe,1024,0,300,10,7,3,512,2002866410,10000,30000
22,training_25,tk_uv2qnvo7oa02,,ex_5oi2fofpenyx,0.815,"meanpool,attention",lstm,512,2,128,5,5,2,128,4076792239,10000,30000
23,training_6,tk_78nj63ktuqou,,ex_5oi2fofpenyx,0.8222,"meanpool,attention,final_state,maxpool",cnn,512,5,300,1,5,2,128,1004506748,10000,30000
24,training_38,tk_qhwv9qykrjab,,ex_5oi2fofpenyx,0.8444,"final_state,attention,maxpool,meanpool",boe,512,0,300,10,5,3,512,2002866410,10000,30000
25,training_41,tk_h5ecuq67i2v9,,ex_5oi2fofpenyx,0.8578,"meanpool,attention,maxpool",boe,1024,2,50,1,10,1,128,1989894904,10000,30000
26,training_58,tk_w1yxnchu4ngh,,ex_5oi2fofpenyx,,"attention,final_state,meanpool",lstm,64,5,128,1,10,3,128,1989894904,10000,30000
27,training_94,tk_yffffgbve3za,,ex_5oi2fofpenyx,0.8224,"final_state,maxpool",cnn,512,5,128,10,7,1,156,1989894904,10000,30000
28,training_70,tk_9oc2byg7jxm1,,ex_5oi2fofpenyx,0.856,maxpool,lr,1024,2,512,1,5,2,128,2294922467,10000,30000
29,training_17,tk_rq5zb9gr459a,,ex_5oi2fofpenyx,0.8552,"meanpool,final_state,attention,maxpool",lr,512,2,50,5,10,3,156,2294922467,10000,30000
30,training_17,tk_rq5zb9gr459a,,ex_5oi2fofpenyx,0.8552,"meanpool,final_state,attention,maxpool",lr,512,2,50,5,10,3,156,2294922467,10000,30000
31,training_32,tk_ccytmgfyknuj,,ex_5oi2fofpenyx,0.8586,"meanpool,attention,maxpool,final_state",lr,128,5,128,1,10,3,512,1989894904,10000,30000
32,training_49,tk_uaguopg6x7s7,,ex_5oi2fofpenyx,0.8588,"attention,final_state,maxpool,meanpool",lr,64,5,300,1,5,3,128,2002866410,10000,30000
33,training_11,tk_buqd4yyfpp1x,,ex_5oi2fofpenyx,0.8636,"meanpool,attention,maxpool",lr,128,5,300,10,7,3,128,1004506748,10000,30000
34,training_67,tk_ac6qohkg1yzc,,ex_5oi2fofpenyx,0.8586,"attention,final_state,meanpool,maxpool",lr,128,0,512,5,7,1,156,1989894904,10000,30000
35,training_26,tk_9pgj73r604mh,,ex_5oi2fofpenyx,0.8590000000000001,attention,lr,2048,5,300,5,7,3,128,1989894904,10000,30000
36,training_71,tk_cn3j49lxg6vv,,ex_5oi2fofpenyx,0.8574,meanpool,lr,512,2,128,10,5,2,128,1989894904,10000,30000
37,training_36,tk_nzs6zhnulvvg,,ex_5oi2fofpenyx,0.8592,"final_state,meanpool,maxpool,attention",lr,512,2,128,5,10,3,156,1989894904,10000,30000
38,training_73,tk_95xpb7sgu28x,,ex_5oi2fofpenyx,0.833,attention,cnn,128,5,300,1,10,1,156,1004506748,10000,30000
39,training_54,tk_xq7dga00ihw4,,ex_5oi2fofpenyx,0.8048,"final_state,meanpool,maxpool,attention",cnn,2048,5,300,10,10,3,156,2002866410,10000,30000
40,training_50,tk_s4gy28mtqcx0,,ex_5oi2fofpenyx,0.828,"final_state,maxpool",lstm,512,5,300,5,10,3,512,2002866410,10000,30000
41,training_97,tk_1etbh2rjpsdn,,ex_5oi2fofpenyx,0.8322,"final_state,meanpool,maxpool,attention",cnn,64,2,300,1,7,2,156,4076792239,10000,30000
42,training_44,tk_w66yz39ozofu,,ex_5oi2fofpenyx,0.8544,"meanpool,final_state,attention,maxpool",lr,128,0,50,10,5,2,512,2002866410,10000,30000
43,training_16,tk_zu289eag67yp,,ex_5oi2fofpenyx,0.8616,"attention,meanpool,maxpool",lr,64,0,300,5,5,3,512,1004506748,10000,30000
44,training_3,tk_ysjynyzlvh1r,,ex_5oi2fofpenyx,0.8568,meanpool,boe,1024,5,50,5,10,3,156,1989894904,10000,30000
45,training_14,tk_lwst8hqxpdpk,,ex_5oi2fofpenyx,0.8408,"maxpool,attention",boe,512,0,50,10,5,3,128,2294922467,10000,30000
46,training_93,tk_fsokr2bgfom6,,ex_5oi2fofpenyx,0.8522,attention,boe,1024,2,50,1,10,3,128,2294922467,10000,30000
47,training_28,tk_gz0nlssy4f5r,,ex_5oi2fofpenyx,0.8514,"final_state,meanpool",boe,128,2,128,5,5,1,128,4076792239,10000,30000
48,training_37,tk_ujtc0fhcil2d,,ex_5oi2fofpenyx,0.8566,"meanpool,attention",boe,2048,2,300,1,10,3,512,4076792239,10000,30000
49,training_9,tk_uhldie9l9q42,,ex_5oi2fofpenyx,0.8566,meanpool,boe,128,2,300,1,10,2,512,4076792239,10000,30000
50,training_86,tk_xkwqvqoekfzm,,ex_5oi2fofpenyx,0.8574,"meanpool,final_state",boe,512,0,300,1,7,3,128,4076792239,10000,30000
51,training_61,tk_4qii4bfzvgcb,,ex_5oi2fofpenyx,0.8594,meanpool,boe,128,2,128,1,7,2,128,1989894904,10000,30000
52,training_90,tk_ndrz61utb7ws,,ex_5oi2fofpenyx,0.8342,meanpool,cnn,128,2,50,1,10,1,128,1989894904,10000,30000
53,training_79,tk_9ob243lvwlcr,,ex_5oi2fofpenyx,0.8582,"maxpool,meanpool,attention",lr,1024,0,128,10,5,1,156,1989894904,10000,30000
54,training_62,tk_6gqwlcs4106r,,ex_5oi2fofpenyx,0.8556,attention,lr,128,2,300,10,5,2,128,2002866410,10000,30000
55,training_43,tk_jgp6fz5kukjw,,ex_5oi2fofpenyx,0.8224,"maxpool,attention",cnn,2048,2,50,10,10,3,156,2294922467,10000,30000
56,training_95,tk_bau2i6w5z9w5,,ex_5oi2fofpenyx,0.8306,"final_state,maxpool",lstm,128,0,50,10,10,2,512,4076792239,10000,30000
57,training_76,tk_wcuhlatpoqu7,,ex_5oi2fofpenyx,0.8064,"meanpool,attention",cnn,512,0,50,10,10,2,156,1004506748,10000,30000
58,training_27,tk_uicpej0nzda3,,ex_5oi2fofpenyx,0.8544,"meanpool,maxpool,attention,final_state",lr,512,0,300,10,10,2,156,2002866410,10000,30000
59,training_42,tk_44n7r3h6af4t,,ex_5oi2fofpenyx,0.8568,"final_state,maxpool,meanpool",lr,64,5,50,10,5,1,512,2002866410,10000,30000
60,training_2,tk_cgzcl89g8hfj,,ex_5oi2fofpenyx,0.8514,"attention,maxpool",boe,1024,0,50,10,5,2,512,1989894904,10000,30000
61,training_59,tk_ieq25roymaba,,ex_5oi2fofpenyx,0.8374,"meanpool,final_state",lstm,128,2,50,5,10,1,512,4076792239,10000,30000
62,training_13,tk_kug9jk7y08qw,,ex_5oi2fofpenyx,0.8204,"meanpool,final_state,attention,maxpool",cnn,512,5,128,5,5,1,128,2294922467,10000,30000
63,training_89,tk_ok9zkmfs1r7y,,ex_5oi2fofpenyx,0.8290000000000001,"meanpool,maxpool,attention,final_state",cnn,64,0,128,5,7,2,128,1004506748,10000,30000
64,training_48,tk_v6d0kxqznjnb,,ex_5oi2fofpenyx,0.8606,"final_state,maxpool",lr,64,0,50,10,7,2,512,1004506748,10000,30000
65,training_77,tk_vi4c00ynsz5r,,ex_5oi2fofpenyx,0.8532,"attention,final_state",lr,1024,0,128,5,10,2,156,2294922467,10000,30000
66,training_7,tk_iyrqxcj9ulgg,,ex_5oi2fofpenyx,0.8552,"maxpool,attention",lr,1024,2,512,5,10,1,128,2294922467,10000,30000
67,training_78,tk_mn4qve69r96q,,ex_5oi2fofpenyx,0.8574,final_state,lr,2048,5,50,10,5,1,128,1989894904,10000,30000
68,training_92,tk_442npzbuuq2u,,ex_5oi2fofpenyx,0.8556,"maxpool,meanpool",lr,1024,2,300,10,5,3,156,2002866410,10000,30000
69,training_91,tk_d9aq3zqr5mo0,,ex_5oi2fofpenyx,0.8618,"meanpool,attention",lr,128,2,512,10,7,2,156,1004506748,10000,30000
70,training_81,tk_xeagqtk37gau,,ex_5oi2fofpenyx,0.8612,"meanpool,maxpool,attention",lr,64,2,128,10,10,1,156,4076792239,10000,30000
71,training_15,tk_1y85sbfa6hxb,,ex_5oi2fofpenyx,0.8588,"maxpool,attention",lr,512,0,512,10,10,3,156,4076792239,10000,30000
72,training_1,tk_00pp1cdltnal,,ex_5oi2fofpenyx,0.8420000000000001,"maxpool,final_state,meanpool,attention",lstm,64,0,128,5,10,1,156,4076792239,10000,30000
73,training_88,tk_avddqja38sqw,,ex_5oi2fofpenyx,0.8568,"maxpool,final_state,attention,meanpool",lr,128,5,128,10,5,2,128,2294922467,10000,30000
74,training_22,tk_eq3x55us9gdl,,ex_5oi2fofpenyx,0.8156,"final_state,meanpool",cnn,1024,0,128,10,7,3,128,2294922467,10000,30000
75,training_75,tk_olbh7nck5kj6,,ex_5oi2fofpenyx,0.8096,maxpool,lstm,128,2,50,10,10,3,156,1004506748,10000,30000
76,training_5,tk_woxhzpzqqsr5,,ex_5oi2fofpenyx,0.8586,"meanpool,attention,final_state,maxpool",lr,128,0,512,5,7,3,128,1989894904,10000,30000
77,training_96,tk_bu6mga39cvym,,ex_5oi2fofpenyx,0.8532,"maxpool,attention",lr,64,0,50,5,7,1,128,2294922467,10000,30000
78,training_30,tk_99dalqmw4ps7,,ex_5oi2fofpenyx,0.8608,"final_state,meanpool,maxpool",lr,128,0,128,5,7,3,512,4076792239,10000,30000
79,training_47,tk_4o01ddqrjl9l,,ex_5oi2fofpenyx,0.823,"final_state,maxpool,attention",cnn,128,0,300,5,5,2,512,2294922467,10000,30000
80,training_29,tk_pi6bxqo5ptx2,,ex_5oi2fofpenyx,0.8468,"meanpool,final_state,attention,maxpool",boe,1024,5,128,5,7,1,128,2294922467,10000,30000
81,training_24,tk_en9p0dxvc5ar,,ex_5oi2fofpenyx,0.8240000000000001,"maxpool,meanpool,final_state,attention",cnn,512,5,512,5,7,3,128,2294922467,10000,30000
82,training_51,tk_esyj0c1353wv,,ex_5oi2fofpenyx,0.826,"attention,final_state,maxpool,meanpool",cnn,512,0,300,5,5,1,128,4076792239,10000,30000
83,training_23,tk_3ifaw0nf6pof,,ex_5oi2fofpenyx,0.8626,"attention,maxpool,meanpool",lr,64,5,512,5,5,2,156,4076792239,10000,30000
84,training_19,tk_3fwm1f8ugms8,,ex_5oi2fofpenyx,0.8626,"maxpool,final_state,attention",lr,512,5,300,5,10,1,156,4076792239,10000,30000
85,training_80,tk_03cdwpdme0n9,,ex_5oi2fofpenyx,0.8342,attention,lstm,64,5,512,10,10,1,128,1989894904,10000,30000
86,training_53,tk_uh50ttd6jm54,,ex_5oi2fofpenyx,0.8086,meanpool,cnn,2048,0,512,10,5,1,512,1989894904,10000,30000
87,training_8,tk_8b2fbabu0s0e,,ex_5oi2fofpenyx,0.8342,"attention,meanpool,maxpool",cnn,1024,0,128,1,10,2,156,1004506748,10000,30000
88,training_39,tk_dy51tnpkmv07,,ex_5oi2fofpenyx,0.8382,"final_state,meanpool,maxpool",lstm,1024,0,128,5,7,2,128,4076792239,10000,30000
89,training_12,tk_6umf4jdcpqzl,,ex_5oi2fofpenyx,0.856,"attention,maxpool,final_state",lr,64,2,300,1,10,1,156,2294922467,10000,30000
90,training_0,tk_znxp56ydtwgx,,ex_5oi2fofpenyx,0.8574,"final_state,attention,maxpool",boe,64,5,300,1,5,3,156,1004506748,10000,30000
91,training_72,tk_c9q46n8gx6bu,,ex_5oi2fofpenyx,0.8076,"attention,final_state",cnn,1024,2,512,10,10,3,512,1989894904,10000,30000
92,training_98,tk_mo8nwa2jaatd,,ex_5oi2fofpenyx,0.856,"final_state,attention",lr,64,2,128,1,5,3,156,2294922467,10000,30000
93,training_74,tk_npwnoh5cw04n,,ex_5oi2fofpenyx,0.8588,"maxpool,meanpool,attention",lr,128,5,300,1,10,2,512,2002866410,10000,30000
94,training_21,tk_92nn13jlo9as,,ex_5oi2fofpenyx,0.8588,"meanpool,attention",lr,1024,5,50,1,10,3,512,2002866410,10000,30000
95,training_82,tk_ypylm958z9tz,,ex_5oi2fofpenyx,0.8474,"maxpool,final_state,attention,meanpool",boe,1024,0,512,10,7,3,156,1989894904,10000,30000
96,training_40,tk_b03mxirss8js,,ex_5oi2fofpenyx,0.8582,"final_state,meanpool,maxpool,attention",lr,128,2,50,1,10,1,156,1989894904,10000,30000
97,training_52,tk_i0vgx4zl7eog,,ex_5oi2fofpenyx,0.8212,final_state,lstm,1024,0,512,5,5,3,128,4076792239,10000,30000
98,training_10,tk_btlrulyw66pz,,ex_5oi2fofpenyx,0.81,attention,lstm,1024,5,512,1,10,3,156,1004506748,10000,30000
99,training_20,tk_zg9jsgp0htnw,,ex_5oi2fofpenyx,0.8262,"attention,meanpool",lstm,2048,0,512,5,5,3,512,2294922467,10000,30000
0,training_11,tk_bxcge5osmx6l,,ex_3yxymf2kle3s,0.5998,maxpool,lstm,1024,2,512,10,5,3,156,1004506748,500,30000
1,training_1,tk_orpcl5wedtli,,ex_3yxymf2kle3s,0.7546,"attention,final_state,maxpool,meanpool",boe,1024,2,300,5,5,1,156,2002866410,500,30000
2,training_81,tk_p3uuoni04fxi,,ex_3yxymf2kle3s,0.7474,final_state,boe,512,5,50,10,5,1,128,1989894904,500,30000
3,training_86,tk_4ipof0o7mlcm,,ex_3yxymf2kle3s,0.7514,attention,cnn,512,2,512,10,5,1,128,1004506748,500,30000
4,training_47,tk_wdvkj9dpv7t3,,ex_3yxymf2kle3s,0.754,"attention,maxpool,meanpool,final_state",boe,64,0,512,10,7,2,156,2002866410,500,30000
5,training_75,tk_fcpx7lw81gmb,,ex_3yxymf2kle3s,0.7018,"maxpool,attention,final_state,meanpool",lstm,512,2,128,10,5,2,128,1989894904,500,30000
6,training_51,tk_e01smf51z4iu,,ex_3yxymf2kle3s,0.7338,"attention,maxpool",cnn,1024,2,300,1,7,1,512,1989894904,500,30000
7,training_0,tk_yawk7gglo46z,,ex_3yxymf2kle3s,0.769,"final_state,attention,meanpool",lr,64,2,128,10,5,1,512,2002866410,500,30000
8,training_65,tk_v104ef0gaa9v,,ex_3yxymf2kle3s,0.7166,"final_state,meanpool,maxpool,attention",cnn,2048,2,50,1,7,2,156,1989894904,500,30000
9,training_19,tk_1lf62qhu26t9,,ex_3yxymf2kle3s,0.7554,"meanpool,maxpool",boe,2048,2,512,1,5,3,156,1989894904,500,30000
10,training_93,tk_awunh8r3xnx4,,ex_3yxymf2kle3s,0.7578,"attention,maxpool",lr,512,0,128,10,7,1,512,1004506748,500,30000
11,training_58,tk_3k3i3tq9mtjj,,ex_3yxymf2kle3s,0.745,"attention,maxpool,final_state",cnn,128,0,128,1,7,2,128,1989894904,500,30000
12,training_62,tk_4ebehk2t0ur1,,ex_3yxymf2kle3s,0.7628,attention,lr,64,0,128,10,10,1,512,1989894904,500,30000
13,training_64,tk_lqnfxn556ak5,,ex_3yxymf2kle3s,0.7294,"meanpool,maxpool,attention,final_state",cnn,128,2,50,1,7,2,128,1004506748,500,30000
14,training_54,tk_tuxiem1r9fev,,ex_3yxymf2kle3s,0.7468,attention,cnn,128,0,512,1,7,2,156,1989894904,500,30000
15,training_82,tk_q0vsb2zysbii,,ex_3yxymf2kle3s,0.7468,meanpool,boe,64,5,50,10,10,2,512,1004506748,500,30000
16,training_87,tk_gc7kuegu18jt,,ex_3yxymf2kle3s,0.7562,"meanpool,final_state,maxpool",boe,128,2,512,5,10,3,128,1989894904,500,30000
17,training_83,tk_r5g4r9rv3kak,,ex_3yxymf2kle3s,0.7616,"maxpool,attention",lr,2048,5,512,10,7,2,128,4076792239,500,30000
18,training_95,tk_8v00t68y8oid,,ex_3yxymf2kle3s,0.764,"final_state,meanpool,attention",lr,2048,2,128,5,10,3,128,2002866410,500,30000
19,training_18,tk_8ylw9h6a0fwo,,ex_3yxymf2kle3s,0.7628,"attention,final_state,maxpool",lr,64,0,512,10,5,3,156,1989894904,500,30000
20,training_17,tk_9va0moqrjfhb,,ex_3yxymf2kle3s,0.5996,"meanpool,attention,final_state",lstm,128,0,512,1,5,2,512,1004506748,500,30000
21,training_59,tk_a4wp5f718qfx,,ex_3yxymf2kle3s,0.7594,meanpool,lr,64,2,50,5,7,3,156,1004506748,500,30000
22,training_24,tk_jqiwpbvqz510,,ex_3yxymf2kle3s,0.7374,"final_state,attention,maxpool",cnn,512,0,300,10,7,3,156,2294922467,500,30000
23,training_4,tk_tmkhcyio2cvv,,ex_3yxymf2kle3s,0.742,"final_state,meanpool,attention",boe,2048,2,512,5,7,1,156,4076792239,500,30000
24,training_77,tk_cfl86sxjrox5,,ex_3yxymf2kle3s,0.7592,"final_state,meanpool,maxpool,attention",lr,64,0,512,1,5,2,156,4076792239,500,30000
25,training_67,tk_hurgul6t7b7p,,ex_3yxymf2kle3s,0.745,final_state,boe,128,0,128,1,5,1,512,4076792239,500,30000
26,training_76,tk_g85tg64qtjbm,,ex_3yxymf2kle3s,0.7502,"meanpool,attention",lr,2048,5,300,1,10,2,156,1004506748,500,30000
27,training_16,tk_mxl3lqiwucgx,,ex_3yxymf2kle3s,0.7658,"meanpool,maxpool",lr,64,5,300,5,5,2,156,1004506748,500,30000
28,training_9,tk_lgac8o07fjji,,ex_3yxymf2kle3s,0.7632,"meanpool,attention,maxpool",lr,2048,0,512,10,7,2,156,2002866410,500,30000
29,training_32,tk_koaqr85uht2o,,ex_3yxymf2kle3s,0.7706,"meanpool,final_state,attention,maxpool",lr,64,5,50,10,7,2,128,1989894904,500,30000
30,training_32,tk_koaqr85uht2o,,ex_3yxymf2kle3s,0.7706,"meanpool,final_state,attention,maxpool",lr,64,5,50,10,7,2,128,1989894904,500,30000
31,training_98,tk_cv5r1wpok97l,,ex_3yxymf2kle3s,0.7662,maxpool,lr,512,5,128,10,7,3,156,1004506748,500,30000
32,training_99,tk_5us056a23ww0,,ex_3yxymf2kle3s,0.7662,"attention,maxpool,final_state,meanpool",lr,1024,5,512,10,5,1,512,1004506748,500,30000
33,training_10,tk_6036xn68nwmz,,ex_3yxymf2kle3s,0.7659999999999999,"maxpool,final_state,meanpool",lr,512,2,300,10,5,2,512,1989894904,500,30000
34,training_49,tk_lupfhd7fvljw,,ex_3yxymf2kle3s,0.7558,maxpool,lr,1024,0,512,1,7,3,156,1004506748,500,30000
35,training_43,tk_hh6516311n8w,,ex_3yxymf2kle3s,0.7524,"maxpool,final_state,attention,meanpool",lr,1024,2,300,10,5,3,156,2294922467,500,30000
36,training_89,tk_opgsl71xdefv,,ex_3yxymf2kle3s,0.7674,"final_state,attention",lr,128,2,512,1,10,2,512,2002866410,500,30000
37,training_71,tk_v2pkc8xeimcx,,ex_3yxymf2kle3s,0.7534,"meanpool,final_state,maxpool",boe,1024,0,300,5,10,3,128,2002866410,500,30000
38,training_80,tk_08tzf7kuoh6k,,ex_3yxymf2kle3s,0.759,"meanpool,final_state,maxpool,attention",lr,512,0,512,10,5,1,156,4076792239,500,30000
39,training_8,tk_w7lc6ohsxqym,,ex_3yxymf2kle3s,0.7478,"maxpool,attention,final_state,meanpool",boe,128,0,50,10,10,1,512,2002866410,500,30000
40,training_26,tk_qcusr31uadpc,,ex_3yxymf2kle3s,0.7428,"final_state,maxpool",boe,1024,2,50,5,5,3,128,1004506748,500,30000
41,training_69,tk_2fsl2jqds2bw,,ex_3yxymf2kle3s,0.7509999999999999,"final_state,meanpool,maxpool,attention",boe,512,2,50,10,10,3,128,2002866410,500,30000
42,training_73,tk_um6oxhntiisu,,ex_3yxymf2kle3s,0.743,"meanpool,final_state",boe,1024,2,50,1,5,1,128,4076792239,500,30000
43,training_45,tk_mxr530is2inn,,ex_3yxymf2kle3s,0.747,"maxpool,final_state,meanpool",boe,64,5,50,10,5,2,156,4076792239,500,30000
44,training_85,tk_gih0trdgooqp,,ex_3yxymf2kle3s,0.6686,"attention,maxpool,final_state,meanpool",lstm,128,2,128,10,10,1,128,2002866410,500,30000
45,training_91,tk_de3ippiluvk4,,ex_3yxymf2kle3s,0.6752,attention,lstm,128,0,50,5,5,1,128,1004506748,500,30000
46,training_53,tk_ombgifyonvhi,,ex_3yxymf2kle3s,0.7478,"final_state,maxpool",boe,512,0,50,5,10,1,128,2002866410,500,30000
47,training_68,tk_gzvjo07r19k1,,ex_3yxymf2kle3s,0.767,attention,boe,128,2,128,5,5,1,128,1989894904,500,30000
48,training_96,tk_zqsk5zrgzf35,,ex_3yxymf2kle3s,0.7322,"meanpool,attention,final_state",boe,1024,5,50,1,5,3,512,2294922467,500,30000
49,training_56,tk_xg47ucxtui9c,,ex_3yxymf2kle3s,0.5714,"final_state,maxpool,meanpool,attention",lstm,64,2,128,1,5,2,128,2294922467,500,30000
50,training_20,tk_cbzihf8tnbl2,,ex_3yxymf2kle3s,0.7622,"meanpool,final_state,attention",lr,1024,2,512,1,10,3,128,4076792239,500,30000
51,training_13,tk_aifef1ckpq0b,,ex_3yxymf2kle3s,0.762,attention,boe,512,0,300,5,10,1,156,1989894904,500,30000
52,training_41,tk_o8hs28p4rc18,,ex_3yxymf2kle3s,0.7624,"final_state,maxpool,attention",boe,128,2,300,10,7,1,512,1004506748,500,30000
53,training_25,tk_5of3d9s18ob3,,ex_3yxymf2kle3s,0.7636,"maxpool,attention",boe,512,5,128,10,5,2,128,1989894904,500,30000
54,training_55,tk_b9xwt1te7yv0,,ex_3yxymf2kle3s,0.7616,"maxpool,attention,meanpool",lr,2048,2,50,5,7,2,512,4076792239,500,30000
55,training_31,tk_al9dxxfv0fi8,,ex_3yxymf2kle3s,0.7454,"attention,maxpool,final_state",boe,512,5,50,5,7,2,128,1004506748,500,30000
56,training_46,tk_8v5xybc44bk9,,ex_3yxymf2kle3s,0.7616,"meanpool,final_state,maxpool",lr,1024,2,512,10,5,3,128,1004506748,500,30000
57,training_30,tk_btjxrxntyy4f,,ex_3yxymf2kle3s,0.6998,"meanpool,maxpool",lstm,128,0,512,10,10,2,128,1004506748,500,30000
58,training_94,tk_xwzvh1jky92t,,ex_3yxymf2kle3s,0.7664,"maxpool,final_state",lr,2048,5,50,10,7,1,512,2294922467,500,30000
59,training_27,tk_3pytd39w4elc,,ex_3yxymf2kle3s,0.764,"final_state,attention,maxpool,meanpool",lr,1024,0,128,5,10,1,128,2002866410,500,30000
60,training_40,tk_b7nt4m3j4p3p,,ex_3yxymf2kle3s,0.7552,maxpool,boe,64,0,512,10,10,1,128,1004506748,500,30000
61,training_50,tk_xojs8nm2o816,,ex_3yxymf2kle3s,0.7424,"meanpool,attention,maxpool,final_state",cnn,128,2,300,1,5,3,128,2294922467,500,30000
62,training_34,tk_a2131dkkawy5,,ex_3yxymf2kle3s,0.6642,"final_state,attention,meanpool",lstm,128,0,128,5,5,3,512,1004506748,500,30000
63,training_14,tk_dcdzl86wrimc,,ex_3yxymf2kle3s,0.685,"meanpool,final_state,maxpool,attention",lstm,128,5,300,10,5,2,128,1004506748,500,30000
64,training_63,tk_dsumi78br58m,,ex_3yxymf2kle3s,0.7284,"meanpool,final_state,attention",cnn,2048,2,128,1,5,3,156,1004506748,500,30000
65,training_48,tk_9emmuyalymi1,,ex_3yxymf2kle3s,0.574,"attention,final_state,meanpool,maxpool",lstm,128,5,300,1,10,3,156,1004506748,500,30000
66,training_88,tk_gbam7g0gfotc,,ex_3yxymf2kle3s,0.7472,attention,cnn,2048,2,300,1,5,2,128,2294922467,500,30000
67,training_60,tk_5zrhcnfwzot0,,ex_3yxymf2kle3s,0.7622,"maxpool,attention,meanpool",lr,512,2,512,1,7,2,512,4076792239,500,30000
68,training_97,tk_np1dtgcw0tgw,,ex_3yxymf2kle3s,0.7464,"attention,final_state,meanpool,maxpool",cnn,64,0,300,5,10,1,156,2002866410,500,30000
69,training_29,tk_37qyxjswh4w5,,ex_3yxymf2kle3s,0.764,"final_state,meanpool,attention",cnn,128,5,300,5,7,1,512,1004506748,500,30000
70,training_37,tk_0xmcr3b1o22p,,ex_3yxymf2kle3s,0.745,maxpool,cnn,512,2,128,1,5,3,512,2002866410,500,30000
71,training_42,tk_hb136540uf6v,,ex_3yxymf2kle3s,0.6204,final_state,lstm,512,0,128,5,5,3,128,2294922467,500,30000
72,training_22,tk_bhwgcrw6n7sj,,ex_3yxymf2kle3s,0.7434,"meanpool,maxpool,attention,final_state",cnn,128,5,300,1,5,3,512,4076792239,500,30000
73,training_6,tk_lx9vzu8ds3ig,,ex_3yxymf2kle3s,0.7356,"final_state,meanpool",cnn,2048,5,300,10,7,2,156,2002866410,500,30000
74,training_74,tk_p7c0owxbze6m,,ex_3yxymf2kle3s,0.7528,"attention,maxpool,meanpool,final_state",cnn,128,5,300,1,7,1,512,2002866410,500,30000
75,training_70,tk_a24pm0ha33sq,,ex_3yxymf2kle3s,0.7718,"final_state,maxpool,meanpool,attention",lr,64,5,50,5,7,2,512,2002866410,500,30000
76,training_61,tk_40w26iu86s8f,,ex_3yxymf2kle3s,0.7414,"meanpool,final_state,maxpool,attention",cnn,64,0,512,5,7,2,512,1989894904,500,30000
77,training_28,tk_ptrq11ohish0,,ex_3yxymf2kle3s,0.7556,"maxpool,final_state,meanpool,attention",boe,64,0,512,10,5,3,512,2294922467,500,30000
78,training_2,tk_2swdfgyyc4yz,,ex_3yxymf2kle3s,0.7472,meanpool,cnn,64,0,512,10,10,1,128,1989894904,500,30000
79,training_92,tk_1h5zlkcysmj1,,ex_3yxymf2kle3s,0.7424,"meanpool,final_state,attention,maxpool",cnn,128,5,512,10,7,3,128,1989894904,500,30000
80,training_35,tk_006yml9626lg,,ex_3yxymf2kle3s,0.6362,"meanpool,attention,maxpool,final_state",lstm,512,0,300,5,5,2,512,2294922467,500,30000
81,training_84,tk_xluwqr3oslwo,,ex_3yxymf2kle3s,0.7434,"final_state,meanpool,attention,maxpool",cnn,128,2,300,10,10,3,512,4076792239,500,30000
82,training_57,tk_224a7c4utfdw,,ex_3yxymf2kle3s,0.7266,"final_state,meanpool,maxpool",cnn,512,2,50,1,7,2,512,2294922467,500,30000
83,training_21,tk_n6yct00ral8e,,ex_3yxymf2kle3s,0.6316,"meanpool,maxpool,attention",lstm,512,2,128,10,5,3,156,1989894904,500,30000
84,training_90,tk_4pseprfauk8d,,ex_3yxymf2kle3s,0.6386,maxpool,lstm,512,2,300,5,5,2,156,1004506748,500,30000
85,training_3,tk_2mq1z7meoabr,,ex_3yxymf2kle3s,0.5442,final_state,lstm,512,0,300,1,5,3,128,4076792239,500,30000
86,training_12,tk_vnnkewth2kzo,,ex_3yxymf2kle3s,0.6794,"meanpool,final_state,maxpool,attention",lstm,2048,0,50,10,7,1,128,1989894904,500,30000
87,training_38,tk_fkniedy5yaev,,ex_3yxymf2kle3s,0.6544,"final_state,attention,meanpool,maxpool",lstm,2048,5,128,10,10,1,128,4076792239,500,30000
88,training_7,tk_sc54pzs441k4,,ex_3yxymf2kle3s,0.5466,"attention,meanpool,final_state",lstm,1024,5,128,1,7,1,128,2294922467,500,30000
89,training_72,tk_u68w11anssof,,ex_3yxymf2kle3s,0.5226,"final_state,meanpool,attention",lstm,1024,0,50,1,7,3,128,1989894904,500,30000
90,training_79,tk_u8iu84p773hp,,ex_3yxymf2kle3s,0.6754,"attention,maxpool,meanpool",lstm,1024,2,300,10,7,3,128,1989894904,500,30000
91,training_33,tk_z1k5sq0py8qg,,ex_3yxymf2kle3s,0.7118,"maxpool,attention,meanpool",cnn,1024,5,300,1,10,1,512,1989894904,500,30000
92,training_44,tk_fzzd2z1mxyjz,,ex_3yxymf2kle3s,0.618,"maxpool,meanpool",lstm,2048,5,128,5,10,2,156,1989894904,500,30000
93,training_39,tk_05s897jtzqux,,ex_3yxymf2kle3s,0.7346,meanpool,cnn,64,5,512,1,10,2,512,1989894904,500,30000
94,training_15,tk_tidqxrevl254,,ex_3yxymf2kle3s,0.7432,"final_state,attention,maxpool",cnn,512,0,512,5,10,2,512,1989894904,500,30000
95,training_52,tk_5cxbcpt34u41,,ex_3yxymf2kle3s,0.6918,"attention,meanpool",lstm,2048,2,512,10,5,2,156,1004506748,500,30000
96,training_78,tk_9ua0qpk4xzm4,,ex_3yxymf2kle3s,0.6634,"meanpool,final_state,attention",lstm,2048,5,50,5,10,1,512,2294922467,500,30000
97,training_66,tk_j8ely32dh5wt,,ex_3yxymf2kle3s,0.3272,"final_state,meanpool,attention,maxpool",lstm,2048,2,128,10,5,3,128,2294922467,500,30000
98,training_5,tk_tawk2pztu2dn,,ex_3yxymf2kle3s,0.6609999999999999,"final_state,attention,maxpool",lstm,2048,2,512,10,5,1,512,2002866410,500,30000
99,training_23,tk_dn4hr3ox9mqr,,ex_3yxymf2kle3s,0.3214,"final_state,meanpool",lstm,2048,2,512,10,5,3,156,2294922467,500,30000
0,training_88,tk_880fnnymr5b0,,ex_8irfqdzasiti,0.7998,"final_state,maxpool,attention",lstm,2048,2,512,5,7,2,512,2002866410,5000,30000
1,training_29,tk_jnnhy93a5fba,,ex_8irfqdzasiti,0.8008,"maxpool,final_state",lstm,64,0,300,5,5,3,512,2002866410,5000,30000
2,training_51,tk_de0mw62lpuzk,,ex_8irfqdzasiti,0.6252,"final_state,attention,meanpool",lstm,2048,0,50,10,7,2,156,2002866410,5000,30000
3,training_6,tk_9onzawt36uc6,,ex_8irfqdzasiti,0.8144,"maxpool,meanpool,attention,final_state",lstm,128,5,128,10,10,2,128,2294922467,5000,30000
4,training_40,tk_th6prl7aww84,,ex_8irfqdzasiti,0.8216,"final_state,attention",lstm,128,5,300,5,5,3,512,2294922467,5000,30000
5,training_99,tk_k0g0pj5pvvfb,,ex_8irfqdzasiti,0.8462,"meanpool,final_state,maxpool,attention",lr,128,2,300,1,7,1,128,2002866410,5000,30000
6,training_47,tk_7nswyrqy672o,,ex_8irfqdzasiti,0.8246,"final_state,maxpool,meanpool,attention",cnn,512,5,512,5,5,3,512,1004506748,5000,30000
7,training_11,tk_pnx4ifx35azs,,ex_8irfqdzasiti,0.8492,final_state,lr,128,5,50,5,5,3,128,1989894904,5000,30000
8,training_39,tk_jax6aluwj15s,,ex_8irfqdzasiti,0.8390000000000001,"final_state,attention,maxpool,meanpool",boe,512,0,512,10,7,2,128,4076792239,5000,30000
9,training_94,tk_z5949f6pupd0,,ex_8irfqdzasiti,0.8446,"final_state,maxpool,attention,meanpool",boe,128,2,512,1,5,1,128,4076792239,5000,30000
10,training_16,tk_fw9v9n82zrq2,,ex_8irfqdzasiti,0.8464,maxpool,boe,64,0,50,1,7,2,156,4076792239,5000,30000
11,training_75,tk_ulnuf7vafsf9,,ex_8irfqdzasiti,0.8454,final_state,lr,64,2,128,1,10,1,156,1004506748,5000,30000
12,training_98,tk_u78jokl2wrlm,,ex_8irfqdzasiti,0.8438,maxpool,boe,128,5,512,1,10,3,512,1989894904,5000,30000
13,training_0,tk_bh4273ofocsg,,ex_8irfqdzasiti,0.8314,"final_state,attention",cnn,512,0,512,1,7,2,156,1004506748,5000,30000
14,training_32,tk_boo6iziidnm4,,ex_8irfqdzasiti,0.8454,"final_state,attention,meanpool,maxpool",lr,512,0,128,5,7,1,156,1989894904,5000,30000
15,training_62,tk_0mitiz4i0n7z,,ex_8irfqdzasiti,0.8468,"attention,maxpool,final_state,meanpool",lr,64,0,50,1,5,3,512,4076792239,5000,30000
16,training_69,tk_xx4kkjq2vk1p,,ex_8irfqdzasiti,0.8428,"maxpool,final_state",lr,1024,0,128,10,10,1,512,1004506748,5000,30000
17,training_56,tk_po305m5in9nu,,ex_8irfqdzasiti,0.8508,"meanpool,final_state,attention",lr,1024,0,128,1,7,1,128,2294922467,5000,30000
18,training_92,tk_zlgkl1nc4hm0,,ex_8irfqdzasiti,0.8512,"maxpool,final_state,meanpool",lr,1024,0,512,10,10,1,512,2294922467,5000,30000
19,training_65,tk_k9cihdfyvw81,,ex_8irfqdzasiti,0.8554,final_state,lr,64,5,50,10,10,1,128,2294922467,5000,30000
20,training_85,tk_yk9po8x3tuck,,ex_8irfqdzasiti,0.8424,"final_state,attention,maxpool",boe,512,2,50,5,10,2,128,1989894904,5000,30000
21,training_79,tk_u0bdam5qd3so,,ex_8irfqdzasiti,0.8454,"meanpool,maxpool,final_state",boe,1024,5,128,5,10,1,156,1004506748,5000,30000
22,training_25,tk_kfso6rtvg1e4,,ex_8irfqdzasiti,0.8444,"maxpool,attention,meanpool",boe,2048,2,50,5,7,2,512,4076792239,5000,30000
23,training_18,tk_pywn336hsscj,,ex_8irfqdzasiti,0.8432,"attention,meanpool,final_state",lr,2048,0,300,10,7,1,512,2002866410,5000,30000
24,training_14,tk_raza1td7pduc,,ex_8irfqdzasiti,0.8464,"final_state,meanpool,attention",boe,128,0,50,1,5,1,512,4076792239,5000,30000
25,training_15,tk_w8h1fepg7fm9,,ex_8irfqdzasiti,0.8444,"maxpool,final_state,attention,meanpool",boe,2048,2,50,1,5,1,512,1004506748,5000,30000
26,training_20,tk_994odevtr0s8,,ex_8irfqdzasiti,0.8498,"final_state,meanpool,maxpool,attention",lr,1024,0,128,5,7,3,512,2294922467,5000,30000
27,training_7,tk_o95fmu26sui6,,ex_8irfqdzasiti,0.848,"meanpool,final_state,maxpool,attention",lr,128,2,50,10,10,2,128,4076792239,5000,30000
28,training_77,tk_tlfx7up3xrf6,,ex_8irfqdzasiti,0.8466,"maxpool,meanpool,final_state,attention",lr,64,5,300,5,7,1,128,2002866410,5000,30000
29,training_4,tk_2dlpyc4qs6vo,,ex_8irfqdzasiti,0.8448,"maxpool,meanpool",boe,128,0,50,5,7,2,512,4076792239,5000,30000
30,training_4,tk_2dlpyc4qs6vo,,ex_8irfqdzasiti,0.8448,"maxpool,meanpool",boe,128,0,50,5,7,2,512,4076792239,5000,30000
31,training_82,tk_zh4lu761xoh5,,ex_8irfqdzasiti,0.8428,"attention,maxpool,meanpool,final_state",lr,64,0,300,10,5,1,512,1004506748,5000,30000
32,training_55,tk_up065cl5wi9x,,ex_8irfqdzasiti,0.8220000000000001,"maxpool,meanpool,final_state",lstm,128,0,128,10,7,1,512,4076792239,5000,30000
33,training_78,tk_cub75zn917je,,ex_8irfqdzasiti,0.8452,meanpool,boe,512,2,128,1,7,3,156,1989894904,5000,30000
34,training_93,tk_3szeum16rg8g,,ex_8irfqdzasiti,0.845,"final_state,maxpool,meanpool",lr,1024,2,50,10,10,2,156,2002866410,5000,30000
35,training_84,tk_5k9btxyt6r6u,,ex_8irfqdzasiti,0.8188,attention,cnn,64,2,50,5,7,3,512,1989894904,5000,30000
36,training_87,tk_o0cr49coiv8h,,ex_8irfqdzasiti,0.8174,"final_state,attention,meanpool,maxpool",cnn,128,0,128,10,5,1,128,2294922467,5000,30000
37,training_19,tk_sorpx4zvdu1j,,ex_8irfqdzasiti,0.8534,attention,lr,1024,2,50,5,7,3,156,2294922467,5000,30000
38,training_12,tk_tee8469h93y2,,ex_8irfqdzasiti,0.8118,"final_state,maxpool,meanpool",cnn,64,5,128,5,5,3,128,1989894904,5000,30000
39,training_72,tk_4ohl1atqbr9j,,ex_8irfqdzasiti,0.8444,"final_state,meanpool",lr,1024,2,50,5,5,1,156,2002866410,5000,30000
40,training_48,tk_xobtea0qq0e4,,ex_8irfqdzasiti,0.8466,"meanpool,attention",lr,2048,5,512,5,7,2,128,2002866410,5000,30000
41,training_67,tk_c8yumpasss54,,ex_8irfqdzasiti,0.8282,"meanpool,final_state",cnn,1024,2,128,5,5,3,128,2294922467,5000,30000
42,training_5,tk_ilnhe5ixrbfo,,ex_8irfqdzasiti,0.8154,"final_state,maxpool,attention,meanpool",cnn,64,5,50,1,10,3,512,2294922467,5000,30000
43,training_61,tk_a21etkizrel1,,ex_8irfqdzasiti,0.8044,"final_state,maxpool",cnn,128,2,128,5,10,2,156,4076792239,5000,30000
44,training_27,tk_hse1n9bbkvuh,,ex_8irfqdzasiti,0.8174,"maxpool,attention",cnn,128,5,128,10,7,2,512,4076792239,5000,30000
45,training_26,tk_41xbhxsavgx0,,ex_8irfqdzasiti,0.8448,"final_state,maxpool,meanpool",boe,2048,5,300,10,7,3,512,2002866410,5000,30000
46,training_36,tk_swm3ea4ac1b7,,ex_8irfqdzasiti,0.8448,"attention,final_state,meanpool,maxpool",boe,1024,0,300,1,7,1,512,4076792239,5000,30000
47,training_23,tk_i2p4ienturnd,,ex_8irfqdzasiti,0.8462,"attention,final_state,maxpool,meanpool",lr,1024,2,128,1,7,2,128,2002866410,5000,30000
48,training_37,tk_oeusyracb8ry,,ex_8irfqdzasiti,0.8008,"maxpool,meanpool",lstm,128,0,50,10,7,3,128,2294922467,5000,30000
49,training_1,tk_1uvx8z2u7jbp,,ex_8irfqdzasiti,0.8374,"final_state,meanpool",boe,512,0,300,5,5,2,512,1004506748,5000,30000
50,training_81,tk_e0p8me2bc2dy,,ex_8irfqdzasiti,0.8478,"attention,final_state",boe,2048,0,300,5,5,3,156,2294922467,5000,30000
51,training_21,tk_jb5u8ac2cm6v,,ex_8irfqdzasiti,0.7582,maxpool,lstm,64,2,300,1,7,2,128,1989894904,5000,30000
52,training_86,tk_mw7w30350765,,ex_8irfqdzasiti,0.8264,"final_state,attention,meanpool",cnn,512,2,300,10,5,1,156,1989894904,5000,30000
53,training_34,tk_kxlgkesboujg,,ex_8irfqdzasiti,0.813,"meanpool,final_state,attention",cnn,128,5,512,5,5,3,128,4076792239,5000,30000
54,training_90,tk_m3y1hi8dbh3i,,ex_8irfqdzasiti,0.8116,"attention,maxpool",cnn,512,5,300,10,7,2,156,2294922467,5000,30000
55,training_96,tk_nkdsvx3hw1v4,,ex_8irfqdzasiti,0.8406,meanpool,boe,128,0,512,5,5,3,512,2002866410,5000,30000
56,training_68,tk_pwtfed12x5qj,,ex_8irfqdzasiti,0.8212,"maxpool,meanpool,attention",cnn,1024,5,300,1,5,1,156,1989894904,5000,30000
57,training_50,tk_4y7i4qeycdk6,,ex_8irfqdzasiti,0.7216,"maxpool,attention,final_state,meanpool",lstm,64,5,50,1,7,2,512,1004506748,5000,30000
58,training_46,tk_hcp56kful02r,,ex_8irfqdzasiti,0.8446,"final_state,maxpool",boe,512,2,512,5,7,2,156,2294922467,5000,30000
59,training_38,tk_ie6gmzdw0s7p,,ex_8irfqdzasiti,0.8268,"maxpool,meanpool,final_state",cnn,1024,5,300,5,7,2,128,1989894904,5000,30000
60,training_28,tk_tkbub02plfke,,ex_8irfqdzasiti,0.8178,final_state,cnn,2048,5,128,5,5,3,512,1989894904,5000,30000
61,training_66,tk_mxyb3rfrnk8k,,ex_8irfqdzasiti,0.8412,"maxpool,final_state",boe,1024,0,512,5,10,1,156,1004506748,5000,30000
62,training_44,tk_i0oi0su9j7y6,,ex_8irfqdzasiti,0.8490000000000001,"maxpool,attention,final_state,meanpool",lr,64,2,128,1,10,2,156,4076792239,5000,30000
63,training_22,tk_01i6va0i5oh3,,ex_8irfqdzasiti,0.8168,"maxpool,meanpool,attention,final_state",cnn,64,5,300,5,5,1,512,4076792239,5000,30000
64,training_10,tk_7wizjvvx3a9f,,ex_8irfqdzasiti,0.818,"attention,maxpool",cnn,1024,0,300,5,7,1,512,1004506748,5000,30000
65,training_89,tk_x6rbckm9sxik,,ex_8irfqdzasiti,0.794,"attention,maxpool,meanpool",lstm,512,2,300,1,7,1,128,1004506748,5000,30000
66,training_3,tk_w3sia36jxiqv,,ex_8irfqdzasiti,0.8498,"maxpool,final_state,attention",lr,1024,2,512,1,5,2,128,1989894904,5000,30000
67,training_54,tk_o7mo9iudcf8s,,ex_8irfqdzasiti,0.8114,"meanpool,final_state",lstm,128,2,512,10,5,2,128,2294922467,5000,30000
68,training_43,tk_qdphli6tokye,,ex_8irfqdzasiti,0.8216,"maxpool,final_state",cnn,64,0,512,5,10,2,128,1004506748,5000,30000
69,training_31,tk_d0io6lmeetcu,,ex_8irfqdzasiti,0.8128,"meanpool,final_state,attention,maxpool",cnn,2048,5,300,10,10,2,128,4076792239,5000,30000
70,training_83,tk_ijx5n0ziy2bz,,ex_8irfqdzasiti,0.8198,meanpool,cnn,128,2,512,1,10,3,128,4076792239,5000,30000
71,training_42,tk_brh4qfxf675l,,ex_8irfqdzasiti,0.7944,maxpool,lstm,512,0,50,5,5,2,512,4076792239,5000,30000
72,training_97,tk_1kwlq2xyor97,,ex_8irfqdzasiti,0.8156,"final_state,attention,meanpool",cnn,2048,5,512,1,5,1,128,2002866410,5000,30000
73,training_17,tk_eiz3vzd3juw6,,ex_8irfqdzasiti,0.8258,"maxpool,attention",cnn,1024,5,300,1,7,3,512,2002866410,5000,30000
74,training_41,tk_knfbehlbhffg,,ex_8irfqdzasiti,0.8468,"attention,meanpool,maxpool,final_state",lr,64,0,512,1,5,3,128,4076792239,5000,30000
75,training_13,tk_ujenytjbo21h,,ex_8irfqdzasiti,0.8404,"maxpool,meanpool,attention",boe,128,2,300,5,10,3,156,2002866410,5000,30000
76,training_53,tk_78jnz4bdiv4t,,ex_8irfqdzasiti,0.8078,"final_state,attention,meanpool,maxpool",lstm,512,2,512,5,7,3,156,2294922467,5000,30000
77,training_52,tk_cbuf2st520tl,,ex_8irfqdzasiti,0.8108,"final_state,attention,meanpool,maxpool",lstm,1024,5,512,10,5,1,128,1989894904,5000,30000
78,training_24,tk_wec2bfl3blyy,,ex_8irfqdzasiti,0.7834,"final_state,meanpool",lstm,512,0,512,5,5,3,128,2002866410,5000,30000
79,training_70,tk_pbgeel1ubjgg,,ex_8irfqdzasiti,0.8302,attention,cnn,64,0,512,1,10,3,512,1989894904,5000,30000
80,training_9,tk_l4goaoiudvjn,,ex_8irfqdzasiti,0.7486,"meanpool,attention,final_state,maxpool",lstm,512,5,50,5,5,3,512,2002866410,5000,30000
81,training_2,tk_s8blr27egc2n,,ex_8irfqdzasiti,0.825,attention,cnn,2048,5,300,1,10,2,512,4076792239,5000,30000
82,training_45,tk_eyxmz0w0rzky,,ex_8irfqdzasiti,0.8358,"final_state,attention,meanpool",cnn,512,5,512,1,10,3,512,1989894904,5000,30000
83,training_64,tk_5tunyjs3x6sc,,ex_8irfqdzasiti,0.8504,final_state,lr,128,5,50,1,5,2,512,1989894904,5000,30000
84,training_95,tk_cuu35kvk4vjd,,ex_8irfqdzasiti,0.7876,attention,lstm,2048,0,128,5,10,1,512,1989894904,5000,30000
85,training_33,tk_lxwsjh0k20ik,,ex_8irfqdzasiti,0.8140000000000001,"meanpool,attention",cnn,64,2,300,10,7,1,512,2294922467,5000,30000
86,training_57,tk_lksvq6qx5dyt,,ex_8irfqdzasiti,0.7874,meanpool,lstm,64,2,512,1,5,1,156,2002866410,5000,30000
87,training_30,tk_ul3jwbvg5fd0,,ex_8irfqdzasiti,0.8272,"meanpool,attention",lstm,1024,0,512,10,10,2,156,1989894904,5000,30000
88,training_49,tk_4lmoxamfl8yj,,ex_8irfqdzasiti,0.8262,attention,boe,2048,0,512,10,5,2,512,1989894904,5000,30000
89,training_60,tk_dnd2xjuirclm,,ex_8irfqdzasiti,0.8176,"final_state,attention,maxpool",cnn,128,5,512,5,5,2,156,2294922467,5000,30000
90,training_91,tk_aw51pkqxewv6,,ex_8irfqdzasiti,0.8220000000000001,"maxpool,attention",lstm,1024,2,128,5,5,1,128,1989894904,5000,30000
91,training_73,tk_nnx69iyllbcr,,ex_8irfqdzasiti,0.8258,"maxpool,final_state",cnn,128,2,300,1,10,2,512,1989894904,5000,30000
92,training_63,tk_aadpokux0jqe,,ex_8irfqdzasiti,0.8374,maxpool,cnn,1024,0,512,1,5,1,512,1004506748,5000,30000
93,training_76,tk_pm6stmgiv3fb,,ex_8irfqdzasiti,0.8270000000000001,"meanpool,final_state,attention,maxpool",lstm,1024,0,300,10,7,1,156,1989894904,5000,30000
94,training_71,tk_tnwec0i270z2,,ex_8irfqdzasiti,0.8286,"attention,maxpool",cnn,1024,5,512,1,7,3,512,2002866410,5000,30000
95,training_74,tk_e6enpc1zs64n,,ex_8irfqdzasiti,0.8148,"maxpool,meanpool",lstm,2048,2,300,10,7,2,156,1004506748,5000,30000
96,training_58,tk_6c8eign2w4pf,,ex_8irfqdzasiti,0.8186,"meanpool,maxpool",lstm,1024,2,300,10,5,2,156,1989894904,5000,30000
97,training_35,tk_nv3p9ylo6eq1,,ex_8irfqdzasiti,0.8066,"meanpool,attention,final_state",lstm,1024,0,512,10,7,2,156,1989894904,5000,30000
98,training_8,tk_db28ymbb4myg,,ex_8irfqdzasiti,0.7396,final_state,lstm,1024,5,50,1,5,3,512,2294922467,5000,30000
99,training_59,tk_6uy35u1lbjgr,,ex_8irfqdzasiti,0.7706,"meanpool,final_state",lstm,2048,0,128,1,5,2,512,2294922467,5000,30000
